run_id,ticker,symbol,verdict,contract_type,strike_price,lots,total_shares,spot_entry,option_premium,spot_sl,spot_target,waterfall_score,position_value_inr,brokerage_fee_inr,total_cost_inr,executed_at,exit_price,exit_reason,realized_pnl_inr,realized_pnl_pct
RELIANCE_SCALP_CE_20260808_061737,RELIANCE.NS,RELIANCE,SCALP_CE,SCALP_CE,2500.0,10,10,522.0,50.0,514.17,537.66,8.5,500.0,20.0,22.0,2026-08-08T06:17:37.345944Z,,,,
RELIANCE_SCALP_CE_20260808_061737,RELIANCE.NS,RELIANCE,SCALP_CE,SCALP_CE,2500.0,1,1,123.0,100.0,121.16,126.69,8.2,100.0,20.0,23.0,2026-08-08T06:17:37.363061Z,,,,
RELIANCE_SCALP_CE_20260808_061854,RELIANCE.NS,RELIANCE,SCALP_CE,SCALP_CE,2500.0,1,250,2500.0,40.0,2462.5,2575.0,8.5,10000.0,20.0,43.76,2026-08-08T06:18:54.230187Z,0.5,eod_squareoff,-9898.76,-98.99
NIFTY_OPTION_CE_20260808_061854,^NSEI,NIFTY,BUY_CE,OPTION_CE,24000.0,2,50,24000.0,150.0,23640.0,24720.0,9.0,7500.0,20.0,81.97,2026-08-08T06:18:54.230888Z,613.29,eod_squareoff,23102.53,308.03
RELIANCE_1,RELIANCE.NS,RELIANCE,SCALP_CE,SCALP_CE,2500.0,1,250,12500.0,50.0,12000.0,13000.0,8.0,12500.0,20.0,43.76,2026-08-08T06:18:58.766633Z,0.5,sl_hit,-12398.76,-99.19
RELIANCE_1,RELIANCE.NS,RELIANCE,SCALP_CE,SCALP_CE,2500.0,1,250,12500.0,50.0,12000.0,13000.0,8.0,12500.0,20.0,43.76,2026-08-08T06:18:59.518066Z,0.5,eod_squareoff,-12398.76,-99.19
RELIANCE_1,RELIANCE.NS,RELIANCE,SCALP_CE,SCALP_CE,2500.0,1,250,12500.0,50.0,12000.0,13000.0,8.0,12500.0,20.0,43.76,2026-08-08T06:19:00.310587Z,0.5,sl_hit,-12398.76,-99.19
RELIANCE_CASH_BUY_20260808_061938,RELIANCE.NS,RELIANCE,CASH_BUY,EQUITY_CASH,0.0,1,56,1334.8,1334.8,1321.45,1354.82,8.5,74748.8,20.0,74768.8,2026-08-08T06:19:38.532322Z,,,,
ICICIBANK_CASH_SELL_20260808_061938,ICICIBANK.NS,ICICIBANK,CASH_SELL,EQUITY_CASH,0.0,1,52,1421.0,1421.0,1435.21,1399.68,2.2,73892.0,20.0,73912.0,2026-08-08T06:19:38.544314Z,,,,
TCS_CASH_BUY_20260808_061938,TCS.NS,TCS,CASH_BUY,EQUITY_CASH,0.0,1,30,2452.7,2452.7,2428.17,2489.49,8.5,73581.0,20.0,73601.0,2026-08-08T06:19:38.560678Z,,,,
BHARTIARTL_CASH_BUY_20260808_061938,BHARTIARTL.NS,BHARTIARTL,CASH_BUY,EQUITY_CASH,0.0,1,38,1959.9,1959.9,1940.3,1989.3,8.5,74476.2,20.0,74496.2,2026-08-08T06:19:38.567674Z,,,,
MARUTI_CASH_BUY_20260808_061938,MARUTI.NS,MARUTI,CASH_BUY,EQUITY_CASH,0.0,1,5,14037.0,14037.0,13896.63,14247.56,8.0,70185.0,20.0,70205.0,2026-08-08T06:19:38.593549Z,,,,
RELIANCE_1,RELIANCE.NS,RELIANCE,SCALP_CE,SCALP_CE,2500.0,1,250,12500.0,50.0,12000.0,13000.0,8.0,12500.0,20.0,43.76,2026-08-08T06:19:42.184786Z,0.5,sl_hit,-12398.76,-99.19
RELIANCE_1,RELIANCE.NS,RELIANCE,SCALP_CE,SCALP_CE,2500.0,1,250,12500.0,50.0,12000.0,13000.0,8.0,12500.0,20.0,43.76,2026-08-08T06:19:44.217575Z,0.5,eod_squareoff,-12398.76,-99.19
RELIANCE_1,RELIANCE.NS,RELIANCE,SCALP_CE,SCALP_CE,2500.0,1,250,12500.0,50.0,12000.0,13000.0,8.0,12500.0,20.0,43.76,2026-08-08T06:19:45.152197Z,0.5,sl_hit,-12398.76,-99.19
RELIANCE_SCALP_CE_20260808_061957,RELIANCE.NS,RELIANCE,SCALP_CE,SCALP_CE,1320.0,5,1250,1334.8,19.43,1314.78,1374.84,10.0,24287.5,20.0,38.81,2026-08-08T06:19:57.243770Z,,,,
HDFCBANK_SCALP_PE_20260808_061957,HDFCBANK.NS,HDFCBANK,SCALP_PE,SCALP_PE,740.0,3,1650,731.0,9.99,741.96,709.07,9.0,16483.5,20.0,33.93,2026-08-08T06:19:57.692447Z,,,,
ICICIBANK_SCALP_PE_20260808_061958,ICICIBANK.NS,ICICIBANK,SCALP_PE,SCALP_PE,1430.0,1,700,1421.0,13.59,1442.31,1378.37,9.0,9513.0,20.0,29.56,2026-08-08T06:19:58.168386Z,,,,
INFY_SCALP_CE_20260808_061958,INFY.NS,INFY,SCALP_CE,SCALP_CE,1160.0,2,800,1175.1,18.73,1157.47,1210.35,7.84,14984.0,20.0,32.99,2026-08-08T06:19:58.658771Z,,,,
TCS_SCALP_CE_20260808_061959,TCS.NS,TCS,SCALP_CE,SCALP_CE,2400.0,1,175,2452.7,57.3,2415.91,2526.28,10.0,10027.5,20.0,29.88,2026-08-08T06:19:59.069850Z,,,,
BHARTIARTL_SCALP_CE_20260808_062000,BHARTIARTL.NS,BHARTIARTL,SCALP_CE,SCALP_CE,1940.0,1,475,1959.9,27.15,1930.5,2018.7,10.0,12896.25,20.0,31.68,2026-08-08T06:20:00.346439Z,,,,
HINDALCO_SCALP_CE_20260808_062002,HINDALCO.NS,HINDALCO,SCALP_CE,SCALP_CE,1050.0,1,1400,1059.6,13.82,1043.71,1091.39,7.48,19348.0,20.0,35.72,2026-08-08T06:20:02.568138Z,,,,
TATASTEEL_SCALP_PE_20260808_062003,TATASTEEL.NS,TATASTEEL,SCALP_PE,SCALP_PE,190.0,1,5500,187.55,2.67,190.36,181.92,8.1,14685.0,20.0,32.8,2026-08-08T06:20:03.230264Z,,,,
BANKNIFTY_SCALP_PE_20260808_062010,^NSEBANK,BANKNIFTY,SCALP_PE,SCALP_PE,57800.0,1,15,57746.45,378.08,58612.65,56014.06,9.2,5671.2,20.0,27.15,2026-08-08T06:20:10.660229Z,,,,
RELIANCE_SCALP_CE_20260808_062011,RELIANCE.NS,RELIANCE,SCALP_CE,SCALP_CE,1320.0,1,250,1334.8,19.43,1314.78,1374.84,10.0,4857.5,20.0,26.64,2026-08-08T06:20:11.252300Z,,,,
RELIANCE_1,RELIANCE.NS,RELIANCE,SCALP_CE,SCALP_CE,2500.0,1,250,12500.0,50.0,12000.0,13000.0,8.0,12500.0,20.0,43.76,2026-08-08T06:20:16.043647Z,0.5,sl_hit,-12398.76,-99.19
RELIANCE_1,RELIANCE.NS,RELIANCE,SCALP_CE,SCALP_CE,2500.0,1,250,12500.0,50.0,12000.0,13000.0,8.0,12500.0,20.0,43.76,2026-08-08T06:20:18.178688Z,0.5,eod_squareoff,-12398.76,-99.19
RELIANCE_1,RELIANCE.NS,RELIANCE,SCALP_CE,SCALP_CE,2500.0,1,250,12500.0,50.0,12000.0,13000.0,8.0,12500.0,20.0,43.76,2026-08-08T06:20:19.142704Z,0.5,sl_hit,-12398.76,-99.19
RELIANCE_1,RELIANCE.NS,RELIANCE,SCALP_CE,SCALP_CE,2500.0,1,250,12500.0,50.0,12000.0,13000.0,8.0,12500.0,20.0,43.76,2026-08-08T06:20:40.060578Z,0.5,sl_hit,-12398.76,-99.19
RELIANCE_1,RELIANCE.NS,RELIANCE,SCALP_CE,SCALP_CE,2500.0,1,250,12500.0,50.0,12000.0,13000.0,8.0,12500.0,20.0,43.76,2026-08-08T06:20:41.943410Z,0.5,eod_squareoff,-12398.76,-99.19
RELIANCE_1,RELIANCE.NS,RELIANCE,SCALP_CE,SCALP_CE,2500.0,1,250,12500.0,50.0,12000.0,13000.0,8.0,12500.0,20.0,43.76,2026-08-08T06:20:43.066036Z,0.5,sl_hit,-12398.76,-99.19
RELIANCE_1,RELIANCE.NS,RELIANCE,SCALP_CE,SCALP_CE,2500.0,1,250,10000.0,40.0,9800.0,10500.0,8.0,10000.0,20.0,43.76,2026-08-08T06:21:22.943406Z,0.5,eod_squareoff,-9898.76,-98.99
NIFTY_SCALP_CE_20260808_062124,NIFTY,NIFTY,SCALP_CE,SCALP_CE,1000.0,1,100,1000.0,50.0,985.0,1030.0,8.5,5000.0,20.0,44.52,2026-08-08T06:21:24.988395Z,7.34,eod_squareoff,-4290.52,-85.81
RELIANCE_SCALP_CE_20260808_062124,RELIANCE,RELIANCE,SCALP_CE,SCALP_CE,1000.0,1,100,1000.0,50.0,985.0,1030.0,8.5,5000.0,20.0,44.52,2026-08-08T06:21:24.991393Z,7.34,eod_squareoff,-4290.52,-85.81
HDFCBANK_SCALP_CE_20260808_062124,HDFCBANK,HDFCBANK,SCALP_CE,SCALP_CE,1000.0,1,100,1000.0,50.0,985.0,1030.0,8.5,5000.0,20.0,44.52,2026-08-08T06:21:24.994391Z,7.34,eod_squareoff,-4290.52,-85.81
RELIANCE_1,RELIANCE.NS,RELIANCE,SCALP_CE,SCALP_CE,2500.0,1,250,12500.0,50.0,12000.0,13000.0,8.0,12500.0,20.0,43.76,2026-08-08T06:21:34.315548Z,0.5,sl_hit,-12398.76,-99.19
RELIANCE_1,RELIANCE.NS,RELIANCE,SCALP_CE,SCALP_CE,2500.0,1,250,12500.0,50.0,12000.0,13000.0,8.0,12500.0,20.0,43.76,2026-08-08T06:21:35.181532Z,0.5,eod_squareoff,-12398.76,-99.19
RELIANCE_1,RELIANCE.NS,RELIANCE,SCALP_CE,SCALP_CE,2500.0,1,250,12500.0,50.0,12000.0,13000.0,8.0,12500.0,20.0,43.76,2026-08-08T06:21:36.251904Z,0.5,sl_hit,-12398.76,-99.19
RELIANCE_1,RELIANCE.NS,RELIANCE,SCALP_CE,SCALP_CE,2500.0,1,250,10000.0,40.0,9800.0,10500.0,8.0,10000.0,20.0,43.76,2026-08-08T06:21:41.931198Z,0.5,eod_squareoff,-9898.76,-98.99
NIFTY_SCALP_CE_20260808_062144,NIFTY,NIFTY,SCALP_CE,SCALP_CE,1000.0,1,100,1000.0,50.0,985.0,1030.0,8.5,5000.0,20.0,44.52,2026-08-08T06:21:44.161215Z,7.34,eod_squareoff,-4290.52,-85.81
RELIANCE_SCALP_CE_20260808_062144,RELIANCE,RELIANCE,SCALP_CE,SCALP_CE,1000.0,1,100,1000.0,50.0,985.0,1030.0,8.5,5000.0,20.0,44.52,2026-08-08T06:21:44.164213Z,7.34,eod_squareoff,-4290.52,-85.81
NIFTY_OPTION_CE_20260808_062153,^NSEI,NIFTY,BUY_CE,OPTION_CE,24200.0,2,50,24210.5,145.0,23847.34,24936.82,8.5,7250.0,20.0,24.5,2026-08-08T06:21:53.871026Z,,,,
HDFCBANK_SCALP_CE_20260808_062144,HDFCBANK,HDFCBANK,SCALP_CE,SCALP_CE,1000.0,1,100,1000.0,50.0,985.0,1030.0,8.5,5000.0,20.0,44.52,2026-08-08T06:21:44.171211Z,7.34,eod_squareoff,-4290.52,-85.81
NIFTY_OPTION_CE_20260808_062153,^NSEI,NIFTY,BUY_CE,OPTION_CE,24200.0,2,50,24210.5,145.0,23847.34,24936.82,8.5,7250.0,20.0,99.31,2026-08-08T06:21:53.867974Z,890.37,target_hit,37189.19,512.95
RELIANCE_1,RELIANCE.NS,RELIANCE,SCALP_CE,SCALP_CE,2500.0,1,250,12500.0,50.0,12000.0,13000.0,8.0,12500.0,20.0,43.76,2026-08-08T06:21:54.135836Z,0.5,sl_hit,-12398.76,-99.19
RELIANCE_1,RELIANCE.NS,RELIANCE,SCALP_CE,SCALP_CE,2500.0,1,250,12500.0,50.0,12000.0,13000.0,8.0,12500.0,20.0,43.76,2026-08-08T06:21:55.442761Z,0.5,eod_squareoff,-12398.76,-99.19
RELIANCE_1,RELIANCE.NS,RELIANCE,SCALP_CE,SCALP_CE,2500.0,1,250,12500.0,50.0,12000.0,13000.0,8.0,12500.0,20.0,43.76,2026-08-08T06:21:56.446947Z,0.5,sl_hit,-12398.76,-99.19
RELIANCE_1,RELIANCE.NS,RELIANCE,SCALP_CE,SCALP_CE,2500.0,1,250,10000.0,40.0,9800.0,10500.0,8.0,10000.0,20.0,43.76,2026-08-08T06:22:03.504695Z,0.5,eod_squareoff,-9898.76,-98.99
NIFTY_SCALP_CE_20260808_062205,NIFTY,NIFTY,SCALP_CE,SCALP_CE,1000.0,1,100,1000.0,50.0,985.0,1030.0,8.5,5000.0,20.0,44.52,2026-08-08T06:22:05.635179Z,7.34,eod_squareoff,-4290.52,-85.81
RELIANCE_SCALP_CE_20260808_062205,RELIANCE,RELIANCE,SCALP_CE,SCALP_CE,1000.0,1,100,1000.0,50.0,985.0,1030.0,8.5,5000.0,20.0,44.52,2026-08-08T06:22:05.637369Z,7.34,eod_squareoff,-4290.52,-85.81
HDFCBANK_SCALP_CE_20260808_062205,HDFCBANK,HDFCBANK,SCALP_CE,SCALP_CE,1000.0,1,100,1000.0,50.0,985.0,1030.0,8.5,5000.0,20.0,44.52,2026-08-08T06:22:05.639755Z,7.34,eod_squareoff,-4290.52,-85.81
RELIANCE_1,RELIANCE.NS,RELIANCE,SCALP_CE,SCALP_CE,2500.0,1,250,12500.0,50.0,12000.0,13000.0,8.0,12500.0,20.0,43.76,2026-08-08T06:22:14.929073Z,0.5,sl_hit,-12398.76,-99.19
RELIANCE_1,RELIANCE.NS,RELIANCE,SCALP_CE,SCALP_CE,2500.0,1,250,12500.0,50.0,12000.0,13000.0,8.0,12500.0,20.0,43.76,2026-08-08T06:22:15.891472Z,0.5,eod_squareoff,-12398.76,-99.19
RELIANCE_1,RELIANCE.NS,RELIANCE,SCALP_CE,SCALP_CE,2500.0,1,250,12500.0,50.0,12000.0,13000.0,8.0,12500.0,20.0,43.76,2026-08-08T06:22:16.796863Z,0.5,sl_hit,-12398.76,-99.19
RELIANCE_1,RELIANCE.NS,RELIANCE,SCALP_CE,SCALP_CE,2500.0,1,250,12500.0,50.0,12000.0,13000.0,8.0,12500.0,20.0,43.76,2026-08-08T06:22:25.924197Z,0.5,sl_hit,-12398.76,-99.19
RELIANCE_1,RELIANCE.NS,RELIANCE,SCALP_CE,SCALP_CE,2500.0,1,250,12500.0,50.0,12000.0,13000.0,8.0,12500.0,20.0,43.76,2026-08-08T06:22:27.418166Z,0.5,eod_squareoff,-12398.76,-99.19
RELIANCE_1,RELIANCE.NS,RELIANCE,SCALP_CE,SCALP_CE,2500.0,1,250,12500.0,50.0,12000.0,13000.0,8.0,12500.0,20.0,43.76,2026-08-08T06:22:28.166351Z,0.5,sl_hit,-12398.76,-99.19
RELIANCE_1,RELIANCE.NS,RELIANCE,SCALP_CE,SCALP_CE,2500.0,1,250,10000.0,40.0,9800.0,10500.0,8.0,10000.0,20.0,43.76,2026-08-08T06:23:27.206487Z,0.5,eod_squareoff,-9898.76,-98.99
NIFTY_SCALP_CE_20260808_062330,NIFTY,NIFTY,SCALP_CE,SCALP_CE,1000.0,1,100,1000.0,50.0,985.0,1030.0,8.5,5000.0,20.0,44.52,2026-08-08T06:23:30.986421Z,7.34,eod_squareoff,-4290.52,-85.81
RELIANCE_SCALP_CE_20260808_062330,RELIANCE,RELIANCE,SCALP_CE,SCALP_CE,1000.0,1,100,1000.0,50.0,985.0,1030.0,8.5,5000.0,20.0,44.52,2026-08-08T06:23:30.988419Z,7.34,eod_squareoff,-4290.52,-85.81
HDFCBANK_SCALP_CE_20260808_062330,HDFCBANK,HDFCBANK,SCALP_CE,SCALP_CE,1000.0,1,100,1000.0,50.0,985.0,1030.0,8.5,5000.0,20.0,44.52,2026-08-08T06:23:30.989418Z,7.34,eod_squareoff,-4290.52,-85.81
RELIANCE_1,RELIANCE.NS,RELIANCE,SCALP_CE,SCALP_CE,2500.0,1,250,12500.0,50.0,12000.0,13000.0,8.0,12500.0,20.0,43.76,2026-08-08T06:23:43.171071Z,0.5,sl_hit,-12398.76,-99.19
RELIANCE_1,RELIANCE.NS,RELIANCE,SCALP_CE,SCALP_CE,2500.0,1,250,12500.0,50.0,12000.0,13000.0,8.0,12500.0,20.0,43.76,2026-08-08T06:23:44.225779Z,0.5,eod_squareoff,-12398.76,-99.19
RELIANCE_1,RELIANCE.NS,RELIANCE,SCALP_CE,SCALP_CE,2500.0,1,250,10000.0,40.0,9800.0,10500.0,8.0,10000.0,20.0,43.76,2026-08-08T06:23:53.678639Z,0.5,eod_squareoff,-9898.76,-98.99
NIFTY_OPTION_CE_20260808_062356,^NSEI,NIFTY,BUY_CE,OPTION_CE,24200.0,2,50,24210.5,145.0,23847.34,24936.82,8.5,7250.0,20.0,24.5,2026-08-08T06:23:56.636671Z,,,,
NIFTY_OPTION_CE_20260808_062356,^NSEI,NIFTY,BUY_CE,OPTION_CE,24200.0,2,50,24210.5,145.0,23847.34,24936.82,8.5,7250.0,20.0,99.31,2026-08-08T06:23:56.633673Z,890.37,target_hit,37189.19,512.95
ORDER_0,POS_0.NS,POS_0,OPTION_CE,OPTION_CE,1000.0,1,50,1000.0,50.0,980.0,1050.0,8.0,2500.0,20.0,43.63,2026-08-08T06:23:59.305171Z,0.5,sl_hit,-2498.63,-99.95
ORDER_1,POS_1.NS,POS_1,OPTION_CE,OPTION_CE,1000.0,1,50,1000.0,50.0,980.0,1050.0,8.0,2500.0,20.0,43.63,2026-08-08T06:23:59.305171Z,0.5,sl_hit,-2498.63,-99.95
ORDER_2,POS_2.NS,POS_2,OPTION_CE,OPTION_CE,1000.0,1,50,1000.0,50.0,980.0,1050.0,8.0,2500.0,20.0,43.63,2026-08-08T06:23:59.305171Z,0.5,sl_hit,-2498.63,-99.95
ORDER_3,POS_3.NS,POS_3,OPTION_CE,OPTION_CE,1000.0,1,50,1000.0,50.0,980.0,1050.0,8.0,2500.0,20.0,43.63,2026-08-08T06:23:59.305171Z,0.5,sl_hit,-2498.63,-99.95
ORDER_4,POS_4.NS,POS_4,OPTION_CE,OPTION_CE,1000.0,1,50,1000.0,50.0,980.0,1050.0,8.0,2500.0,20.0,43.63,2026-08-08T06:23:59.305171Z,0.5,sl_hit,-2498.63,-99.95
ORDER_5,POS_5.NS,POS_5,OPTION_CE,OPTION_CE,1000.0,1,50,1000.0,50.0,980.0,1050.0,8.0,2500.0,20.0,43.63,2026-08-08T06:23:59.305171Z,0.5,sl_hit,-2498.63,-99.95
ORDER_6,POS_6.NS,POS_6,OPTION_CE,OPTION_CE,1000.0,1,50,1000.0,50.0,980.0,1050.0,8.0,2500.0,20.0,43.63,2026-08-08T06:23:59.305171Z,0.5,sl_hit,-2498.63,-99.95
ORDER_7,POS_7.NS,POS_7,OPTION_CE,OPTION_CE,1000.0,1,50,1000.0,50.0,980.0,1050.0,8.0,2500.0,20.0,43.63,2026-08-08T06:23:59.305171Z,0.5,sl_hit,-2498.63,-99.95
ORDER_8,POS_8.NS,POS_8,OPTION_CE,OPTION_CE,1000.0,1,50,1000.0,50.0,980.0,1050.0,8.0,2500.0,20.0,43.63,2026-08-08T06:23:59.305171Z,0.5,sl_hit,-2498.63,-99.95
ORDER_9,POS_9.NS,POS_9,OPTION_CE,OPTION_CE,1000.0,1,50,1000.0,50.0,980.0,1050.0,8.0,2500.0,20.0,43.63,2026-08-08T06:23:59.305171Z,0.5,sl_hit,-2498.63,-99.95
ORDER_10,POS_10.NS,POS_10,OPTION_CE,OPTION_CE,1000.0,1,50,1000.0,50.0,980.0,1050.0,8.0,2500.0,20.0,43.63,2026-08-08T06:23:59.305171Z,0.5,sl_hit,-2498.63,-99.95
ORDER_11,POS_11.NS,POS_11,OPTION_CE,OPTION_CE,1000.0,1,50,1000.0,50.0,980.0,1050.0,8.0,2500.0,20.0,43.63,2026-08-08T06:23:59.305171Z,0.5,sl_hit,-2498.63,-99.95
ORDER_12,POS_12.NS,POS_12,OPTION_CE,OPTION_CE,1000.0,1,50,1000.0,50.0,980.0,1050.0,8.0,2500.0,20.0,43.63,2026-08-08T06:23:59.305171Z,0.5,sl_hit,-2498.63,-99.95
RELIANCE_CASH_BUY_20260808_062404,RELIANCE.NS,RELIANCE,CASH_BUY,EQUITY_CASH,0.0,1,60,1334.8,1334.8,1321.45,1354.82,8.5,80088.0,20.0,80108.0,2026-08-08T06:24:04.450351Z,,,,
ICICIBANK_CASH_SELL_20260808_062404,ICICIBANK.NS,ICICIBANK,CASH_SELL,EQUITY_CASH,0.0,1,56,1421.0,1421.0,1435.21,1399.68,2.2,79576.0,20.0,79596.0,2026-08-08T06:24:04.455859Z,,,,
TCS_CASH_BUY_20260808_062404,TCS.NS,TCS,CASH_BUY,EQUITY_CASH,0.0,1,32,2452.7,2452.7,2428.17,2489.49,8.5,78486.4,20.0,78506.4,2026-08-08T06:24:04.468364Z,,,,
BHARTIARTL_CASH_BUY_20260808_062404,BHARTIARTL.NS,BHARTIARTL,CASH_BUY,EQUITY_CASH,0.0,1,41,1959.9,1959.9,1940.3,1989.3,8.5,80355.9,20.0,80375.9,2026-08-08T06:24:04.480357Z,,,,
MARUTI_CASH_BUY_20260808_062404,MARUTI.NS,MARUTI,CASH_BUY,EQUITY_CASH,0.0,1,5,14037.0,14037.0,13896.63,14247.56,8.0,70185.0,20.0,70205.0,2026-08-08T06:24:04.495861Z,,,,
ORDER_13,POS_13.NS,POS_13,OPTION_CE,OPTION_CE,1000.0,1,50,1000.0,50.0,980.0,1050.0,8.0,2500.0,20.0,43.63,2026-08-08T06:23:59.305171Z,0.5,sl_hit,-2498.63,-99.95
ORDER_14,POS_14.NS,POS_14,OPTION_CE,OPTION_CE,1000.0,1,50,1000.0,50.0,980.0,1050.0,8.0,2500.0,20.0,43.63,2026-08-08T06:23:59.305171Z,0.5,sl_hit,-2498.63,-99.95
ORDER_15,POS_15.NS,POS_15,OPTION_CE,OPTION_CE,1000.0,1,50,1000.0,50.0,980.0,1050.0,8.0,2500.0,20.0,43.63,2026-08-08T06:23:59.305171Z,0.5,sl_hit,-2498.63,-99.95
ORDER_16,POS_16.NS,POS_16,OPTION_CE,OPTION_CE,1000.0,1,50,1000.0,50.0,980.0,1050.0,8.0,2500.0,20.0,43.63,2026-08-08T06:23:59.305171Z,0.5,sl_hit,-2498.63,-99.95
ORDER_17,POS_17.NS,POS_17,OPTION_CE,OPTION_CE,1000.0,1,50,1000.0,50.0,980.0,1050.0,8.0,2500.0,20.0,43.63,2026-08-08T06:23:59.305171Z,0.5,sl_hit,-2498.63,-99.95
ORDER_18,POS_18.NS,POS_18,OPTION_CE,OPTION_CE,1000.0,1,50,1000.0,50.0,980.0,1050.0,8.0,2500.0,20.0,43.63,2026-08-08T06:23:59.305171Z,0.5,sl_hit,-2498.63,-99.95
ORDER_19,POS_19.NS,POS_19,OPTION_CE,OPTION_CE,1000.0,1,50,1000.0,50.0,980.0,1050.0,8.0,2500.0,20.0,43.63,2026-08-08T06:23:59.305171Z,0.5,sl_hit,-2498.63,-99.95
NIFTY_SCALP_CE_20260808_062403,NIFTY,NIFTY,SCALP_CE,SCALP_CE,1000.0,1,100,1000.0,50.0,985.0,1030.0,8.5,5000.0,20.0,44.52,2026-08-08T06:24:03.018739Z,7.34,eod_squareoff,-4290.52,-85.81
ORDER_20,POS_20.NS,POS_20,OPTION_CE,OPTION_CE,1000.0,1,50,1000.0,50.0,980.0,1050.0,8.0,2500.0,20.0,43.63,2026-08-08T06:23:59.305171Z,0.5,sl_hit,-2498.63,-99.95
ORDER_21,POS_21.NS,POS_21,OPTION_CE,OPTION_CE,1000.0,1,50,1000.0,50.0,980.0,1050.0,8.0,2500.0,20.0,43.63,2026-08-08T06:23:59.305171Z,0.5,sl_hit,-2498.63,-99.95
ORDER_22,POS_22.NS,POS_22,OPTION_CE,OPTION_CE,1000.0,1,50,1000.0,50.0,980.0,1050.0,8.0,2500.0,20.0,43.63,2026-08-08T06:23:59.305171Z,0.5,sl_hit,-2498.63,-99.95
ORDER_23,POS_23.NS,POS_23,OPTION_CE,OPTION_CE,1000.0,1,50,1000.0,50.0,980.0,1050.0,8.0,2500.0,20.0,43.63,2026-08-08T06:23:59.305171Z,0.5,sl_hit,-2498.63,-99.95
ORDER_24,POS_24.NS,POS_24,OPTION_CE,OPTION_CE,1000.0,1,50,1000.0,50.0,980.0,1050.0,8.0,2500.0,20.0,43.63,2026-08-08T06:23:59.305171Z,0.5,sl_hit,-2498.63,-99.95
ORDER_25,POS_25.NS,POS_25,OPTION_CE,OPTION_CE,1000.0,1,50,1000.0,50.0,980.0,1050.0,8.0,2500.0,20.0,43.63,2026-08-08T06:23:59.305171Z,0.5,sl_hit,-2498.63,-99.95
ORDER_26,POS_26.NS,POS_26,OPTION_CE,OPTION_CE,1000.0,1,50,1000.0,50.0,980.0,1050.0,8.0,2500.0,20.0,43.63,2026-08-08T06:23:59.305171Z,0.5,sl_hit,-2498.63,-99.95
RELIANCE_SCALP_CE_20260808_062403,RELIANCE,RELIANCE,SCALP_CE,SCALP_CE,1000.0,1,100,1000.0,50.0,985.0,1030.0,8.5,5000.0,20.0,44.52,2026-08-08T06:24:03.021294Z,7.34,eod_squareoff,-4290.52,-85.81
ORDER_27,POS_27.NS,POS_27,OPTION_CE,OPTION_CE,1000.0,1,50,1000.0,50.0,980.0,1050.0,8.0,2500.0,20.0,43.63,2026-08-08T06:23:59.305171Z,0.5,sl_hit,-2498.63,-99.95
ORDER_28,POS_28.NS,POS_28,OPTION_CE,OPTION_CE,1000.0,1,50,1000.0,50.0,980.0,1050.0,8.0,2500.0,20.0,43.63,2026-08-08T06:23:59.305171Z,0.5,sl_hit,-2498.63,-99.95
ORDER_29,POS_29.NS,POS_29,OPTION_CE,OPTION_CE,1000.0,1,50,1000.0,50.0,980.0,1050.0,8.0,2500.0,20.0,43.63,2026-08-08T06:23:59.305171Z,0.5,sl_hit,-2498.63,-99.95
ORDER_30,POS_30.NS,POS_30,OPTION_CE,OPTION_CE,1000.0,1,50,1000.0,50.0,980.0,1050.0,8.0,2500.0,20.0,43.63,2026-08-08T06:23:59.305171Z,0.5,sl_hit,-2498.63,-99.95
ORDER_31,POS_31.NS,POS_31,OPTION_CE,OPTION_CE,1000.0,1,50,1000.0,50.0,980.0,1050.0,8.0,2500.0,20.0,43.63,2026-08-08T06:23:59.305171Z,0.5,sl_hit,-2498.63,-99.95
ORDER_32,POS_32.NS,POS_32,OPTION_CE,OPTION_CE,1000.0,1,50,1000.0,50.0,980.0,1050.0,8.0,2500.0,20.0,43.63,2026-08-08T06:23:59.305171Z,0.5,sl_hit,-2498.63,-99.95
ORDER_33,POS_33.NS,POS_33,OPTION_CE,OPTION_CE,1000.0,1,50,1000.0,50.0,980.0,1050.0,8.0,2500.0,20.0,43.63,2026-08-08T06:23:59.305171Z,0.5,sl_hit,-2498.63,-99.95
ORDER_34,POS_34.NS,POS_34,OPTION_CE,OPTION_CE,1000.0,1,50,1000.0,50.0,980.0,1050.0,8.0,2500.0,20.0,43.63,2026-08-08T06:23:59.305171Z,0.5,sl_hit,-2498.63,-99.95
HDFCBANK_SCALP_CE_20260808_062403,HDFCBANK,HDFCBANK,SCALP_CE,SCALP_CE,1000.0,1,100,1000.0,50.0,985.0,1030.0,8.5,5000.0,20.0,44.52,2026-08-08T06:24:03.023446Z,7.34,eod_squareoff,-4290.52,-85.81
ORDER_35,POS_35.NS,POS_35,OPTION_CE,OPTION_CE,1000.0,1,50,1000.0,50.0,980.0,1050.0,8.0,2500.0,20.0,43.63,2026-08-08T06:23:59.305171Z,0.5,sl_hit,-2498.63,-99.95
RELIANCE_1,RELIANCE.NS,RELIANCE,SCALP_CE,SCALP_CE,2500.0,1,250,12500.0,50.0,12000.0,13000.0,8.0,12500.0,20.0,43.76,2026-08-08T06:24:13.717631Z,0.5,sl_hit,-12398.76,-99.19
ORDER_36,POS_36.NS,POS_36,OPTION_CE,OPTION_CE,1000.0,1,50,1000.0,50.0,980.0,1050.0,8.0,2500.0,20.0,43.63,2026-08-08T06:23:59.305171Z,0.5,sl_hit,-2498.63,-99.95
ORDER_37,POS_37.NS,POS_37,OPTION_CE,OPTION_CE,1000.0,1,50,1000.0,50.0,980.0,1050.0,8.0,2500.0,20.0,43.63,2026-08-08T06:23:59.305171Z,0.5,sl_hit,-2498.63,-99.95
RELIANCE_1,RELIANCE.NS,RELIANCE,SCALP_CE,SCALP_CE,2500.0,1,250,12500.0,50.0,12000.0,13000.0,8.0,12500.0,20.0,43.76,2026-08-08T06:24:14.894932Z,0.5,eod_squareoff,-12398.76,-99.19
ORDER_38,POS_38.NS,POS_38,OPTION_CE,OPTION_CE,1000.0,1,50,1000.0,50.0,980.0,1050.0,8.0,2500.0,20.0,43.63,2026-08-08T06:23:59.305171Z,0.5,sl_hit,-2498.63,-99.95
ORDER_39,POS_39.NS,POS_39,OPTION_CE,OPTION_CE,1000.0,1,50,1000.0,50.0,980.0,1050.0,8.0,2500.0,20.0,43.63,2026-08-08T06:23:59.305171Z,0.5,sl_hit,-2498.63,-99.95
ORDER_40,POS_40.NS,POS_40,OPTION_CE,OPTION_CE,1000.0,1,50,1000.0,50.0,980.0,1050.0,8.0,2500.0,20.0,43.63,2026-08-08T06:23:59.305171Z,0.5,sl_hit,-2498.63,-99.95
ORDER_41,POS_41.NS,POS_41,OPTION_CE,OPTION_CE,1000.0,1,50,1000.0,50.0,980.0,1050.0,8.0,2500.0,20.0,43.63,2026-08-08T06:23:59.305171Z,0.5,sl_hit,-2498.63,-99.95
ORDER_42,POS_42.NS,POS_42,OPTION_CE,OPTION_CE,1000.0,1,50,1000.0,50.0,980.0,1050.0,8.0,2500.0,20.0,43.63,2026-08-08T06:23:59.305171Z,0.5,sl_hit,-2498.63,-99.95
ORDER_43,POS_43.NS,POS_43,OPTION_CE,OPTION_CE,1000.0,1,50,1000.0,50.0,980.0,1050.0,8.0,2500.0,20.0,43.63,2026-08-08T06:23:59.305171Z,0.5,sl_hit,-2498.63,-99.95
ORDER_44,POS_44.NS,POS_44,OPTION_CE,OPTION_CE,1000.0,1,50,1000.0,50.0,980.0,1050.0,8.0,2500.0,20.0,43.63,2026-08-08T06:23:59.305171Z,0.5,sl_hit,-2498.63,-99.95
ORDER_45,POS_45.NS,POS_45,OPTION_CE,OPTION_CE,1000.0,1,50,1000.0,50.0,980.0,1050.0,8.0,2500.0,20.0,43.63,2026-08-08T06:23:59.305171Z,0.5,sl_hit,-2498.63,-99.95
NIFTY_OPTION_CE_20260808_062419,^NSEI,NIFTY,BUY_CE,OPTION_CE,24000.0,1,50,24000.0,200.0,23640.0,24720.0,8.5,10000.0,20.0,26.25,2026-08-08T06:24:19.067043Z,,,,
ORDER_46,POS_46.NS,POS_46,OPTION_CE,OPTION_CE,1000.0,1,50,1000.0,50.0,980.0,1050.0,8.0,2500.0,20.0,43.63,2026-08-08T06:23:59.305171Z,0.5,sl_hit,-2498.63,-99.95
ORDER_47,POS_47.NS,POS_47,OPTION_CE,OPTION_CE,1000.0,1,50,1000.0,50.0,980.0,1050.0,8.0,2500.0,20.0,43.63,2026-08-08T06:23:59.305171Z,0.5,sl_hit,-2498.63,-99.95
ORDER_48,POS_48.NS,POS_48,OPTION_CE,OPTION_CE,1000.0,1,50,1000.0,50.0,980.0,1050.0,8.0,2500.0,20.0,43.63,2026-08-08T06:23:59.305171Z,0.5,sl_hit,-2498.63,-99.95
ORDER_49,POS_49.NS,POS_49,OPTION_CE,OPTION_CE,1000.0,1,50,1000.0,50.0,980.0,1050.0,8.0,2500.0,20.0,43.63,2026-08-08T06:23:59.305171Z,0.5,sl_hit,-2498.63,-99.95
NIFTY_OPTION_CE_20260808_062419,^NSEI,NIFTY,BUY_CE,OPTION_CE,24000.0,1,50,24000.0,200.0,23640.0,24720.0,8.5,10000.0,20.0,92.68,2026-08-08T06:24:19.063047Z,784.37,target_hit,29145.82,291.46
NIFTY_OPTION_CE_20260808_062420,^NSEI,NIFTY,BUY_CE,OPTION_CE,24000.0,1,50,24000.0,200.0,23640.0,24720.0,8.5,10000.0,20.0,26.25,2026-08-08T06:24:20.694983Z,,,,
NIFTY_OPTION_CE_20260808_062420,^NSEI,NIFTY,BUY_CE,OPTION_CE,24000.0,1,50,24000.0,200.0,23640.0,24720.0,8.5,10000.0,20.0,45.06,2026-08-08T06:24:20.687987Z,23.41,sl_hit,-8854.56,-88.55
NIFTY_OPTION_PE_20260808_062421,^NSEI,NIFTY,BUY_PE,OPTION_PE,24000.0,1,50,24000.0,200.0,24360.0,23280.0,8.5,10000.0,20.0,26.25,2026-08-08T06:24:21.203808Z,,,,
NIFTY_OPTION_PE_20260808_062421,^NSEI,NIFTY,BUY_PE,OPTION_PE,24000.0,1,50,24000.0,200.0,24360.0,23280.0,8.5,10000.0,20.0,92.03,2026-08-08T06:24:21.194813Z,774.02,target_hit,28628.97,286.29
RELIANCE_SCALP_CE_20260808_062424,RELIANCE.NS,RELIANCE,SCALP_CE,SCALP_CE,1320.0,6,1500,1334.8,19.43,1314.78,1374.84,10.0,29145.0,20.0,41.86,2026-08-08T06:24:24.572731Z,,,,
HDFCBANK_SCALP_PE_20260808_062425,HDFCBANK.NS,HDFCBANK,SCALP_PE,SCALP_PE,740.0,4,2200,731.0,9.99,741.96,709.07,9.0,21978.0,20.0,37.37,2026-08-08T06:24:25.111844Z,,,,
ICICIBANK_SCALP_PE_20260808_062425,ICICIBANK.NS,ICICIBANK,SCALP_PE,SCALP_PE,1430.0,2,1400,1421.0,13.59,1442.31,1378.37,9.0,19026.0,20.0,35.52,2026-08-08T06:24:25.605990Z,,,,
INFY_SCALP_CE_20260808_062426,INFY.NS,INFY,SCALP_CE,SCALP_CE,1160.0,2,800,1175.1,18.73,1157.47,1210.35,7.84,14984.0,20.0,32.99,2026-08-08T06:24:26.103223Z,,,,
TCS_SCALP_CE_20260808_062426,TCS.NS,TCS,SCALP_CE,SCALP_CE,2400.0,1,175,2452.7,57.3,2415.91,2526.28,10.0,10027.5,20.0,29.88,2026-08-08T06:24:26.736918Z,,,,
BHARTIARTL_SCALP_CE_20260808_062427,BHARTIARTL.NS,BHARTIARTL,SCALP_CE,SCALP_CE,1940.0,1,475,1959.9,27.15,1930.5,2018.7,10.0,12896.25,20.0,31.68,2026-08-08T06:24:27.731141Z,,,,
HINDALCO_SCALP_CE_20260808_062429,HINDALCO.NS,HINDALCO,SCALP_CE,SCALP_CE,1050.0,1,1400,1059.6,13.82,1043.71,1091.39,7.48,19348.0,20.0,35.72,2026-08-08T06:24:29.223321Z,,,,
TATASTEEL_SCALP_PE_20260808_062429,TATASTEEL.NS,TATASTEEL,SCALP_PE,SCALP_PE,190.0,1,5500,187.55,2.67,190.36,181.92,8.1,14685.0,20.0,32.8,2026-08-08T06:24:29.783861Z,,,,
BANKNIFTY_SCALP_PE_20260808_062437,^NSEBANK,BANKNIFTY,SCALP_PE,SCALP_PE,57800.0,1,15,57746.45,378.08,58612.65,56014.06,9.2,5671.2,20.0,27.15,2026-08-08T06:24:37.145460Z,,,,
NIFTY_OPTION_CE_20260808_062444,^NSEI,NIFTY,BUY_CE,OPTION_CE,24200.0,2,50,24210.5,145.0,23847.34,24936.82,8.5,7250.0,20.0,24.5,2026-08-08T06:24:44.046454Z,,,,
NIFTY_OPTION_CE_20260808_062444,^NSEI,NIFTY,BUY_CE,OPTION_CE,24200.0,2,50,24210.5,145.0,23847.34,24936.82,8.5,7250.0,20.0,99.31,2026-08-08T06:24:44.034730Z,890.37,target_hit,37189.19,512.95
RELIANCE_SCALP_CE_20260808_062500,RELIANCE.NS,RELIANCE,SCALP_CE,SCALP_CE,1320.0,1,250,1334.8,19.43,1314.78,1374.84,10.0,4857.5,20.0,26.64,2026-08-08T06:25:00.170085Z,,,,
HDFCBANK_SCALP_PE_20260808_062500,HDFCBANK.NS,HDFCBANK,SCALP_PE,SCALP_PE,740.0,1,550,731.0,9.99,741.96,709.07,9.0,5494.5,20.0,27.04,2026-08-08T06:25:00.801214Z,,,,
ICICIBANK_SCALP_PE_20260808_062501,ICICIBANK.NS,ICICIBANK,SCALP_PE,SCALP_PE,1430.0,1,700,1421.0,13.59,1442.31,1378.37,9.0,9513.0,20.0,29.56,2026-08-08T06:25:01.612667Z,,,,
INFY_SCALP_CE_20260808_062502,INFY.NS,INFY,SCALP_CE,SCALP_CE,1160.0,1,400,1175.1,18.73,1157.47,1210.35,7.84,7492.0,20.0,28.29,2026-08-08T06:25:02.545117Z,,,,
TCS_SCALP_CE_20260808_062503,TCS.NS,TCS,SCALP_CE,SCALP_CE,2400.0,1,175,2452.7,57.3,2415.91,2526.28,10.0,10027.5,20.0,29.88,2026-08-08T06:25:03.205178Z,,,,
ORDER_0,POS_0.NS,POS_0,OPTION_CE,OPTION_CE,1000.0,1,50,1000.0,50.0,980.0,1050.0,8.0,2500.0,20.0,43.63,2026-08-08T06:25:08.771512Z,0.5,sl_hit,-2498.63,-99.95
ORDER_1,POS_1.NS,POS_1,OPTION_CE,OPTION_CE,1000.0,1,50,1000.0,50.0,980.0,1050.0,8.0,2500.0,20.0,43.63,2026-08-08T06:25:08.771512Z,0.5,sl_hit,-2498.63,-99.95
ORDER_2,POS_2.NS,POS_2,OPTION_CE,OPTION_CE,1000.0,1,50,1000.0,50.0,980.0,1050.0,8.0,2500.0,20.0,43.63,2026-08-08T06:25:08.771512Z,0.5,sl_hit,-2498.63,-99.95
ORDER_3,POS_3.NS,POS_3,OPTION_CE,OPTION_CE,1000.0,1,50,1000.0,50.0,980.0,1050.0,8.0,2500.0,20.0,43.63,2026-08-08T06:25:08.771512Z,0.5,sl_hit,-2498.63,-99.95
ORDER_4,POS_4.NS,POS_4,OPTION_CE,OPTION_CE,1000.0,1,50,1000.0,50.0,980.0,1050.0,8.0,2500.0,20.0,43.63,2026-08-08T06:25:08.771512Z,0.5,sl_hit,-2498.63,-99.95
ORDER_5,POS_5.NS,POS_5,OPTION_CE,OPTION_CE,1000.0,1,50,1000.0,50.0,980.0,1050.0,8.0,2500.0,20.0,43.63,2026-08-08T06:25:08.771512Z,0.5,sl_hit,-2498.63,-99.95
ORDER_6,POS_6.NS,POS_6,OPTION_CE,OPTION_CE,1000.0,1,50,1000.0,50.0,980.0,1050.0,8.0,2500.0,20.0,43.63,2026-08-08T06:25:08.771512Z,0.5,sl_hit,-2498.63,-99.95
ORDER_7,POS_7.NS,POS_7,OPTION_CE,OPTION_CE,1000.0,1,50,1000.0,50.0,980.0,1050.0,8.0,2500.0,20.0,43.63,2026-08-08T06:25:08.771512Z,0.5,sl_hit,-2498.63,-99.95
ORDER_8,POS_8.NS,POS_8,OPTION_CE,OPTION_CE,1000.0,1,50,1000.0,50.0,980.0,1050.0,8.0,2500.0,20.0,43.63,2026-08-08T06:25:08.771512Z,0.5,sl_hit,-2498.63,-99.95
ORDER_9,POS_9.NS,POS_9,OPTION_CE,OPTION_CE,1000.0,1,50,1000.0,50.0,980.0,1050.0,8.0,2500.0,20.0,43.63,2026-08-08T06:25:08.771512Z,0.5,sl_hit,-2498.63,-99.95
NIFTY_CRASH,NIFTY.NS,NIFTY,OPTION_CE,OPTION_CE,24000.0,2,50,24000.0,200.0,23640.0,24720.0,8.0,10000.0,20.0,43.63,2026-08-08T06:25:09.170957Z,0.5,sl_hit,-9998.63,-99.99
RELIANCE_GAP,RELIANCE.NS,RELIANCE,EQUITY_CASH,EQUITY_CASH,0.0,1,100,1500.0,1500.0,1470.0,1560.0,8.0,150000.0,20.0,40.0,2026-08-08T06:25:09.185457Z,3000.0,target_hit,149980.0,99.99
NIFTY_OPTION_CE_20260808_062511,^NSEI,NIFTY,BUY_CE,OPTION_CE,24000.0,1,50,24000.0,200.0,23640.0,24720.0,8.5,10000.0,20.0,26.25,2026-08-08T06:25:11.588384Z,,,,
NIFTY_OPTION_CE_20260808_062511,^NSEI,NIFTY,BUY_CE,OPTION_CE,24000.0,1,50,24000.0,200.0,23640.0,24720.0,8.5,10000.0,20.0,92.68,2026-08-08T06:25:11.586294Z,784.37,target_hit,29145.82,291.46
NIFTY_OPTION_CE_20260808_062513,^NSEI,NIFTY,BUY_CE,OPTION_CE,24000.0,1,50,24000.0,200.0,23640.0,24720.0,8.5,10000.0,20.0,26.25,2026-08-08T06:25:13.203632Z,,,,
NIFTY_OPTION_CE_20260808_062513,^NSEI,NIFTY,BUY_CE,OPTION_CE,24000.0,1,50,24000.0,200.0,23640.0,24720.0,8.5,10000.0,20.0,45.06,2026-08-08T06:25:13.200632Z,23.41,sl_hit,-8854.56,-88.55
NIFTY_OPTION_PE_20260808_062513,^NSEI,NIFTY,BUY_PE,OPTION_PE,24000.0,1,50,24000.0,200.0,24360.0,23280.0,8.5,10000.0,20.0,26.25,2026-08-08T06:25:13.711653Z,,,,
NIFTY_OPTION_PE_20260808_062513,^NSEI,NIFTY,BUY_PE,OPTION_PE,24000.0,1,50,24000.0,200.0,24360.0,23280.0,8.5,10000.0,20.0,92.03,2026-08-08T06:25:13.699659Z,774.02,target_hit,28628.97,286.29
NIFTY_OPTION_PE_20260808_062514,^NSEI,NIFTY,BUY_PE,OPTION_PE,24000.0,1,50,24000.0,200.0,24360.0,23280.0,8.5,10000.0,20.0,26.25,2026-08-08T06:25:14.166703Z,,,,
NIFTY_OPTION_PE_20260808_062514,^NSEI,NIFTY,BUY_PE,OPTION_PE,24000.0,1,50,24000.0,200.0,24360.0,23280.0,8.5,10000.0,20.0,45.5,2026-08-08T06:25:14.161708Z,30.33,sl_hit,-8509.0,-85.09
BANKNIFTY_FUTURES_LONG_20260808_062514,^NSEBANK,BANKNIFTY,BUY_FUTURES,FUTURES_LONG,51000.0,2,30,51000.0,51000.0,50235.0,52530.0,9.0,1530000.0,20.0,211.25,2026-08-08T06:25:14.669827Z,,,,
BANKNIFTY_FUTURES_LONG_20260808_062514,^NSEBANK,BANKNIFTY,BUY_FUTURES,FUTURES_LONG,51000.0,2,30,51000.0,51000.0,50235.0,52530.0,9.0,1530000.0,20.0,1229.31,2026-08-08T06:25:14.665372Z,52600.0,target_hit,46790.69,3.06
BANKNIFTY_FUTURES_SHORT_20260808_062514,^NSEBANK,BANKNIFTY,SELL_FUTURES,FUTURES_SHORT,51000.0,2,30,51000.0,51000.0,51765.0,49470.0,9.0,1530000.0,20.0,211.25,2026-08-08T06:25:14.737136Z,,,,
BANKNIFTY_FUTURES_SHORT_20260808_062514,^NSEBANK,BANKNIFTY,SELL_FUTURES,FUTURES_SHORT,51000.0,2,30,51000.0,51000.0,51765.0,49470.0,9.0,1530000.0,20.0,1157.17,2026-08-08T06:25:14.733275Z,49400.0,target_hit,46862.83,3.06
BANKNIFTY_FUTURES_SHORT_20260808_062514,^NSEBANK,BANKNIFTY,SELL_FUTURES,FUTURES_SHORT,51000.0,2,30,51000.0,51000.0,51765.0,49470.0,9.0,1530000.0,20.0,211.25,2026-08-08T06:25:14.749446Z,,,,
BANKNIFTY_FUTURES_SHORT_20260808_062514,^NSEBANK,BANKNIFTY,SELL_FUTURES,FUTURES_SHORT,51000.0,2,30,51000.0,51000.0,51765.0,49470.0,9.0,1530000.0,20.0,1211.28,2026-08-08T06:25:14.746448Z,51800.0,sl_hit,-25191.28,-1.65
RELIANCE_CASH_BUY_20260808_062514,RELIANCE.NS,RELIANCE,CASH_BUY,EQUITY_CASH,0.0,1,20,2500.0,2500.0,2462.5,2575.0,8.0,50000.0,20.0,50020.0,2026-08-08T06:25:14.814706Z,,,,
RELIANCE_CASH_BUY_20260808_062514,RELIANCE.NS,RELIANCE,EQUITY_CASH,EQUITY_CASH,0.0,1,20,2500.0,2500.0,2462.5,2575.0,8.0,50000.0,20.0,40.0,2026-08-08T06:25:14.810708Z,2580.0,target_hit,1580.0,3.16
RELIANCE_CASH_SELL_20260808_062514,RELIANCE.NS,RELIANCE,CASH_SELL,EQUITY_CASH,0.0,1,20,2500.0,2500.0,2537.5,2425.0,8.0,50000.0,20.0,50020.0,2026-08-08T06:25:14.827692Z,,,,
RELIANCE_CASH_SELL_20260808_062514,RELIANCE.NS,RELIANCE,EQUITY_CASH,EQUITY_CASH,0.0,1,20,2500.0,2500.0,2537.5,2425.0,8.0,50000.0,20.0,40.0,2026-08-08T06:25:14.820702Z,2420.0,target_hit,1580.0,3.16
RELIANCE_1,RELIANCE.NS,RELIANCE,SCALP_CE,SCALP_CE,2500.0,1,250,10000.0,40.0,9800.0,10500.0,8.0,10000.0,20.0,43.76,2026-08-08T06:25:22.936689Z,0.5,eod_squareoff,-9898.76,-98.99
NIFTY_SCALP_CE_20260808_062527,NIFTY,NIFTY,SCALP_CE,SCALP_CE,1000.0,1,100,1000.0,50.0,985.0,1030.0,8.5,5000.0,20.0,44.52,2026-08-08T06:25:27.476966Z,7.34,eod_squareoff,-4290.52,-85.81
RELIANCE_SCALP_CE_20260808_062527,RELIANCE,RELIANCE,SCALP_CE,SCALP_CE,1000.0,1,100,1000.0,50.0,985.0,1030.0,8.5,5000.0,20.0,44.52,2026-08-08T06:25:27.480430Z,7.34,eod_squareoff,-4290.52,-85.81
HDFCBANK_SCALP_CE_20260808_062527,HDFCBANK,HDFCBANK,SCALP_CE,SCALP_CE,1000.0,1,100,1000.0,50.0,985.0,1030.0,8.5,5000.0,20.0,44.52,2026-08-08T06:25:27.481962Z,7.34,eod_squareoff,-4290.52,-85.81
RELIANCE_1,RELIANCE.NS,RELIANCE,SCALP_CE,SCALP_CE,2500.0,1,250,12500.0,50.0,12000.0,13000.0,8.0,12500.0,20.0,43.76,2026-08-08T06:25:36.816204Z,0.5,sl_hit,-12398.76,-99.19
RELIANCE_1,RELIANCE.NS,RELIANCE,SCALP_CE,SCALP_CE,2500.0,1,250,12500.0,50.0,12000.0,13000.0,8.0,12500.0,20.0,43.76,2026-08-08T06:25:38.202157Z,0.5,eod_squareoff,-12398.76,-99.19
RELIANCE_1,RELIANCE.NS,RELIANCE,SCALP_CE,SCALP_CE,2500.0,1,250,10000.0,40.0,9800.0,10500.0,8.0,10000.0,20.0,43.76,2026-08-08T06:25:51.697948Z,0.5,eod_squareoff,-9898.76,-98.99
NIFTY_SCALP_CE_20260808_062553,NIFTY,NIFTY,SCALP_CE,SCALP_CE,1000.0,1,100,1000.0,50.0,985.0,1030.0,8.5,5000.0,20.0,44.52,2026-08-08T06:25:53.830365Z,7.34,eod_squareoff,-4290.52,-85.81
NIFTY_OPTION_CE_20260808_062559,^NSEI,NIFTY,BUY_CE,OPTION_CE,24200.0,2,50,24210.5,145.0,23847.34,24936.82,8.5,7250.0,20.0,24.5,2026-08-08T06:25:59.642845Z,,,,
NIFTY_OPTION_CE_20260808_062559,^NSEI,NIFTY,BUY_CE,OPTION_CE,24200.0,2,50,24210.5,145.0,23847.34,24936.82,8.5,7250.0,20.0,99.31,2026-08-08T06:25:59.635849Z,890.37,target_hit,37189.19,512.95
RELIANCE_SCALP_CE_20260808_062553,RELIANCE,RELIANCE,SCALP_CE,SCALP_CE,1000.0,1,100,1000.0,50.0,985.0,1030.0,8.5,5000.0,20.0,44.52,2026-08-08T06:25:53.831364Z,7.34,eod_squareoff,-4290.52,-85.81
NIFTY_OPTION_CE_20260808_062600,^NSEI,NIFTY,BUY_CE,OPTION_CE,24200.0,2,50,24210.5,145.0,23847.34,24936.82,8.5,7250.0,20.0,24.5,2026-08-08T06:26:00.625574Z,,,,
NIFTY_OPTION_CE_20260808_062600,^NSEI,NIFTY,BUY_CE,OPTION_CE,24200.0,2,50,24210.5,145.0,23847.34,24936.82,8.5,7250.0,20.0,24.5,2026-08-08T06:26:00.963586Z,,,,
NIFTY_OPTION_CE_20260808_062600,^NSEI,NIFTY,BUY_CE,OPTION_CE,24200.0,2,50,24210.5,145.0,23847.34,24936.82,8.5,7250.0,20.0,99.31,2026-08-08T06:26:00.616578Z,890.37,target_hit,37189.19,512.95
NIFTY_OPTION_CE_20260808_062600,^NSEI,NIFTY,BUY_CE,OPTION_CE,24200.0,2,50,24210.5,145.0,23847.34,24936.82,8.5,7250.0,20.0,99.31,2026-08-08T06:26:00.959790Z,890.37,target_hit,37189.19,512.95
HDFCBANK_SCALP_CE_20260808_062553,HDFCBANK,HDFCBANK,SCALP_CE,SCALP_CE,1000.0,1,100,1000.0,50.0,985.0,1030.0,8.5,5000.0,20.0,44.52,2026-08-08T06:25:53.833362Z,7.34,eod_squareoff,-4290.52,-85.81
RELIANCE_1,RELIANCE.NS,RELIANCE,SCALP_CE,SCALP_CE,2500.0,1,250,12500.0,50.0,12000.0,13000.0,8.0,12500.0,20.0,43.76,2026-08-08T06:26:03.195666Z,0.5,sl_hit,-12398.76,-99.19
RELIANCE_1,RELIANCE.NS,RELIANCE,SCALP_CE,SCALP_CE,2500.0,1,250,12500.0,50.0,12000.0,13000.0,8.0,12500.0,20.0,43.76,2026-08-08T06:26:04.058632Z,0.5,eod_squareoff,-12398.76,-99.19
RELIANCE_1,RELIANCE.NS,RELIANCE,SCALP_CE,SCALP_CE,2500.0,1,250,10000.0,40.0,9800.0,10500.0,8.0,10000.0,20.0,43.76,2026-08-08T06:27:38.538137Z,0.5,eod_squareoff,-9898.76,-98.99
NIFTY_SCALP_CE_20260808_062741,NIFTY,NIFTY,SCALP_CE,SCALP_CE,1000.0,1,100,1000.0,50.0,985.0,1030.0,8.5,5000.0,20.0,44.52,2026-08-08T06:27:41.852765Z,7.34,eod_squareoff,-4290.52,-85.81
RELIANCE_SCALP_CE_20260808_062741,RELIANCE,RELIANCE,SCALP_CE,SCALP_CE,1000.0,1,100,1000.0,50.0,985.0,1030.0,8.5,5000.0,20.0,44.52,2026-08-08T06:27:41.853764Z,7.34,eod_squareoff,-4290.52,-85.81
HDFCBANK_SCALP_CE_20260808_062741,HDFCBANK,HDFCBANK,SCALP_CE,SCALP_CE,1000.0,1,100,1000.0,50.0,985.0,1030.0,8.5,5000.0,20.0,44.52,2026-08-08T06:27:41.855762Z,7.34,eod_squareoff,-4290.52,-85.81
RELIANCE_1,RELIANCE.NS,RELIANCE,SCALP_CE,SCALP_CE,2500.0,1,250,12500.0,50.0,12000.0,13000.0,8.0,12500.0,20.0,43.76,2026-08-08T06:27:51.708507Z,0.5,sl_hit,-12398.76,-99.19
RELIANCE_1,RELIANCE.NS,RELIANCE,SCALP_CE,SCALP_CE,2500.0,1,250,12500.0,50.0,12000.0,13000.0,8.0,12500.0,20.0,43.76,2026-08-08T06:27:52.529933Z,0.5,eod_squareoff,-12398.76,-99.19
RELIANCE_1,RELIANCE.NS,RELIANCE,SCALP_CE,SCALP_CE,2500.0,1,250,10000.0,40.0,9800.0,10500.0,8.0,10000.0,20.0,43.76,2026-08-08T06:28:15.592383Z,0.5,eod_squareoff,-9898.76,-98.99
NIFTY_SCALP_CE_20260808_062818,NIFTY,NIFTY,SCALP_CE,SCALP_CE,1000.0,1,100,1000.0,50.0,985.0,1030.0,8.5,5000.0,20.0,44.52,2026-08-08T06:28:18.430189Z,7.34,eod_squareoff,-4290.52,-85.81
RELIANCE_SCALP_CE_20260808_062818,RELIANCE,RELIANCE,SCALP_CE,SCALP_CE,1000.0,1,100,1000.0,50.0,985.0,1030.0,8.5,5000.0,20.0,44.52,2026-08-08T06:28:18.435186Z,7.34,eod_squareoff,-4290.52,-85.81
HDFCBANK_SCALP_CE_20260808_062818,HDFCBANK,HDFCBANK,SCALP_CE,SCALP_CE,1000.0,1,100,1000.0,50.0,985.0,1030.0,8.5,5000.0,20.0,44.52,2026-08-08T06:28:18.437597Z,7.34,eod_squareoff,-4290.52,-85.81
RELIANCE_1,RELIANCE.NS,RELIANCE,SCALP_CE,SCALP_CE,2500.0,1,250,12500.0,50.0,12000.0,13000.0,8.0,12500.0,20.0,43.76,2026-08-08T06:28:28.055364Z,0.5,sl_hit,-12398.76,-99.19
RELIANCE_1,RELIANCE.NS,RELIANCE,SCALP_CE,SCALP_CE,2500.0,1,250,12500.0,50.0,12000.0,13000.0,8.0,12500.0,20.0,3204.36,2026-08-08T06:28:29.117299Z,10103.11,eod_squareoff,2510093.14,20080.75
RELIANCE_1,RELIANCE.NS,RELIANCE,SCALP_CE,SCALP_CE,2500.0,1,250,10000.0,40.0,9800.0,10500.0,8.0,10000.0,20.0,43.76,2026-08-08T06:29:00.576928Z,0.5,eod_squareoff,-9898.76,-98.99
NIFTY_SCALP_CE_20260808_062903,NIFTY,NIFTY,SCALP_CE,SCALP_CE,1000.0,1,100,1000.0,50.0,985.0,1030.0,8.5,5000.0,20.0,44.52,2026-08-08T06:29:03.418227Z,7.34,eod_squareoff,-4290.52,-85.81
RELIANCE_SCALP_CE_20260808_062903,RELIANCE,RELIANCE,SCALP_CE,SCALP_CE,1000.0,1,100,1000.0,50.0,985.0,1030.0,8.5,5000.0,20.0,44.52,2026-08-08T06:29:03.420225Z,7.34,eod_squareoff,-4290.52,-85.81
HDFCBANK_SCALP_CE_20260808_062903,HDFCBANK,HDFCBANK,SCALP_CE,SCALP_CE,1000.0,1,100,1000.0,50.0,985.0,1030.0,8.5,5000.0,20.0,44.52,2026-08-08T06:29:03.422224Z,7.34,eod_squareoff,-4290.52,-85.81
RELIANCE_1,RELIANCE.NS,RELIANCE,SCALP_CE,SCALP_CE,2500.0,1,250,12500.0,50.0,12000.0,13000.0,8.0,12500.0,20.0,43.76,2026-08-08T06:29:13.082611Z,0.5,sl_hit,-12398.76,-99.19
RELIANCE_1,RELIANCE.NS,RELIANCE,SCALP_CE,SCALP_CE,2500.0,1,250,12500.0,50.0,12000.0,13000.0,8.0,12500.0,20.0,43.76,2026-08-08T06:29:13.839210Z,10103.11,eod_squareoff,2513253.74,20106.03
NIFTY_OPTION_CE_20260808_063040,^NSEI,NIFTY,BUY_CE,OPTION_CE,24200.0,2,50,24210.5,145.0,23847.34,24936.82,8.5,7250.0,20.0,24.5,2026-08-08T06:30:40.827818Z,,,,
NIFTY_OPTION_CE_20260808_063040,^NSEI,NIFTY,BUY_CE,OPTION_CE,24200.0,2,50,24210.5,145.0,23847.34,24936.82,8.5,7250.0,20.0,99.31,2026-08-08T06:30:40.705721Z,890.37,target_hit,37189.19,512.95
RELIANCE_1,RELIANCE.NS,RELIANCE,SCALP_CE,SCALP_CE,2500.0,1,250,10000.0,40.0,9800.0,10500.0,8.0,10000.0,20.0,43.76,2026-08-08T06:37:59.308237Z,0.5,eod_squareoff,-9898.76,-98.99
NIFTY_SCALP_CE_20260808_063802,NIFTY,NIFTY,SCALP_CE,SCALP_CE,1000.0,1,100,1000.0,50.0,985.0,1030.0,8.5,5000.0,20.0,44.52,2026-08-08T06:38:02.904092Z,7.34,eod_squareoff,-4290.52,-85.81
RELIANCE_SCALP_CE_20260808_063802,RELIANCE,RELIANCE,SCALP_CE,SCALP_CE,1000.0,1,100,1000.0,50.0,985.0,1030.0,8.5,5000.0,20.0,44.52,2026-08-08T06:38:02.906600Z,7.34,eod_squareoff,-4290.52,-85.81
HDFCBANK_SCALP_CE_20260808_063802,HDFCBANK,HDFCBANK,SCALP_CE,SCALP_CE,1000.0,1,100,1000.0,50.0,985.0,1030.0,8.5,5000.0,20.0,44.52,2026-08-08T06:38:02.908599Z,7.34,eod_squareoff,-4290.52,-85.81
RELIANCE_1,RELIANCE.NS,RELIANCE,SCALP_CE,SCALP_CE,2500.0,1,250,12500.0,50.0,12000.0,13000.0,8.0,12500.0,20.0,43.76,2026-08-08T06:38:14.509805Z,0.5,sl_hit,-12398.76,-99.19
RELIANCE_1,RELIANCE.NS,RELIANCE,SCALP_CE,SCALP_CE,2500.0,1,250,12500.0,50.0,12000.0,13000.0,8.0,12500.0,20.0,43.76,2026-08-08T06:38:16.209720Z,10103.11,eod_squareoff,2513253.74,20106.03
RELIANCE_1,RELIANCE.NS,RELIANCE,SCALP_CE,SCALP_CE,2500.0,1,250,10000.0,40.0,9800.0,10500.0,8.0,10000.0,20.0,43.76,2026-08-08T10:52:53.400395Z,0.5,eod_squareoff,-9898.76,-98.99
NIFTY_SCALP_CE_20260808_105258,NIFTY,NIFTY,SCALP_CE,SCALP_CE,1000.0,1,100,1000.0,50.0,985.0,1030.0,8.5,5000.0,20.0,44.52,2026-08-08T10:52:58.184039Z,7.34,eod_squareoff,-4290.52,-85.81
RELIANCE_SCALP_CE_20260808_105258,RELIANCE,RELIANCE,SCALP_CE,SCALP_CE,1000.0,1,100,1000.0,50.0,985.0,1030.0,8.5,5000.0,20.0,44.52,2026-08-08T10:52:58.186037Z,7.34,eod_squareoff,-4290.52,-85.81
HDFCBANK_SCALP_CE_20260808_105258,HDFCBANK,HDFCBANK,SCALP_CE,SCALP_CE,1000.0,1,100,1000.0,50.0,985.0,1030.0,8.5,5000.0,20.0,44.52,2026-08-08T10:52:58.194034Z,7.34,eod_squareoff,-4290.52,-85.81
RELIANCE_1,RELIANCE.NS,RELIANCE,SCALP_CE,SCALP_CE,2500.0,1,250,12500.0,50.0,12000.0,13000.0,8.0,12500.0,20.0,43.76,2026-08-08T10:53:11.253884Z,0.5,sl_hit,-12398.76,-99.19
RELIANCE_1,RELIANCE.NS,RELIANCE,SCALP_CE,SCALP_CE,2500.0,1,250,12500.0,50.0,12000.0,13000.0,8.0,12500.0,20.0,43.76,2026-08-08T10:53:12.022632Z,10103.11,eod_squareoff,2513253.74,20106.03
RELIANCE_1,RELIANCE.NS,RELIANCE,SCALP_CE,SCALP_CE,2500.0,1,250,10000.0,40.0,9800.0,10500.0,8.0,10000.0,20.0,43.76,2026-08-08T10:55:38.313618Z,0.5,eod_squareoff,-9898.76,-98.99
NIFTY_SCALP_CE_20260808_105541,NIFTY,NIFTY,SCALP_CE,SCALP_CE,1000.0,1,100,1000.0,50.0,985.0,1030.0,8.5,5000.0,20.0,44.52,2026-08-08T10:55:41.209193Z,7.34,eod_squareoff,-4290.52,-85.81
RELIANCE_SCALP_CE_20260808_105541,RELIANCE,RELIANCE,SCALP_CE,SCALP_CE,1000.0,1,100,1000.0,50.0,985.0,1030.0,8.5,5000.0,20.0,44.52,2026-08-08T10:55:41.211191Z,7.34,eod_squareoff,-4290.52,-85.81
HDFCBANK_SCALP_CE_20260808_105541,HDFCBANK,HDFCBANK,SCALP_CE,SCALP_CE,1000.0,1,100,1000.0,50.0,985.0,1030.0,8.5,5000.0,20.0,44.52,2026-08-08T10:55:41.216189Z,7.34,eod_squareoff,-4290.52,-85.81
RELIANCE_1,RELIANCE.NS,RELIANCE,SCALP_CE,SCALP_CE,2500.0,1,250,12500.0,50.0,12000.0,13000.0,8.0,12500.0,20.0,43.76,2026-08-08T10:55:54.635152Z,0.5,sl_hit,-12398.76,-99.19
RELIANCE_1,RELIANCE.NS,RELIANCE,SCALP_CE,SCALP_CE,2500.0,1,250,12500.0,50.0,12000.0,13000.0,8.0,12500.0,20.0,43.76,2026-08-08T10:55:55.226394Z,10103.11,eod_squareoff,2513253.74,20106.03
RELIANCE_1,RELIANCE.NS,RELIANCE,SCALP_CE,SCALP_CE,2500.0,1,250,10000.0,40.0,9800.0,10500.0,8.0,10000.0,20.0,43.76,2026-08-08T10:56:34.188044Z,0.5,eod_squareoff,-9898.76,-98.99
NIFTY_SCALP_CE_20260808_105635,NIFTY,NIFTY,SCALP_CE,SCALP_CE,1000.0,1,100,1000.0,50.0,985.0,1030.0,8.5,5000.0,20.0,44.52,2026-08-08T10:56:35.906416Z,7.34,eod_squareoff,-4290.52,-85.81
RELIANCE_SCALP_CE_20260808_105635,RELIANCE,RELIANCE,SCALP_CE,SCALP_CE,1000.0,1,100,1000.0,50.0,985.0,1030.0,8.5,5000.0,20.0,44.52,2026-08-08T10:56:35.908414Z,7.34,eod_squareoff,-4290.52,-85.81
HDFCBANK_SCALP_CE_20260808_105635,HDFCBANK,HDFCBANK,SCALP_CE,SCALP_CE,1000.0,1,100,1000.0,50.0,985.0,1030.0,8.5,5000.0,20.0,44.52,2026-08-08T10:56:35.910415Z,7.34,eod_squareoff,-4290.52,-85.81
RELIANCE_1,RELIANCE.NS,RELIANCE,SCALP_CE,SCALP_CE,2500.0,1,250,12500.0,50.0,12000.0,13000.0,8.0,12500.0,20.0,43.76,2026-08-08T10:56:47.136465Z,0.5,sl_hit,-12398.76,-99.19
RELIANCE_1,RELIANCE.NS,RELIANCE,SCALP_CE,SCALP_CE,2500.0,1,250,12500.0,50.0,12000.0,13000.0,8.0,12500.0,20.0,43.76,2026-08-08T10:56:47.698763Z,10103.11,eod_squareoff,2513253.74,20106.03
INFY_CASH_SELL_20260811_100831,INFY.NS,INFY,CASH_SELL,EQUITY_CASH,0.0,1,63,1187.2,1187.2,1199.07,1169.39,1.5,74793.6,20.0,74813.6,2026-08-11T10:08:31.188115Z,,,,
TCS_CASH_SELL_20260811_100831,TCS.NS,TCS,CASH_SELL,EQUITY_CASH,0.0,1,30,2438.0,2438.0,2462.38,2401.43,1.5,73140.0,20.0,73160.0,2026-08-11T10:08:31.195009Z,,,,
MARUTI_CASH_SELL_20260811_100831,MARUTI.NS,MARUTI,CASH_SELL,EQUITY_CASH,0.0,1,5,14011.0,14011.0,14151.11,13800.83,2.5,70055.0,20.0,70075.0,2026-08-11T10:08:31.201349Z,,,,
RELIANCE_CASH_SELL_20260811_100837,RELIANCE.NS,RELIANCE,CASH_SELL,EQUITY_CASH,0.0,1,56,1320.6,1320.6,1333.81,1300.79,1.5,73953.6,20.0,73973.6,2026-08-11T10:08:37.157682Z,,,,
ICICIBANK_CASH_BUY_20260811_100837,ICICIBANK.NS,ICICIBANK,CASH_BUY,EQUITY_CASH,0.0,1,52,1426.0,1426.0,1411.74,1447.39,8.5,74152.0,20.0,74172.0,2026-08-11T10:08:37.169675Z,,,,
NIFTY_SCALP_PE_20260811_100845,^NSEI,NIFTY,SCALP_PE,SCALP_PE,24500.0,6,150,24471.7,159.06,24838.78,23737.55,7.29,23859.0,20.0,38.55,2026-08-11T10:08:45.905957Z,,,,
BANKNIFTY_SCALP_PE_20260811_100846,^NSEBANK,BANKNIFTY,SCALP_PE,SCALP_PE,57500.0,3,45,57446.25,367.07,58307.94,55722.86,6.77,16518.15,20.0,33.95,2026-08-11T10:08:46.650933Z,,,,
RELIANCE_SCALP_PE_20260811_100847,RELIANCE.NS,RELIANCE,SCALP_PE,SCALP_PE,1340.0,3,750,1320.6,20.29,1340.41,1280.98,6.93,15217.5,20.0,33.13,2026-08-11T10:08:47.476149Z,,,,
TCS_SCALP_PE_20260811_100850,TCS.NS,TCS,SCALP_PE,SCALP_PE,2500.0,1,175,2438.0,60.2,2474.57,2364.86,8.82,10535.0,20.0,30.2,2026-08-11T10:08:50.618959Z,,,,
BHARTIARTL_SCALP_PE_20260811_100852,BHARTIARTL.NS,BHARTIARTL,SCALP_PE,SCALP_PE,1940.0,1,475,1919.0,24.03,1947.78,1861.43,8.3,11414.25,20.0,30.75,2026-08-11T10:08:52.511348Z,,,,
HINDALCO_SCALP_PE_20260811_100853,HINDALCO.NS,HINDALCO,SCALP_PE,SCALP_PE,1060.0,1,1400,1052.0,10.75,1067.78,1020.44,7.36,15050.0,20.0,33.03,2026-08-11T10:08:53.477980Z,,,,
BANKNIFTY_SCALP_CE_20260811_100901,^NSEBANK,BANKNIFTY,SCALP_CE,SCALP_CE,57300.0,1,15,57446.25,494.11,56584.56,59169.64,7.65,7411.65,20.0,28.24,2026-08-11T10:09:01.496665Z,,,,
RELIANCE_SCALP_PE_20260811_100902,RELIANCE.NS,RELIANCE,SCALP_PE,SCALP_PE,1340.0,1,250,1320.6,20.29,1340.41,1280.98,8.82,5072.5,20.0,26.78,2026-08-11T10:09:02.544147Z,,,,
HDFCBANK_SCALP_PE_20260811_100903,HDFCBANK.NS,HDFCBANK,SCALP_PE,SCALP_PE,740.0,1,550,729.0,11.43,739.93,707.13,7.46,6286.5,20.0,27.54,2026-08-11T10:09:03.823597Z,,,,
ICICIBANK_SCALP_CE_20260811_100904,ICICIBANK.NS,ICICIBANK,SCALP_CE,SCALP_CE,1420.0,1,700,1426.0,13.7,1404.61,1468.78,10.0,9590.0,20.0,29.61,2026-08-11T10:09:04.785095Z,,,,
TCS_SCALP_PE_20260811_100906,TCS.NS,TCS,SCALP_PE,SCALP_PE,2500.0,1,175,2438.0,60.2,2474.57,2364.86,8.82,10535.0,20.0,30.2,2026-08-11T10:09:06.702633Z,,,,
RELIANCE_CASH_SELL_20260821_040308,RELIANCE.NS,RELIANCE,CASH_SELL,EQUITY_CASH,0.0,1,57,1309.5,1309.5,1322.6,1289.86,1.5,74641.5,20.0,74661.5,2026-08-21T04:03:08.589720Z,,,,
HDFCBANK_CASH_BUY_20260821_040308,HDFCBANK.NS,HDFCBANK,CASH_BUY,EQUITY_CASH,0.0,1,102,729.6,729.6,722.3,740.54,7.0,74419.2,20.0,74439.2,2026-08-21T04:03:08.597405Z,,,,
TCS_CASH_SELL_20260821_040308,TCS.NS,TCS,CASH_SELL,EQUITY_CASH,0.0,1,33,2266.0,2266.0,2288.66,2232.01,1.5,74778.0,20.0,74798.0,2026-08-21T04:03:08.601403Z,,,,
LT_CASH_BUY_20260821_040308,LT.NS,LT,CASH_BUY,EQUITY_CASH,0.0,1,18,4065.0,4065.0,4024.35,4125.98,7.1,73170.0,20.0,73190.0,2026-08-21T04:03:08.606402Z,,,,
AXISBANK_CASH_BUY_20260821_040308,AXISBANK.NS,AXISBANK,CASH_BUY,EQUITY_CASH,0.0,1,59,1250.3,1250.3,1237.8,1269.05,8.5,73767.7,20.0,73787.7,2026-08-21T04:03:08.613396Z,,,,
BANKNIFTY_SCALP_CE_20260821_040349,^NSEBANK,BANKNIFTY,SCALP_CE,SCALP_CE,57500.0,4,60,57551.7,420.79,56688.42,59278.25,8.85,25247.4,20.0,39.41,2026-08-21T04:03:49.669365Z,,,,
FINNIFTY_SCALP_CE_20260821_040350,NIFTY_FIN_SERVICE.NS,FINNIFTY,SCALP_CE,SCALP_CE,26200.0,4,100,26239.8,200.93,25846.2,27026.99,8.85,20093.0,20.0,36.19,2026-08-21T04:03:50.733222Z,,,,
INFY_SCALP_PE_20260821_040355,INFY.NS,INFY,SCALP_PE,SCALP_PE,1140.0,2,600,1120.0,19.88,1136.8,1086.4,6.74,11928.0,20.0,31.07,2026-08-21T04:03:55.522211Z,,,,
HDFCBANK_SCALP_CE_20260821_040356,HDFCBANK.NS,HDFCBANK,SCALP_CE,SCALP_CE,700.0,1,550,729.75,30.63,718.8,751.64,10.0,16846.5,20.0,34.15,2026-08-21T04:03:56.472747Z,,,,
AXISBANK_SCALP_CE_20260821_040359,AXISBANK.NS,AXISBANK,SCALP_CE,SCALP_CE,1240.0,1,625,1250.7,15.32,1231.94,1288.22,10.0,9575.0,20.0,29.6,2026-08-21T04:03:59.506217Z,,,,
KOTAKBANK_SCALP_CE_20260821_040400,KOTAKBANK.NS,KOTAKBANK,SCALP_CE,SCALP_CE,380.0,1,400,401.7,22.17,395.67,413.75,10.0,8868.0,20.0,29.15,2026-08-21T04:04:00.784085Z,,,,
LT_SCALP_CE_20260821_040401,LT.NS,LT,SCALP_CE,SCALP_CE,4000.0,1,150,4065.0,74.11,4004.03,4186.95,10.0,11116.5,20.0,30.56,2026-08-21T04:04:01.857068Z,,,,
ITC_SCALP_PE_20260821_040402,ITC.NS,ITC,SCALP_PE,SCALP_PE,275.0,1,1600,270.15,4.82,274.2,262.05,6.32,7712.0,20.0,28.43,2026-08-21T04:04:02.792193Z,,,,
HINDUNILVR_SCALP_PE_20260821_040403,HINDUNILVR.NS,HINDUNILVR,SCALP_PE,SCALP_PE,2050.0,1,300,2021.0,29.99,2051.31,1960.37,8.53,8997.0,20.0,29.24,2026-08-21T04:04:03.901849Z,,,,
MARUTI_SCALP_PE_20260821_040409,MARUTI.NS,MARUTI,SCALP_PE,SCALP_PE,13800.0,1,50,13748.0,103.71,13954.22,13335.56,6.0,5185.5,20.0,26.85,2026-08-21T04:04:09.122784Z,,,,
RELIANCE_CASH_SELL_20260905_084853,RELIANCE.NS,RELIANCE,CASH_SELL,EQUITY_CASH,0.0,1,56,1322.0,1322.0,1335.22,1302.17,1.5,74032.0,20.0,74052.0,2026-09-05T08:48:53.450196Z,,,,
HDFCBANK_CASH_SELL_20260905_084853,HDFCBANK.NS,HDFCBANK,CASH_SELL,EQUITY_CASH,0.0,1,105,712.1,712.1,719.22,701.42,3.0,74770.5,20.0,74790.5,2026-09-05T08:48:53.468136Z,,,,
INFY_CASH_SELL_20260905_084853,INFY.NS,INFY,CASH_SELL,EQUITY_CASH,0.0,1,66,1130.0,1130.0,1141.3,1113.05,2.9,74580.0,20.0,74600.0,2026-09-05T08:48:53.483127Z,,,,
TCS_CASH_SELL_20260905_084853,TCS.NS,TCS,CASH_SELL,EQUITY_CASH,0.0,1,32,2304.0,2304.0,2327.04,2269.44,1.5,73728.0,20.0,73748.0,2026-09-05T08:48:53.502115Z,,,,
BHARTIARTL_CASH_SELL_20260905_084853,BHARTIARTL.NS,BHARTIARTL,CASH_SELL,EQUITY_CASH,0.0,1,40,1840.0,1840.0,1858.4,1812.4,2.5,73600.0,20.0,73620.0,2026-09-05T08:48:53.532099Z,,,,
NIFTY_SCALP_PE_20260905_085026,^NSEI,NIFTY,SCALP_PE,SCALP_PE,23950.0,6,150,23897.7,151.76,24256.17,23180.77,8.34,22764.0,20.0,37.86,2026-09-05T08:50:26.838409Z,,,,
BANKNIFTY_SCALP_PE_20260905_085029,^NSEBANK,BANKNIFTY,SCALP_PE,SCALP_PE,57500.0,3,45,57369.65,366.87,58230.19,55648.56,7.82,16509.15,20.0,33.94,2026-09-05T08:50:29.398193Z,,,,
MIDCPNIFTY_SCALP_PE_20260905_085034,NIFTY_MID_SELECT.NS,MIDCPNIFTY,SCALP_PE,SCALP_PE,14750.0,3,150,14713.65,95.65,14934.35,14272.24,8.34,14347.5,20.0,32.59,2026-09-05T08:50:34.085418Z,,,,
RELIANCE_SCALP_PE_20260905_085038,RELIANCE.NS,RELIANCE,SCALP_PE,SCALP_PE,1340.0,3,750,1322.0,18.54,1341.83,1282.34,8.82,13905.0,20.0,32.31,2026-09-05T08:50:38.966970Z,,,,
INFY_SCALP_PE_20260905_085041,INFY.NS,INFY,SCALP_PE,SCALP_PE,1140.0,3,900,1130.0,11.8,1146.95,1096.1,8.82,10620.0,20.0,30.25,2026-09-05T08:50:41.336233Z,,,,
HDFCBANK_SCALP_PE_20260905_085043,HDFCBANK.NS,HDFCBANK,SCALP_PE,SCALP_PE,740.0,1,550,712.1,27.0,722.78,690.74,8.72,14850.0,20.0,32.9,2026-09-05T08:50:43.154885Z,,,,
ICICIBANK_SCALP_PE_20260905_085045,ICICIBANK.NS,ICICIBANK,SCALP_PE,SCALP_PE,1430.0,1,700,1423.2,11.11,1444.55,1380.5,7.46,7777.0,20.0,28.47,2026-09-05T08:50:45.054855Z,,,,
KOTAKBANK_SCALP_CE_20260905_085048,KOTAKBANK.NS,KOTAKBANK,SCALP_CE,SCALP_CE,400.0,1,400,424.5,25.0,418.13,437.24,10.0,10000.0,20.0,29.86,2026-09-05T08:50:48.876869Z,,,,
LT_SCALP_PE_20260905_085050,LT.NS,LT,SCALP_PE,SCALP_PE,4000.0,1,150,3964.1,41.99,4023.56,3845.18,7.46,6298.5,20.0,27.55,2026-09-05T08:50:50.285372Z,,,,
ITC_SCALP_CE_20260905_085051,ITC.NS,ITC,SCALP_CE,SCALP_CE,260.0,1,1600,264.1,4.66,260.14,272.02,8.37,7456.0,20.0,28.27,2026-09-05T08:50:51.407273Z,,,,
RELIANCE_CASH_SELL_20260905_084853,RELIANCE.NS,RELIANCE,EQUITY_CASH,EQUITY_CASH,0.0,1,56,1322.0,1322.0,1335.22,1302.17,1.5,74032.0,20.0,40.0,2026-09-05T08:48:53.445098Z,1309.5,eod_squareoff,680.0,0.92
HDFCBANK_CASH_SELL_20260905_084853,HDFCBANK.NS,HDFCBANK,EQUITY_CASH,EQUITY_CASH,0.0,1,105,712.1,712.1,719.22,701.42,3.0,74770.5,20.0,40.0,2026-09-05T08:48:53.464917Z,710.5,eod_squareoff,148.0,0.2
INFY_CASH_SELL_20260905_084853,INFY.NS,INFY,EQUITY_CASH,EQUITY_CASH,0.0,1,66,1130.0,1130.0,1141.3,1113.05,2.9,74580.0,20.0,40.0,2026-09-05T08:48:53.477133Z,1087.5,eod_squareoff,2785.0,3.73
TCS_CASH_SELL_20260905_084853,TCS.NS,TCS,EQUITY_CASH,EQUITY_CASH,0.0,1,32,2304.0,2304.0,2327.04,2269.44,1.5,73728.0,20.0,40.0,2026-09-05T08:48:53.485127Z,2270.0,eod_squareoff,1068.0,1.45
BHARTIARTL_CASH_SELL_20260905_084853,BHARTIARTL.NS,BHARTIARTL,EQUITY_CASH,EQUITY_CASH,0.0,1,40,1840.0,1840.0,1858.4,1812.4,2.5,73600.0,20.0,40.0,2026-09-05T08:48:53.516108Z,1854.0,eod_squareoff,-580.0,-0.79
NIFTY_SCALP_PE_20260905_085026,^NSEI,NIFTY,SCALP_PE,SCALP_PE,23950.0,6,150,23897.7,151.76,24256.17,23180.77,8.34,22764.0,20.0,86.37,2026-09-05T08:50:26.828406Z,227.85,eod_squareoff,11347.13,49.85
BANKNIFTY_SCALP_PE_20260905_085029,^NSEBANK,BANKNIFTY,SCALP_PE,SCALP_PE,57500.0,3,45,57369.65,366.87,58230.19,55648.56,7.82,16509.15,20.0,74.46,2026-09-05T08:50:29.271719Z,548.01,eod_squareoff,8096.84,49.04
MIDCPNIFTY_SCALP_PE_20260905_085034,NIFTY_MID_SELECT.NS,MIDCPNIFTY,SCALP_PE,SCALP_PE,14750.0,3,150,14713.65,95.65,14934.35,14272.24,8.34,14347.5,20.0,69.23,2026-09-05T08:50:34.057283Z,136.52,eod_squareoff,6081.27,42.39
RELIANCE_SCALP_PE_20260905_085038,RELIANCE.NS,RELIANCE,SCALP_PE,SCALP_PE,1340.0,3,750,1322.0,18.54,1341.83,1282.34,8.82,13905.0,20.0,71.34,2026-09-05T08:50:38.809054Z,29.56,eod_squareoff,8213.66,59.07
INFY_SCALP_PE_20260905_085041,INFY.NS,INFY,SCALP_PE,SCALP_PE,1140.0,3,900,1130.0,11.8,1146.95,1096.1,8.82,10620.0,20.0,101.14,2026-09-05T08:50:41.268181Z,51.09,eod_squareoff,35279.86,332.2
HDFCBANK_SCALP_PE_20260905_085043,HDFCBANK.NS,HDFCBANK,SCALP_PE,SCALP_PE,740.0,1,550,712.1,27.0,722.78,690.74,8.72,14850.0,20.0,63.28,2026-09-05T08:50:43.141892Z,28.6,eod_squareoff,836.72,5.63
ICICIBANK_SCALP_PE_20260905_085045,ICICIBANK.NS,ICICIBANK,SCALP_PE,SCALP_PE,1430.0,1,700,1423.2,11.11,1444.55,1380.5,7.46,7777.0,20.0,51.62,2026-09-05T08:50:45.043878Z,9.15,eod_squareoff,-1403.62,-18.05
KOTAKBANK_SCALP_CE_20260905_085048,KOTAKBANK.NS,KOTAKBANK,SCALP_CE,SCALP_CE,400.0,1,400,424.5,25.0,418.13,437.24,10.0,10000.0,20.0,54.91,2026-09-05T08:50:48.826906Z,22.6,eod_squareoff,-994.91,-9.95
LT_SCALP_PE_20260905_085050,LT.NS,LT,SCALP_PE,SCALP_PE,4000.0,1,150,3964.1,41.99,4023.56,3845.18,7.46,6298.5,20.0,49.24,2026-09-05T08:50:50.242213Z,30.07,eod_squareoff,-1817.24,-28.85
ITC_SCALP_CE_20260905_085051,ITC.NS,ITC,SCALP_CE,SCALP_CE,260.0,1,1600,264.1,4.66,260.14,272.02,8.37,7456.0,20.0,53.01,2026-09-05T08:50:51.402276Z,4.7,eod_squareoff,30.99,0.42
RELIANCE_1,RELIANCE.NS,RELIANCE,SCALP_CE,SCALP_CE,2500.0,1,250,10000.0,40.0,9800.0,10500.0,8.0,10000.0,20.0,43.76,2026-09-07T16:09:31.067786Z,0.5,eod_squareoff,-9898.76,-98.99
NIFTY_SCALP_CE_20260907_160937,NIFTY,NIFTY,SCALP_CE,SCALP_CE,1000.0,1,100,1000.0,50.0,985.0,1030.0,8.5,5000.0,20.0,44.45,2026-09-07T16:09:37.331534Z,6.79,eod_squareoff,-4345.45,-86.91
RELIANCE_SCALP_CE_20260907_160937,RELIANCE,RELIANCE,SCALP_CE,SCALP_CE,1000.0,1,100,1000.0,50.0,985.0,1030.0,8.5,5000.0,20.0,44.45,2026-09-07T16:09:37.333377Z,6.79,eod_squareoff,-4345.45,-86.91
HDFCBANK_SCALP_CE_20260907_160937,HDFCBANK,HDFCBANK,SCALP_CE,SCALP_CE,1000.0,1,100,1000.0,50.0,985.0,1030.0,8.5,5000.0,20.0,44.45,2026-09-07T16:09:37.335393Z,6.79,eod_squareoff,-4345.45,-86.91
RELIANCE_1,RELIANCE.NS,RELIANCE,SCALP_CE,SCALP_CE,2500.0,1,250,12500.0,50.0,12000.0,13000.0,8.0,12500.0,20.0,43.76,2026-09-07T16:10:16.763913Z,0.5,sl_hit,-12398.76,-99.19
RELIANCE_1,RELIANCE.NS,RELIANCE,SCALP_CE,SCALP_CE,2500.0,1,250,12500.0,50.0,12000.0,13000.0,8.0,12500.0,20.0,43.76,2026-09-07T16:10:26.936843Z,10103.11,eod_squareoff,2513253.74,20106.03
ICICIBANK_CASH_SELL_20260908_082044,ICICIBANK.NS,ICICIBANK,CASH_SELL,EQUITY_CASH,0.0,1,60,1400.4,1400.4,1414.4,1379.39,2.9,84024.0,20.0,84044.0,2026-09-08T08:20:44.267282Z,,,,
TCS_CASH_BUY_20260908_082044,TCS.NS,TCS,CASH_BUY,EQUITY_CASH,0.0,1,37,2270.0,2270.0,2247.3,2304.05,8.5,83990.0,20.0,84010.0,2026-09-08T08:20:44.268304Z,,,,
BHARTIARTL_CASH_SELL_20260908_082044,BHARTIARTL.NS,BHARTIARTL,CASH_SELL,EQUITY_CASH,0.0,1,46,1835.2,1835.2,1853.55,1807.67,2.0,84419.2,20.0,84439.2,2026-09-08T08:20:44.269320Z,,,,
RELIANCE_CASH_SELL_20260908_082045,RELIANCE.NS,RELIANCE,CASH_SELL,EQUITY_CASH,0.0,1,66,1291.6,1291.6,1304.52,1272.23,1.5,85245.6,20.0,85265.6,2026-09-08T08:20:45.548788Z,,,,
HDFCBANK_CASH_SELL_20260908_082045,HDFCBANK.NS,HDFCBANK,CASH_SELL,EQUITY_CASH,0.0,1,121,704.2,704.2,711.24,693.64,1.5,85208.2,20.0,85228.2,2026-09-08T08:20:45.549946Z,,,,
NIFTY_SCALP_PE_20260908_082056,^NSEI,NIFTY,SCALP_PE,SCALP_PE,23700.0,7,175,23639.65,162.75,23994.24,22930.46,6.46,28481.25,20.0,41.44,2026-09-08T08:20:56.672367Z,,,,
BANKNIFTY_SCALP_PE_20260908_082056,^NSEBANK,BANKNIFTY,SCALP_PE,SCALP_PE,56900.0,4,60,56768.0,383.95,57619.52,55064.96,8.34,23037.0,20.0,38.03,2026-09-08T08:20:56.946794Z,,,,
FINNIFTY_SCALP_PE_20260908_082057,NIFTY_FIN_SERVICE.NS,FINNIFTY,SCALP_PE,SCALP_PE,25750.0,4,100,25707.95,164.63,26093.57,24936.71,8.34,16463.0,20.0,33.91,2026-09-08T08:20:57.111957Z,,,,
NIFTYNXT50_SCALP_CE_20260908_082057,^NSMIDCP,NIFTYNXT50,SCALP_CE,SCALP_CE,72700.0,2,20,72800.65,553.32,71708.64,74984.67,8.85,11066.4,20.0,30.53,2026-09-08T08:20:57.544453Z,,,,
RELIANCE_SCALP_PE_20260908_082057,RELIANCE.NS,RELIANCE,SCALP_PE,SCALP_PE,1320.0,1,250,1291.7,27.55,1311.08,1252.95,6.21,6887.5,20.0,27.91,2026-09-08T08:20:57.801820Z,,,,
TCS_SCALP_CE_20260908_082058,TCS.NS,TCS,SCALP_CE,SCALP_CE,2200.0,1,175,2269.5,72.48,2235.46,2337.59,10.0,12684.0,20.0,31.55,2026-09-08T08:20:58.062953Z,,,,
HDFCBANK_SCALP_PE_20260908_082058,HDFCBANK.NS,HDFCBANK,SCALP_PE,SCALP_PE,720.0,1,550,704.3,15.27,714.86,683.17,6.21,8398.5,20.0,28.86,2026-09-08T08:20:58.546583Z,,,,
ICICIBANK_SCALP_PE_20260908_082058,ICICIBANK.NS,ICICIBANK,SCALP_PE,SCALP_PE,1410.0,1,700,1400.2,13.32,1421.2,1358.19,8.11,9324.0,20.0,29.44,2026-09-08T08:20:58.830649Z,,,,
AXISBANK_SCALP_PE_20260908_082059,AXISBANK.NS,AXISBANK,SCALP_PE,SCALP_PE,1250.0,1,625,1242.4,11.12,1261.04,1205.13,6.21,6950.0,20.0,27.95,2026-09-08T08:20:59.274405Z,,,,
ITC_SCALP_CE_20260908_082059,ITC.NS,ITC,SCALP_CE,SCALP_CE,260.0,1,1600,265.0,5.51,261.02,272.95,10.0,8816.0,20.0,29.12,2026-09-08T08:20:59.927664Z,,,,
HINDUNILVR_SCALP_CE_20260908_082100,HINDUNILVR.NS,HINDUNILVR,SCALP_CE,SCALP_CE,1950.0,1,300,1982.4,36.77,1952.66,2041.87,10.0,11031.0,20.0,30.51,2026-09-08T08:21:00.109760Z,,,,
ICICIBANK_CASH_SELL_20260908_082044,ICICIBANK.NS,ICICIBANK,EQUITY_CASH,EQUITY_CASH,0.0,1,60,1400.4,1400.4,1414.4,1379.39,2.9,84024.0,20.0,40.0,2026-09-08T08:20:44.266620Z,1399.4,eod_squareoff,40.0,0.05
TCS_CASH_BUY_20260908_082044,TCS.NS,TCS,EQUITY_CASH,EQUITY_CASH,0.0,1,37,2270.0,2270.0,2247.3,2304.05,8.5,83990.0,20.0,40.0,2026-09-08T08:20:44.267670Z,2255.5,eod_squareoff,-556.5,-0.66
BHARTIARTL_CASH_SELL_20260908_082044,BHARTIARTL.NS,BHARTIARTL,EQUITY_CASH,EQUITY_CASH,0.0,1,46,1835.2,1835.2,1853.55,1807.67,2.0,84419.2,20.0,40.0,2026-09-08T08:20:44.268635Z,1844.0,eod_squareoff,-424.8,-0.5
RELIANCE_CASH_SELL_20260908_082045,RELIANCE.NS,RELIANCE,EQUITY_CASH,EQUITY_CASH,0.0,1,66,1291.6,1291.6,1304.52,1272.23,1.5,85245.6,20.0,40.0,2026-09-08T08:20:45.547902Z,1294.9,eod_squareoff,-237.8,-0.28
HDFCBANK_CASH_SELL_20260908_082045,HDFCBANK.NS,HDFCBANK,EQUITY_CASH,EQUITY_CASH,0.0,1,121,704.2,704.2,711.24,693.64,1.5,85208.2,20.0,40.0,2026-09-08T08:20:45.549148Z,703.0,eod_squareoff,125.2,0.15
NIFTY_SCALP_PE_20260908_082056,^NSEI,NIFTY,SCALP_PE,SCALP_PE,23700.0,7,175,23639.65,162.75,23994.24,22930.46,6.46,28481.25,20.0,79.52,2026-09-08T08:20:56.671478Z,164.04,eod_squareoff,166.23,0.58
BANKNIFTY_SCALP_PE_20260908_082056,^NSEBANK,BANKNIFTY,SCALP_PE,SCALP_PE,56900.0,4,60,56768.0,383.95,57619.52,55064.96,8.34,23037.0,20.0,71.85,2026-09-08T08:20:56.945653Z,376.22,eod_squareoff,-515.65,-2.24
FINNIFTY_SCALP_PE_20260908_082057,NIFTY_FIN_SERVICE.NS,FINNIFTY,SCALP_PE,SCALP_PE,25750.0,4,100,25707.95,164.63,26093.57,24936.71,8.34,16463.0,20.0,64.84,2026-09-08T08:20:57.111071Z,169.76,eod_squareoff,468.16,2.84
NIFTYNXT50_SCALP_CE_20260908_082057,^NSMIDCP,NIFTYNXT50,SCALP_CE,SCALP_CE,72700.0,2,20,72800.65,553.32,71708.64,74984.67,8.85,11066.4,20.0,59.68,2026-09-08T08:20:57.543343Z,642.43,eod_squareoff,1742.52,15.75
RELIANCE_SCALP_PE_20260908_082057,RELIANCE.NS,RELIANCE,SCALP_PE,SCALP_PE,1320.0,1,250,1291.7,27.55,1311.08,1252.95,6.21,6887.5,20.0,51.32,2026-09-08T08:20:57.800653Z,24.68,eod_squareoff,-748.82,-10.87
TCS_SCALP_CE_20260908_082058,TCS.NS,TCS,SCALP_CE,SCALP_CE,2200.0,1,175,2269.5,72.48,2235.46,2337.59,10.0,12684.0,20.0,56.49,2026-09-08T08:20:58.061887Z,58.88,eod_squareoff,-2416.49,-19.05
HDFCBANK_SCALP_PE_20260908_082058,HDFCBANK.NS,HDFCBANK,SCALP_PE,SCALP_PE,720.0,1,550,704.3,15.27,714.86,683.17,6.21,8398.5,20.0,54.92,2026-09-08T08:20:58.545278Z,16.45,eod_squareoff,614.08,7.31
ICICIBANK_SCALP_PE_20260908_082058,ICICIBANK.NS,ICICIBANK,SCALP_PE,SCALP_PE,1410.0,1,700,1400.2,13.32,1421.2,1358.19,8.11,9324.0,20.0,55.67,2026-09-08T08:20:58.829093Z,13.78,eod_squareoff,286.33,3.07
AXISBANK_SCALP_PE_20260908_082059,AXISBANK.NS,AXISBANK,SCALP_PE,SCALP_PE,1250.0,1,625,1242.4,11.12,1261.04,1205.13,6.21,6950.0,20.0,51.09,2026-09-08T08:20:59.273204Z,9.58,eod_squareoff,-993.59,-14.3
ITC_SCALP_CE_20260908_082059,ITC.NS,ITC,SCALP_CE,SCALP_CE,260.0,1,1600,265.0,5.51,261.02,272.95,10.0,8816.0,20.0,52.01,2026-09-08T08:20:59.926349Z,4.2,eod_squareoff,-2128.01,-24.14
HINDUNILVR_SCALP_CE_20260908_082100,HINDUNILVR.NS,HINDUNILVR,SCALP_CE,SCALP_CE,1950.0,1,300,1982.4,36.77,1952.66,2041.87,10.0,11031.0,20.0,56.6,2026-09-08T08:21:00.108366Z,34.64,eod_squareoff,-675.6,-6.12
RELIANCE_CASH_BUY_20260908_120042,RELIANCE.NS,RELIANCE,CASH_BUY,EQUITY_CASH,0.0,1,65,1294.9,1294.9,1281.95,1314.32,8.0,84168.5,20.0,84188.5,2026-09-08T12:00:42.740695Z,,,,
ICICIBANK_CASH_SELL_20260908_120042,ICICIBANK.NS,ICICIBANK,CASH_SELL,EQUITY_CASH,0.0,1,60,1399.4,1399.4,1413.39,1378.41,1.5,83964.0,20.0,83984.0,2026-09-08T12:00:42.741582Z,,,,
TCS_CASH_SELL_20260908_120042,TCS.NS,TCS,CASH_SELL,EQUITY_CASH,0.0,1,37,2255.5,2255.5,2278.05,2221.67,2.5,83453.5,20.0,83473.5,2026-09-08T12:00:42.742506Z,,,,
MARUTI_CASH_SELL_20260908_120042,MARUTI.NS,MARUTI,CASH_SELL,EQUITY_CASH,0.0,1,6,12641.0,12641.0,12767.41,12451.39,1.5,75846.0,20.0,75866.0,2026-09-08T12:00:42.743455Z,,,,
LT_CASH_SELL_20260908_120042,LT.NS,LT,CASH_SELL,EQUITY_CASH,0.0,1,21,3946.1,3946.1,3985.56,3886.91,2.5,82868.1,20.0,82888.1,2026-09-08T12:00:42.744464Z,,,,
NIFTY_SCALP_PE_20260908_120059,^NSEI,NIFTY,SCALP_PE,SCALP_PE,23700.0,7,175,23635.1,164.04,23989.63,22926.05,6.46,28707.0,20.0,41.58,2026-09-08T12:00:59.609990Z,,,,
BANKNIFTY_SCALP_PE_20260908_120059,^NSEBANK,BANKNIFTY,SCALP_PE,SCALP_PE,56900.0,4,60,56777.55,376.22,57629.21,55074.22,8.34,22573.2,20.0,37.74,2026-09-08T12:00:59.851113Z,,,,
FINNIFTY_SCALP_PE_20260908_120100,NIFTY_FIN_SERVICE.NS,FINNIFTY,SCALP_PE,SCALP_PE,25750.0,4,100,25695.55,169.76,26080.98,24924.68,8.34,16976.0,20.0,34.23,2026-09-08T12:01:00.070037Z,,,,
NIFTYNXT50_SCALP_CE_20260908_120100,^NSMIDCP,NIFTYNXT50,SCALP_CE,SCALP_CE,72900.0,3,30,72955.6,525.86,71861.27,75144.27,10.0,15775.8,20.0,33.48,2026-09-08T12:01:00.522463Z,,,,
RELIANCE_SCALP_CE_20260908_120100,RELIANCE.NS,RELIANCE,SCALP_CE,SCALP_CE,1280.0,2,500,1294.9,18.76,1275.48,1333.75,10.0,9380.0,20.0,29.48,2026-09-08T12:01:00.754901Z,,,,
HDFCBANK_SCALP_PE_20260908_120101,HDFCBANK.NS,HDFCBANK,SCALP_PE,SCALP_PE,720.0,1,550,703.0,16.45,713.54,681.91,7.46,9047.5,20.0,29.27,2026-09-08T12:01:01.603176Z,,,,
SBIN_SCALP_CE_20260908_120102,SBIN.NS,SBIN,SCALP_CE,SCALP_CE,1000.0,1,750,1008.0,11.87,992.88,1038.24,10.0,8902.5,20.0,29.18,2026-09-08T12:01:02.500507Z,,,,
KOTAKBANK_SCALP_PE_20260908_120103,KOTAKBANK.NS,KOTAKBANK,SCALP_PE,SCALP_PE,440.0,1,400,419.25,20.2,425.54,406.67,8.82,8080.0,20.0,28.66,2026-09-08T12:01:03.484908Z,,,,
ITC_SCALP_PE_20260908_120103,ITC.NS,ITC,SCALP_PE,SCALP_PE,270.0,1,1600,263.5,6.28,267.45,255.59,6.93,10048.0,20.0,29.89,2026-09-08T12:01:03.935249Z,,,,
BAJFINANCE_SCALP_PE_20260908_120105,BAJFINANCE.NS,BAJFINANCE,SCALP_PE,SCALP_PE,1200.0,1,125,1054.1,144.41,1069.91,1022.48,6.93,18051.25,20.0,34.91,2026-09-08T12:01:05.044953Z,,,,
MRF_SCALP_PE_20260908_120125,MRF.NS,MRF,SCALP_PE,SCALP_PE,128500.0,1,5,128245.0,838.47,130168.67,124397.65,9.24,4192.35,20.0,26.23,2026-09-08T12:01:25.510801Z,,,,
RELIANCE_CASH_BUY_20260908_120042,RELIANCE.NS,RELIANCE,EQUITY_CASH,EQUITY_CASH,0.0,1,65,1294.9,1294.9,1281.95,1314.32,8.0,84168.5,20.0,40.0,2026-09-08T12:00:42.739937Z,1294.9,eod_squareoff,-20.0,-0.02
ICICIBANK_CASH_SELL_20260908_120042,ICICIBANK.NS,ICICIBANK,EQUITY_CASH,EQUITY_CASH,0.0,1,60,1399.4,1399.4,1413.39,1378.41,1.5,83964.0,20.0,40.0,2026-09-08T12:00:42.741029Z,1399.4,eod_squareoff,-20.0,-0.02
TCS_CASH_SELL_20260908_120042,TCS.NS,TCS,EQUITY_CASH,EQUITY_CASH,0.0,1,37,2255.5,2255.5,2278.05,2221.67,2.5,83453.5,20.0,40.0,2026-09-08T12:00:42.741899Z,2255.5,eod_squareoff,-20.0,-0.02
MARUTI_CASH_SELL_20260908_120042,MARUTI.NS,MARUTI,EQUITY_CASH,EQUITY_CASH,0.0,1,6,12641.0,12641.0,12767.41,12451.39,1.5,75846.0,20.0,40.0,2026-09-08T12:00:42.742802Z,12641.0,eod_squareoff,-20.0,-0.03
LT_CASH_SELL_20260908_120042,LT.NS,LT,EQUITY_CASH,EQUITY_CASH,0.0,1,21,3946.1,3946.1,3985.56,3886.91,2.5,82868.1,20.0,40.0,2026-09-08T12:00:42.743754Z,3946.1,eod_squareoff,-20.0,-0.02
NIFTY_SCALP_PE_20260908_120059,^NSEI,NIFTY,SCALP_PE,SCALP_PE,23700.0,7,175,23635.1,164.04,23989.63,22926.05,6.46,28707.0,20.0,79.52,2026-09-08T12:00:59.609140Z,164.04,eod_squareoff,-59.52,-0.21
BANKNIFTY_SCALP_PE_20260908_120059,^NSEBANK,BANKNIFTY,SCALP_PE,SCALP_PE,56900.0,4,60,56777.55,376.22,57629.21,55074.22,8.34,22573.2,20.0,71.85,2026-09-08T12:00:59.850254Z,376.22,eod_squareoff,-51.85,-0.23
FINNIFTY_SCALP_PE_20260908_120100,NIFTY_FIN_SERVICE.NS,FINNIFTY,SCALP_PE,SCALP_PE,25750.0,4,100,25695.55,169.76,26080.98,24924.68,8.34,16976.0,20.0,64.84,2026-09-08T12:01:00.069154Z,169.76,eod_squareoff,-44.84,-0.26
NIFTYNXT50_SCALP_CE_20260908_120100,^NSMIDCP,NIFTYNXT50,SCALP_CE,SCALP_CE,72900.0,3,30,72955.6,525.86,71861.27,75144.27,10.0,15775.8,20.0,63.34,2026-09-08T12:01:00.521466Z,525.86,eod_squareoff,-43.34,-0.27
RELIANCE_SCALP_CE_20260908_120100,RELIANCE.NS,RELIANCE,SCALP_CE,SCALP_CE,1280.0,2,500,1294.9,18.76,1275.48,1333.75,10.0,9380.0,20.0,55.34,2026-09-08T12:01:00.753791Z,18.76,eod_squareoff,-35.34,-0.38
HDFCBANK_SCALP_PE_20260908_120101,HDFCBANK.NS,HDFCBANK,SCALP_PE,SCALP_PE,720.0,1,550,703.0,16.45,713.54,681.91,7.46,9047.5,20.0,54.92,2026-09-08T12:01:01.601973Z,16.45,eod_squareoff,-34.92,-0.39
SBIN_SCALP_CE_20260908_120102,SBIN.NS,SBIN,SCALP_CE,SCALP_CE,1000.0,1,750,1008.0,11.87,992.88,1038.24,10.0,8902.5,20.0,54.74,2026-09-08T12:01:02.499375Z,11.87,eod_squareoff,-34.74,-0.39
KOTAKBANK_SCALP_PE_20260908_120103,KOTAKBANK.NS,KOTAKBANK,SCALP_PE,SCALP_PE,440.0,1,400,419.25,20.2,425.54,406.67,8.82,8080.0,20.0,53.71,2026-09-08T12:01:03.483689Z,20.2,eod_squareoff,-33.71,-0.42
ITC_SCALP_PE_20260908_120103,ITC.NS,ITC,SCALP_PE,SCALP_PE,270.0,1,1600,263.5,6.28,267.45,255.59,6.93,10048.0,20.0,56.17,2026-09-08T12:01:03.933707Z,6.28,eod_squareoff,-36.17,-0.36
BAJFINANCE_SCALP_PE_20260908_120105,BAJFINANCE.NS,BAJFINANCE,SCALP_PE,SCALP_PE,1200.0,1,125,1054.1,144.41,1069.91,1022.48,6.93,18051.25,20.0,66.19,2026-09-08T12:01:05.043619Z,144.41,eod_squareoff,-46.19,-0.26
MRF_SCALP_PE_20260908_120125,MRF.NS,MRF,SCALP_PE,SCALP_PE,128500.0,1,5,128245.0,838.47,130168.67,124397.65,9.24,4192.35,20.0,48.85,2026-09-08T12:01:25.509434Z,838.47,eod_squareoff,-28.85,-0.69
RELIANCE_CASH_BUY_20260908_135030,RELIANCE.NS,RELIANCE,CASH_BUY,EQUITY_CASH,0.0,1,65,1294.9,1294.9,1281.95,1314.32,8.0,84168.5,20.0,84188.5,2026-09-08T13:50:30.929043Z,,,,
ICICIBANK_CASH_SELL_20260908_135030,ICICIBANK.NS,ICICIBANK,CASH_SELL,EQUITY_CASH,0.0,1,60,1399.4,1399.4,1413.39,1378.41,1.5,83964.0,20.0,83984.0,2026-09-08T13:50:30.929807Z,,,,
TCS_CASH_SELL_20260908_135030,TCS.NS,TCS,CASH_SELL,EQUITY_CASH,0.0,1,37,2255.5,2255.5,2278.05,2221.67,2.5,83453.5,20.0,83473.5,2026-09-08T13:50:30.930523Z,,,,
MARUTI_CASH_SELL_20260908_135030,MARUTI.NS,MARUTI,CASH_SELL,EQUITY_CASH,0.0,1,6,12641.0,12641.0,12767.41,12451.39,1.5,75846.0,20.0,75866.0,2026-09-08T13:50:30.931295Z,,,,
LT_CASH_SELL_20260908_135030,LT.NS,LT,CASH_SELL,EQUITY_CASH,0.0,1,21,3946.1,3946.1,3985.56,3886.91,2.5,82868.1,20.0,82888.1,2026-09-08T13:50:30.932110Z,,,,
NIFTY_SCALP_PE_20260908_135051,^NSEI,NIFTY,SCALP_PE,SCALP_PE,23700.0,7,175,23635.1,164.04,23989.63,22926.05,6.46,28707.0,20.0,41.58,2026-09-08T13:50:51.841134Z,,,,
BANKNIFTY_SCALP_PE_20260908_135052,^NSEBANK,BANKNIFTY,SCALP_PE,SCALP_PE,56900.0,4,60,56777.55,376.22,57629.21,55074.22,8.34,22573.2,20.0,37.74,2026-09-08T13:50:52.161596Z,,,,
FINNIFTY_SCALP_PE_20260908_135052,NIFTY_FIN_SERVICE.NS,FINNIFTY,SCALP_PE,SCALP_PE,25750.0,4,100,25695.55,169.76,26080.98,24924.68,8.34,16976.0,20.0,34.23,2026-09-08T13:50:52.893985Z,,,,
NIFTYNXT50_SCALP_CE_20260908_135053,^NSMIDCP,NIFTYNXT50,SCALP_CE,SCALP_CE,72900.0,3,30,72955.6,525.86,71861.27,75144.27,10.0,15775.8,20.0,33.48,2026-09-08T13:50:53.877069Z,,,,
RELIANCE_SCALP_CE_20260908_135054,RELIANCE.NS,RELIANCE,SCALP_CE,SCALP_CE,1280.0,2,500,1294.9,18.76,1275.48,1333.75,10.0,9380.0,20.0,29.48,2026-09-08T13:50:54.253599Z,,,,
HDFCBANK_SCALP_PE_20260908_135055,HDFCBANK.NS,HDFCBANK,SCALP_PE,SCALP_PE,720.0,1,550,703.0,16.45,713.54,681.91,7.46,9047.5,20.0,29.27,2026-09-08T13:50:55.376694Z,,,,
SBIN_SCALP_CE_20260908_135056,SBIN.NS,SBIN,SCALP_CE,SCALP_CE,1000.0,1,750,1008.0,11.87,992.88,1038.24,10.0,8902.5,20.0,29.18,2026-09-08T13:50:56.141376Z,,,,
KOTAKBANK_SCALP_PE_20260908_135056,KOTAKBANK.NS,KOTAKBANK,SCALP_PE,SCALP_PE,440.0,1,400,419.25,20.2,425.54,406.67,8.82,8080.0,20.0,28.66,2026-09-08T13:50:56.844327Z,,,,
ITC_SCALP_PE_20260908_135057,ITC.NS,ITC,SCALP_PE,SCALP_PE,270.0,1,1600,263.5,6.28,267.45,255.59,6.93,10048.0,20.0,29.89,2026-09-08T13:50:57.513862Z,,,,
BAJFINANCE_SCALP_PE_20260908_135058,BAJFINANCE.NS,BAJFINANCE,SCALP_PE,SCALP_PE,1200.0,1,125,1054.1,144.41,1069.91,1022.48,6.93,18051.25,20.0,34.91,2026-09-08T13:50:58.960888Z,,,,
MRF_SCALP_PE_20260908_135120,MRF.NS,MRF,SCALP_PE,SCALP_PE,128500.0,1,5,128245.0,838.47,130168.67,124397.65,9.24,4192.35,20.0,26.23,2026-09-08T13:51:20.124469Z,,,,
TCS_CASH_SELL_20260908_135030,TCS.NS,TCS,EQUITY_CASH,EQUITY_CASH,0.0,1,37,2255.5,2255.5,2278.05,2221.67,2.5,83453.5,20.0,40.0,2026-09-08T13:50:30.930029Z,2211.1,target_hit,1622.8,1.94
RELIANCE_CASH_BUY_20260909_082254,RELIANCE.NS,RELIANCE,CASH_BUY,EQUITY_CASH,0.0,1,65,1289.1,1289.1,1276.21,1308.44,8.0,83791.5,20.0,83811.5,2026-09-09T08:22:54.869162Z,,,,
RELIANCE_CASH_BUY_20260908_135030,RELIANCE.NS,RELIANCE,EQUITY_CASH,EQUITY_CASH,0.0,1,65,1294.9,1294.9,1281.95,1314.32,8.0,84168.5,20.0,40.0,2026-09-08T13:50:30.928390Z,1279.0,sl_hit,-1053.5,-1.25
ICICIBANK_CASH_SELL_20260908_135030,ICICIBANK.NS,ICICIBANK,EQUITY_CASH,EQUITY_CASH,0.0,1,60,1399.4,1399.4,1413.39,1378.41,1.5,83964.0,20.0,40.0,2026-09-08T13:50:30.929317Z,1389.1,eod_squareoff,598.0,0.71
MARUTI_CASH_SELL_20260908_135030,MARUTI.NS,MARUTI,EQUITY_CASH,EQUITY_CASH,0.0,1,6,12641.0,12641.0,12767.41,12451.39,1.5,75846.0,20.0,40.0,2026-09-08T13:50:30.930759Z,12618.0,eod_squareoff,118.0,0.16
LT_CASH_SELL_20260908_135030,LT.NS,LT,EQUITY_CASH,EQUITY_CASH,0.0,1,21,3946.1,3946.1,3985.56,3886.91,2.5,82868.1,20.0,40.0,2026-09-08T13:50:30.931526Z,3922.6,eod_squareoff,473.5,0.57
NIFTY_SCALP_PE_20260908_135051,^NSEI,NIFTY,SCALP_PE,SCALP_PE,23700.0,7,175,23635.1,164.04,23989.63,22926.05,6.46,28707.0,20.0,110.08,2026-09-08T13:50:51.840318Z,303.59,eod_squareoff,24331.17,84.76
BANKNIFTY_SCALP_PE_20260908_135052,^NSEBANK,BANKNIFTY,SCALP_PE,SCALP_PE,56900.0,4,60,56777.55,376.22,57629.21,55074.22,8.34,22573.2,20.0,96.16,2026-09-08T13:50:52.160905Z,699.95,eod_squareoff,19347.64,85.71
FINNIFTY_SCALP_PE_20260908_135052,NIFTY_FIN_SERVICE.NS,FINNIFTY,SCALP_PE,SCALP_PE,25750.0,4,100,25695.55,169.76,26080.98,24924.68,8.34,16976.0,20.0,92.6,2026-09-08T13:50:52.893249Z,391.58,eod_squareoff,22109.4,130.24
NIFTYNXT50_SCALP_CE_20260908_135053,^NSMIDCP,NIFTYNXT50,SCALP_CE,SCALP_CE,72900.0,3,30,72955.6,525.86,71861.27,75144.27,10.0,15775.8,20.0,62.47,2026-09-08T13:50:53.876096Z,502.62,eod_squareoff,-739.67,-4.69
RELIANCE_SCALP_CE_20260908_135054,RELIANCE.NS,RELIANCE,SCALP_CE,SCALP_CE,1280.0,2,500,1294.9,18.76,1275.48,1333.75,10.0,9380.0,20.0,49.08,2026-09-08T13:50:54.252753Z,8.76,eod_squareoff,-5029.08,-53.61
HDFCBANK_SCALP_PE_20260908_135055,HDFCBANK.NS,HDFCBANK,SCALP_PE,SCALP_PE,720.0,1,550,703.0,16.45,713.54,681.91,7.46,9047.5,20.0,65.63,2026-09-08T13:50:55.375829Z,32.01,eod_squareoff,8512.37,94.09
SBIN_SCALP_CE_20260908_135056,SBIN.NS,SBIN,SCALP_CE,SCALP_CE,1000.0,1,750,1008.0,11.87,992.88,1038.24,10.0,8902.5,20.0,50.66,2026-09-08T13:50:56.140243Z,7.52,eod_squareoff,-3293.16,-36.99
KOTAKBANK_SCALP_PE_20260908_135056,KOTAKBANK.NS,KOTAKBANK,SCALP_PE,SCALP_PE,440.0,1,400,419.25,20.2,425.54,406.67,8.82,8080.0,20.0,56.34,2026-09-08T13:50:56.843174Z,25.45,eod_squareoff,2063.66,25.54
ITC_SCALP_PE_20260908_135057,ITC.NS,ITC,SCALP_PE,SCALP_PE,270.0,1,1600,263.5,6.28,267.45,255.59,6.93,10048.0,20.0,61.42,2026-09-08T13:50:57.512786Z,8.9,eod_squareoff,4150.58,41.31
BAJFINANCE_SCALP_PE_20260908_135058,BAJFINANCE.NS,BAJFINANCE,SCALP_PE,SCALP_PE,1200.0,1,125,1054.1,144.41,1069.91,1022.48,6.93,18051.25,20.0,68.5,2026-09-08T13:50:58.959706Z,159.2,eod_squareoff,1800.25,9.97
MRF_SCALP_PE_20260908_135120,MRF.NS,MRF,SCALP_PE,SCALP_PE,128500.0,1,5,128245.0,838.47,130168.67,124397.65,9.24,4192.35,20.0,48.99,2026-09-08T13:51:20.123258Z,861.51,eod_squareoff,86.21,2.06
RELIANCE_CASH_BUY_20260909_082254,RELIANCE.NS,RELIANCE,EQUITY_CASH,EQUITY_CASH,0.0,1,65,1289.1,1289.1,1276.21,1308.44,8.0,83791.5,20.0,40.0,2026-09-09T08:22:54.867608Z,1279.0,eod_squareoff,-676.5,-0.81
RELIANCE_CASH_SELL_20260909_121214,RELIANCE.NS,RELIANCE,CASH_SELL,EQUITY_CASH,0.0,1,74,1279.0,1279.0,1291.79,1259.82,2.5,94646.0,20.0,94666.0,2026-09-09T12:12:14.448144Z,,,,
HDFCBANK_CASH_SELL_20260909_121214,HDFCBANK.NS,HDFCBANK,CASH_SELL,EQUITY_CASH,0.0,1,138,687.1,687.1,693.97,676.79,2.5,94819.8,20.0,94839.8,2026-09-09T12:12:14.448872Z,,,,
INFY_CASH_SELL_20260909_121214,INFY.NS,INFY,CASH_SELL,EQUITY_CASH,0.0,1,92,1035.0,1035.0,1045.35,1019.48,2.9,95220.0,20.0,95240.0,2026-09-09T12:12:14.449582Z,,,,
BHARTIARTL_CASH_SELL_20260909_121214,BHARTIARTL.NS,BHARTIARTL,CASH_SELL,EQUITY_CASH,0.0,1,52,1814.7,1814.7,1832.85,1787.48,2.5,94364.4,20.0,94384.4,2026-09-09T12:12:14.457929Z,,,,
LT_CASH_SELL_20260909_121214,LT.NS,LT,CASH_SELL,EQUITY_CASH,0.0,1,24,3922.6,3922.6,3961.83,3863.76,2.5,94142.4,20.0,94162.4,2026-09-09T12:12:14.458728Z,,,,
NIFTY_SCALP_PE_20260909_121229,^NSEI,NIFTY,SCALP_PE,SCALP_PE,23500.0,7,175,23431.5,175.55,23782.97,22728.56,6.98,30721.25,20.0,42.84,2026-09-09T12:12:29.474531Z,,,,
BANKNIFTY_SCALP_PE_20260909_121230,^NSEBANK,BANKNIFTY,SCALP_PE,SCALP_PE,56400.0,4,60,56295.55,389.9,57139.98,54606.68,6.46,23394.0,20.0,38.25,2026-09-09T12:12:30.564117Z,,,,
FINNIFTY_SCALP_PE_20260909_121230,NIFTY_FIN_SERVICE.NS,FINNIFTY,SCALP_PE,SCALP_PE,25450.0,4,100,25376.8,189.59,25757.45,24615.5,6.46,18959.0,20.0,35.48,2026-09-09T12:12:30.865371Z,,,,
NIFTYNXT50_SCALP_PE_20260909_121231,^NSMIDCP,NIFTYNXT50,SCALP_PE,SCALP_PE,73000.0,3,30,72850.2,512.16,73942.95,70664.69,7.29,15364.8,20.0,33.22,2026-09-09T12:12:31.438676Z,,,,
RELIANCE_SCALP_PE_20260909_121231,RELIANCE.NS,RELIANCE,SCALP_PE,SCALP_PE,1300.0,2,500,1279.0,21.5,1298.18,1240.63,9.24,10750.0,20.0,30.33,2026-09-09T12:12:31.759373Z,,,,
TCS_SCALP_PE_20260909_121232,TCS.NS,TCS,SCALP_PE,SCALP_PE,2250.0,1,175,2208.0,41.93,2241.12,2141.76,7.46,7337.75,20.0,28.2,2026-09-09T12:12:32.230106Z,,,,
INFY_SCALP_PE_20260909_121232,INFY.NS,INFY,SCALP_PE,SCALP_PE,1060.0,1,300,1035.0,24.37,1050.52,1003.95,8.93,7311.0,20.0,28.18,2026-09-09T12:12:32.583685Z,,,,
HDFCBANK_SCALP_PE_20260909_121232,HDFCBANK.NS,HDFCBANK,SCALP_PE,SCALP_PE,700.0,1,550,687.1,12.9,697.41,666.49,8.82,7095.0,20.0,28.04,2026-09-09T12:12:33.000901Z,,,,
ICICIBANK_SCALP_PE_20260909_121233,ICICIBANK.NS,ICICIBANK,SCALP_PE,SCALP_PE,1400.0,1,700,1389.1,14.51,1409.94,1347.43,6.93,10157.0,20.0,29.96,2026-09-09T12:12:33.397886Z,,,,
SBIN_SCALP_PE_20260909_121233,SBIN.NS,SBIN,SCALP_PE,SCALP_PE,1010.0,1,750,1000.5,11.56,1015.51,970.49,6.93,8670.0,20.0,29.03,2026-09-09T12:12:33.733552Z,,,,
AXISBANK_SCALP_PE_20260909_121234,AXISBANK.NS,AXISBANK,SCALP_PE,SCALP_PE,1250.0,1,625,1238.5,14.14,1257.08,1201.35,6.93,8837.5,20.0,29.14,2026-09-09T12:12:34.047966Z,,,,
LT_SCALP_PE_20260909_121234,LT.NS,LT,SCALP_PE,SCALP_PE,3950.0,1,150,3922.6,38.79,3981.44,3804.92,8.82,5818.5,20.0,27.24,2026-09-09T12:12:34.740507Z,,,,
MARUTI_SCALP_CE_20260909_121236,MARUTI.NS,MARUTI,SCALP_CE,SCALP_CE,12500.0,1,50,12618.0,166.36,12428.73,12996.54,8.61,8318.0,20.0,28.81,2026-09-09T12:12:36.748094Z,,,,
RELIANCE_CASH_SELL_20260909_121214,RELIANCE.NS,RELIANCE,EQUITY_CASH,EQUITY_CASH,0.0,1,74,1279.0,1279.0,1291.79,1259.82,2.5,94646.0,20.0,40.0,2026-09-09T12:12:14.447570Z,1279.0,eod_squareoff,-20.0,-0.02
HDFCBANK_CASH_SELL_20260909_121214,HDFCBANK.NS,HDFCBANK,EQUITY_CASH,EQUITY_CASH,0.0,1,138,687.1,687.1,693.97,676.79,2.5,94819.8,20.0,40.0,2026-09-09T12:12:14.448426Z,687.1,eod_squareoff,-20.0,-0.02
INFY_CASH_SELL_20260909_121214,INFY.NS,INFY,EQUITY_CASH,EQUITY_CASH,0.0,1,92,1035.0,1035.0,1045.35,1019.48,2.9,95220.0,20.0,40.0,2026-09-09T12:12:14.449109Z,1035.0,eod_squareoff,-20.0,-0.02
BHARTIARTL_CASH_SELL_20260909_121214,BHARTIARTL.NS,BHARTIARTL,EQUITY_CASH,EQUITY_CASH,0.0,1,52,1814.7,1814.7,1832.85,1787.48,2.5,94364.4,20.0,40.0,2026-09-09T12:12:14.449820Z,1814.7,eod_squareoff,-20.0,-0.02
LT_CASH_SELL_20260909_121214,LT.NS,LT,EQUITY_CASH,EQUITY_CASH,0.0,1,24,3922.6,3922.6,3961.83,3863.76,2.5,94142.4,20.0,40.0,2026-09-09T12:12:14.458172Z,3922.6,eod_squareoff,-20.0,-0.02
NIFTY_SCALP_PE_20260909_121229,^NSEI,NIFTY,SCALP_PE,SCALP_PE,23500.0,7,175,23431.5,175.55,23782.97,22728.56,6.98,30721.25,20.0,82.04,2026-09-09T12:12:29.473790Z,175.55,eod_squareoff,-62.04,-0.2
BANKNIFTY_SCALP_PE_20260909_121230,^NSEBANK,BANKNIFTY,SCALP_PE,SCALP_PE,56400.0,4,60,56295.55,389.9,57139.98,54606.68,6.46,23394.0,20.0,72.88,2026-09-09T12:12:30.563397Z,389.9,eod_squareoff,-52.88,-0.23
FINNIFTY_SCALP_PE_20260909_121230,NIFTY_FIN_SERVICE.NS,FINNIFTY,SCALP_PE,SCALP_PE,25450.0,4,100,25376.8,189.59,25757.45,24615.5,6.46,18959.0,20.0,67.33,2026-09-09T12:12:30.864675Z,189.59,eod_squareoff,-47.33,-0.25
NIFTYNXT50_SCALP_PE_20260909_121231,^NSMIDCP,NIFTYNXT50,SCALP_PE,SCALP_PE,73000.0,3,30,72850.2,512.16,73942.95,70664.69,7.29,15364.8,20.0,62.83,2026-09-09T12:12:31.437903Z,512.16,eod_squareoff,-42.83,-0.28
RELIANCE_SCALP_PE_20260909_121231,RELIANCE.NS,RELIANCE,SCALP_PE,SCALP_PE,1300.0,2,500,1279.0,21.5,1298.18,1240.63,9.24,10750.0,20.0,57.05,2026-09-09T12:12:31.758541Z,21.5,eod_squareoff,-37.05,-0.34
TCS_SCALP_PE_20260909_121232,TCS.NS,TCS,SCALP_PE,SCALP_PE,2250.0,1,175,2208.0,41.93,2241.12,2141.76,7.46,7337.75,20.0,52.78,2026-09-09T12:12:32.229316Z,41.93,eod_squareoff,-32.78,-0.45
INFY_SCALP_PE_20260909_121232,INFY.NS,INFY,SCALP_PE,SCALP_PE,1060.0,1,300,1035.0,24.37,1050.52,1003.95,8.93,7311.0,20.0,52.75,2026-09-09T12:12:32.582771Z,24.37,eod_squareoff,-32.75,-0.45
HDFCBANK_SCALP_PE_20260909_121232,HDFCBANK.NS,HDFCBANK,SCALP_PE,SCALP_PE,700.0,1,550,687.1,12.9,697.41,666.49,8.82,7095.0,20.0,52.48,2026-09-09T12:12:32.999968Z,12.9,eod_squareoff,-32.48,-0.46
ICICIBANK_SCALP_PE_20260909_121233,ICICIBANK.NS,ICICIBANK,SCALP_PE,SCALP_PE,1400.0,1,700,1389.1,14.51,1409.94,1347.43,6.93,10157.0,20.0,56.31,2026-09-09T12:12:33.396917Z,14.51,eod_squareoff,-36.31,-0.36
SBIN_SCALP_PE_20260909_121233,SBIN.NS,SBIN,SCALP_PE,SCALP_PE,1010.0,1,750,1000.5,11.56,1015.51,970.49,6.93,8670.0,20.0,54.45,2026-09-09T12:12:33.732527Z,11.56,eod_squareoff,-34.45,-0.4
AXISBANK_SCALP_PE_20260909_121234,AXISBANK.NS,AXISBANK,SCALP_PE,SCALP_PE,1250.0,1,625,1238.5,14.14,1257.08,1201.35,6.93,8837.5,20.0,54.66,2026-09-09T12:12:34.046955Z,14.14,eod_squareoff,-34.66,-0.39
LT_SCALP_PE_20260909_121234,LT.NS,LT,SCALP_PE,SCALP_PE,3950.0,1,150,3922.6,38.79,3981.44,3804.92,8.82,5818.5,20.0,50.88,2026-09-09T12:12:34.739399Z,38.79,eod_squareoff,-30.88,-0.53
MARUTI_SCALP_CE_20260909_121236,MARUTI.NS,MARUTI,SCALP_CE,SCALP_CE,12500.0,1,50,12618.0,166.36,12428.73,12996.54,8.61,8318.0,20.0,54.01,2026-09-09T12:12:36.746930Z,166.36,eod_squareoff,-34.01,-0.41
RELIANCE_CASH_SELL_20260909_135314,RELIANCE.NS,RELIANCE,CASH_SELL,EQUITY_CASH,0.0,1,74,1279.0,1279.0,1291.79,1259.82,2.5,94646.0,20.0,94666.0,2026-09-09T13:53:14.966683Z,,,,
HDFCBANK_CASH_SELL_20260909_135314,HDFCBANK.NS,HDFCBANK,CASH_SELL,EQUITY_CASH,0.0,1,138,687.1,687.1,693.97,676.79,2.5,94819.8,20.0,94839.8,2026-09-09T13:53:14.967329Z,,,,
INFY_CASH_SELL_20260909_135314,INFY.NS,INFY,CASH_SELL,EQUITY_CASH,0.0,1,92,1035.0,1035.0,1045.35,1019.48,2.9,95220.0,20.0,95240.0,2026-09-09T13:53:14.967997Z,,,,
BHARTIARTL_CASH_SELL_20260909_135314,BHARTIARTL.NS,BHARTIARTL,CASH_SELL,EQUITY_CASH,0.0,1,52,1814.7,1814.7,1832.85,1787.48,2.5,94364.4,20.0,94384.4,2026-09-09T13:53:14.968732Z,,,,
LT_CASH_SELL_20260909_135314,LT.NS,LT,CASH_SELL,EQUITY_CASH,0.0,1,24,3922.6,3922.6,3961.83,3863.76,2.5,94142.4,20.0,94162.4,2026-09-09T13:53:14.969542Z,,,,
NIFTY_SCALP_PE_20260909_135334,^NSEI,NIFTY,SCALP_PE,SCALP_PE,23500.0,7,175,23431.5,175.55,23782.97,22728.56,6.98,30721.25,20.0,42.84,2026-09-09T13:53:34.527766Z,,,,
BANKNIFTY_SCALP_PE_20260909_135334,^NSEBANK,BANKNIFTY,SCALP_PE,SCALP_PE,56400.0,4,60,56295.55,389.9,57139.98,54606.68,6.46,23394.0,20.0,38.25,2026-09-09T13:53:34.842514Z,,,,
FINNIFTY_SCALP_PE_20260909_135335,NIFTY_FIN_SERVICE.NS,FINNIFTY,SCALP_PE,SCALP_PE,25450.0,4,100,25376.8,189.59,25757.45,24615.5,6.46,18959.0,20.0,35.48,2026-09-09T13:53:35.022915Z,,,,
NIFTYNXT50_SCALP_PE_20260909_135335,^NSMIDCP,NIFTYNXT50,SCALP_PE,SCALP_PE,73000.0,3,30,72850.2,512.16,73942.95,70664.69,7.29,15364.8,20.0,33.22,2026-09-09T13:53:35.494721Z,,,,
RELIANCE_SCALP_PE_20260909_135336,RELIANCE.NS,RELIANCE,SCALP_PE,SCALP_PE,1300.0,2,500,1279.0,21.5,1298.18,1240.63,9.24,10750.0,20.0,30.33,2026-09-09T13:53:36.153352Z,,,,
TCS_SCALP_PE_20260909_135336,TCS.NS,TCS,SCALP_PE,SCALP_PE,2250.0,1,175,2208.0,41.93,2241.12,2141.76,7.46,7337.75,20.0,28.2,2026-09-09T13:53:36.837624Z,,,,
INFY_SCALP_PE_20260909_135337,INFY.NS,INFY,SCALP_PE,SCALP_PE,1060.0,1,300,1035.0,24.37,1050.52,1003.95,8.93,7311.0,20.0,28.18,2026-09-09T13:53:37.069890Z,,,,
HDFCBANK_SCALP_PE_20260909_135337,HDFCBANK.NS,HDFCBANK,SCALP_PE,SCALP_PE,700.0,1,550,687.1,12.9,697.41,666.49,8.82,7095.0,20.0,28.04,2026-09-09T13:53:37.461425Z,,,,
ICICIBANK_SCALP_PE_20260909_135337,ICICIBANK.NS,ICICIBANK,SCALP_PE,SCALP_PE,1400.0,1,700,1389.1,14.51,1409.94,1347.43,6.93,10157.0,20.0,29.96,2026-09-09T13:53:37.718801Z,,,,
SBIN_SCALP_PE_20260909_135338,SBIN.NS,SBIN,SCALP_PE,SCALP_PE,1010.0,1,750,1000.5,11.56,1015.51,970.49,6.93,8670.0,20.0,29.03,2026-09-09T13:53:38.182823Z,,,,
AXISBANK_SCALP_PE_20260909_135338,AXISBANK.NS,AXISBANK,SCALP_PE,SCALP_PE,1250.0,1,625,1238.5,14.14,1257.08,1201.35,6.93,8837.5,20.0,29.14,2026-09-09T13:53:38.553736Z,,,,
LT_SCALP_PE_20260909_135339,LT.NS,LT,SCALP_PE,SCALP_PE,3950.0,1,150,3922.6,38.79,3981.44,3804.92,8.82,5818.5,20.0,27.24,2026-09-09T13:53:39.857807Z,,,,
SUNPHARMA_SCALP_PE_20260909_135345,SUNPHARMA.NS,SUNPHARMA,SCALP_PE,SCALP_PE,1880.0,1,350,1864.9,19.79,1892.87,1808.95,9.24,6926.5,20.0,27.94,2026-09-09T13:53:45.791591Z,,,,
BHARTIARTL_CASH_SELL_20260909_135314,BHARTIARTL.NS,BHARTIARTL,EQUITY_CASH,EQUITY_CASH,0.0,1,52,1814.7,1814.7,1832.85,1787.48,2.5,94364.4,20.0,40.0,2026-09-09T13:53:14.968215Z,1843.5,sl_hit,-1517.6,-1.61
HDFCBANK_CASH_BUY_20260910_082349,HDFCBANK.NS,HDFCBANK,CASH_BUY,EQUITY_CASH,0.0,1,134,693.3,693.3,686.37,703.7,8.5,92902.2,20.0,92922.2,2026-09-10T08:23:49.128711Z,,,,
RELIANCE_CASH_SELL_20260909_135314,RELIANCE.NS,RELIANCE,EQUITY_CASH,EQUITY_CASH,0.0,1,74,1279.0,1279.0,1291.79,1259.82,2.5,94646.0,20.0,40.0,2026-09-09T13:53:14.966183Z,1274.0,eod_squareoff,350.0,0.37
HDFCBANK_CASH_SELL_20260909_135314,HDFCBANK.NS,HDFCBANK,EQUITY_CASH,EQUITY_CASH,0.0,1,138,687.1,687.1,693.97,676.79,2.5,94819.8,20.0,40.0,2026-09-09T13:53:14.966932Z,693.8,eod_squareoff,-944.6,-1.0
INFY_CASH_SELL_20260909_135314,INFY.NS,INFY,EQUITY_CASH,EQUITY_CASH,0.0,1,92,1035.0,1035.0,1045.35,1019.48,2.9,95220.0,20.0,40.0,2026-09-09T13:53:14.967547Z,1036.5,eod_squareoff,-158.0,-0.17
LT_CASH_SELL_20260909_135314,LT.NS,LT,EQUITY_CASH,EQUITY_CASH,0.0,1,24,3922.6,3922.6,3961.83,3863.76,2.5,94142.4,20.0,40.0,2026-09-09T13:53:14.969009Z,3955.0,eod_squareoff,-797.6,-0.85
NIFTY_SCALP_PE_20260909_135334,^NSEI,NIFTY,SCALP_PE,SCALP_PE,23500.0,7,175,23431.5,175.55,23782.97,22728.56,6.98,30721.25,20.0,76.17,2026-09-09T13:53:34.527154Z,148.71,eod_squareoff,-4753.17,-15.47
BANKNIFTY_SCALP_PE_20260909_135334,^NSEBANK,BANKNIFTY,SCALP_PE,SCALP_PE,56400.0,4,60,56295.55,389.9,57139.98,54606.68,6.46,23394.0,20.0,66.05,2026-09-09T13:53:34.841879Z,299.02,eod_squareoff,-5498.85,-23.51
FINNIFTY_SCALP_PE_20260909_135335,NIFTY_FIN_SERVICE.NS,FINNIFTY,SCALP_PE,SCALP_PE,25450.0,4,100,25376.8,189.59,25757.45,24615.5,6.46,18959.0,20.0,58.51,2026-09-09T13:53:35.022181Z,119.14,eod_squareoff,-7083.51,-37.36
NIFTYNXT50_SCALP_PE_20260909_135335,^NSMIDCP,NIFTYNXT50,SCALP_PE,SCALP_PE,73000.0,3,30,72850.2,512.16,73942.95,70664.69,7.29,15364.8,20.0,69.22,2026-09-09T13:53:35.493921Z,682.33,eod_squareoff,5055.88,32.91
RELIANCE_SCALP_PE_20260909_135336,RELIANCE.NS,RELIANCE,SCALP_PE,SCALP_PE,1300.0,2,500,1279.0,21.5,1298.18,1240.63,9.24,10750.0,20.0,59.64,2026-09-09T13:53:36.152414Z,25.64,eod_squareoff,2030.36,18.89
TCS_SCALP_PE_20260909_135336,TCS.NS,TCS,SCALP_PE,SCALP_PE,2250.0,1,175,2208.0,41.93,2241.12,2141.76,7.46,7337.75,20.0,53.49,2026-09-09T13:53:36.823517Z,45.16,eod_squareoff,531.76,7.25
INFY_SCALP_PE_20260909_135337,INFY.NS,INFY,SCALP_PE,SCALP_PE,1060.0,1,300,1035.0,24.37,1050.52,1003.95,8.93,7311.0,20.0,52.22,2026-09-09T13:53:37.067396Z,22.95,eod_squareoff,-458.22,-6.27
HDFCBANK_SCALP_PE_20260909_135337,HDFCBANK.NS,HDFCBANK,SCALP_PE,SCALP_PE,700.0,1,550,687.1,12.9,697.41,666.49,8.82,7095.0,20.0,48.88,2026-09-09T13:53:37.353808Z,7.67,eod_squareoff,-2905.38,-40.95
ICICIBANK_SCALP_PE_20260909_135337,ICICIBANK.NS,ICICIBANK,SCALP_PE,SCALP_PE,1400.0,1,700,1389.1,14.51,1409.94,1347.43,6.93,10157.0,20.0,58.95,2026-09-09T13:53:37.717464Z,17.52,eod_squareoff,2068.05,20.36
SBIN_SCALP_PE_20260909_135338,SBIN.NS,SBIN,SCALP_PE,SCALP_PE,1010.0,1,750,1000.5,11.56,1015.51,970.49,6.93,8670.0,20.0,49.31,2026-09-09T13:53:38.181684Z,6.08,eod_squareoff,-4139.31,-47.74
AXISBANK_SCALP_PE_20260909_135338,AXISBANK.NS,AXISBANK,SCALP_PE,SCALP_PE,1250.0,1,625,1238.5,14.14,1257.08,1201.35,6.93,8837.5,20.0,50.93,2026-09-09T13:53:38.552614Z,9.37,eod_squareoff,-3012.18,-34.08
LT_SCALP_PE_20260909_135339,LT.NS,LT,SCALP_PE,SCALP_PE,3950.0,1,150,3922.6,38.79,3981.44,3804.92,8.82,5818.5,20.0,47.53,2026-09-09T13:53:39.856493Z,20.96,eod_squareoff,-2702.03,-46.44
SUNPHARMA_SCALP_PE_20260909_135345,SUNPHARMA.NS,SUNPHARMA,SCALP_PE,SCALP_PE,1880.0,1,350,1864.9,19.79,1892.87,1808.95,9.24,6926.5,20.0,53.34,2026-09-09T13:53:45.790239Z,22.23,eod_squareoff,820.66,11.85
HDFCBANK_CASH_BUY_20260910_082349,HDFCBANK.NS,HDFCBANK,EQUITY_CASH,EQUITY_CASH,0.0,1,134,693.3,693.3,686.37,703.7,8.5,92902.2,20.0,40.0,2026-09-10T08:23:49.127677Z,693.8,eod_squareoff,47.0,0.05
RELIANCE_CASH_BUY_20260910_120558,RELIANCE.NS,RELIANCE,CASH_BUY,EQUITY_CASH,0.0,1,72,1274.0,1274.0,1261.26,1293.11,7.5,91728.0,20.0,91748.0,2026-09-10T12:05:58.664058Z,,,,
HDFCBANK_CASH_BUY_20260910_120558,HDFCBANK.NS,HDFCBANK,CASH_BUY,EQUITY_CASH,0.0,1,132,693.8,693.8,686.86,704.21,7.5,91581.6,20.0,91601.6,2026-09-10T12:05:58.665138Z,,,,
ICICIBANK_CASH_BUY_20260910_120558,ICICIBANK.NS,ICICIBANK,CASH_BUY,EQUITY_CASH,0.0,1,66,1384.5,1384.5,1370.65,1405.27,7.5,91377.0,20.0,91397.0,2026-09-10T12:05:58.666160Z,,,,
INFY_CASH_BUY_20260910_120558,INFY.NS,INFY,CASH_BUY,EQUITY_CASH,0.0,1,88,1036.5,1036.5,1026.13,1052.05,7.5,91212.0,20.0,91232.0,2026-09-10T12:05:58.667197Z,,,,
BHARTIARTL_CASH_BUY_20260910_120558,BHARTIARTL.NS,BHARTIARTL,CASH_BUY,EQUITY_CASH,0.0,1,49,1839.0,1839.0,1820.61,1866.59,8.5,90111.0,20.0,90131.0,2026-09-10T12:05:58.668277Z,,,,
FINNIFTY_SCALP_CE_20260910_120613,NIFTY_FIN_SERVICE.NS,FINNIFTY,SCALP_CE,SCALP_CE,25450.0,5,125,25520.3,221.15,25137.5,26285.91,7.16,27643.75,20.0,40.92,2026-09-10T12:06:13.148032Z,,,,
MIDCPNIFTY_SCALP_PE_20260910_120613,NIFTY_MID_SELECT.NS,MIDCPNIFTY,SCALP_PE,SCALP_PE,14550.0,5,250,14528.3,96.02,14746.22,14092.45,6.46,24005.0,20.0,38.64,2026-09-10T12:06:13.853914Z,,,,
RELIANCE_SCALP_CE_20260910_120614,RELIANCE.NS,RELIANCE,SCALP_CE,SCALP_CE,1260.0,4,1000,1274.0,18.24,1254.89,1312.22,8.61,18240.0,20.0,35.03,2026-09-10T12:06:14.769986Z,,,,
TCS_SCALP_PE_20260910_120615,TCS.NS,TCS,SCALP_PE,SCALP_PE,2250.0,2,350,2204.1,45.16,2237.16,2137.98,7.25,15806.0,20.0,33.5,2026-09-10T12:06:15.038986Z,,,,
INFY_SCALP_CE_20260910_120615,INFY.NS,INFY,SCALP_CE,SCALP_CE,1020.0,2,600,1036.5,19.0,1020.95,1067.6,10.0,11400.0,20.0,30.74,2026-09-10T12:06:15.271527Z,,,,
HDFCBANK_SCALP_CE_20260910_120615,HDFCBANK.NS,HDFCBANK,SCALP_CE,SCALP_CE,680.0,1,550,693.8,15.14,683.39,714.61,10.0,8327.0,20.0,28.82,2026-09-10T12:06:15.534077Z,,,,
ICICIBANK_SCALP_CE_20260910_120615,ICICIBANK.NS,ICICIBANK,SCALP_CE,SCALP_CE,1370.0,1,700,1384.5,19.27,1363.73,1426.04,8.61,13489.0,20.0,32.05,2026-09-10T12:06:15.785032Z,,,,
SBIN_SCALP_CE_20260910_120616,SBIN.NS,SBIN,SCALP_CE,SCALP_CE,1000.0,1,750,1009.7,13.4,994.55,1039.99,10.0,10050.0,20.0,29.9,2026-09-10T12:06:16.034081Z,,,,
KOTAKBANK_SCALP_CE_20260910_120616,KOTAKBANK.NS,KOTAKBANK,SCALP_CE,SCALP_CE,400.0,1,400,416.55,17.06,410.3,429.05,10.0,6824.0,20.0,27.87,2026-09-10T12:06:16.511678Z,,,,
LT_SCALP_CE_20260910_120616,LT.NS,LT,SCALP_CE,SCALP_CE,3900.0,1,150,3955.0,65.83,3895.67,4073.65,10.0,9874.5,20.0,29.79,2026-09-10T12:06:16.758169Z,,,,
ITC_SCALP_PE_20260910_120617,ITC.NS,ITC,SCALP_PE,SCALP_PE,265.0,1,1600,259.3,5.58,263.19,251.52,8.82,8928.0,20.0,29.19,2026-09-10T12:06:17.018727Z,,,,
RELIANCE_CASH_BUY_20260910_120558,RELIANCE.NS,RELIANCE,EQUITY_CASH,EQUITY_CASH,0.0,1,72,1274.0,1274.0,1261.26,1293.11,7.5,91728.0,20.0,40.0,2026-09-10T12:05:58.663121Z,1274.0,eod_squareoff,-20.0,-0.02
HDFCBANK_CASH_BUY_20260910_120558,HDFCBANK.NS,HDFCBANK,EQUITY_CASH,EQUITY_CASH,0.0,1,132,693.8,693.8,686.86,704.21,7.5,91581.6,20.0,40.0,2026-09-10T12:05:58.664388Z,693.8,eod_squareoff,-20.0,-0.02
ICICIBANK_CASH_BUY_20260910_120558,ICICIBANK.NS,ICICIBANK,EQUITY_CASH,EQUITY_CASH,0.0,1,66,1384.5,1384.5,1370.65,1405.27,7.5,91377.0,20.0,40.0,2026-09-10T12:05:58.665450Z,1384.5,eod_squareoff,-20.0,-0.02
INFY_CASH_BUY_20260910_120558,INFY.NS,INFY,EQUITY_CASH,EQUITY_CASH,0.0,1,88,1036.5,1036.5,1026.13,1052.05,7.5,91212.0,20.0,40.0,2026-09-10T12:05:58.666456Z,1036.5,eod_squareoff,-20.0,-0.02
BHARTIARTL_CASH_BUY_20260910_120558,BHARTIARTL.NS,BHARTIARTL,EQUITY_CASH,EQUITY_CASH,0.0,1,49,1839.0,1839.0,1820.61,1866.59,8.5,90111.0,20.0,40.0,2026-09-10T12:05:58.667493Z,1839.0,eod_squareoff,-20.0,-0.02
FINNIFTY_SCALP_CE_20260910_120613,NIFTY_FIN_SERVICE.NS,FINNIFTY,SCALP_CE,SCALP_CE,25450.0,5,125,25520.3,221.15,25137.5,26285.91,7.16,27643.75,20.0,78.19,2026-09-10T12:06:13.147208Z,221.15,eod_squareoff,-58.19,-0.21
MIDCPNIFTY_SCALP_PE_20260910_120613,NIFTY_MID_SELECT.NS,MIDCPNIFTY,SCALP_PE,SCALP_PE,14550.0,5,250,14528.3,96.02,14746.22,14092.45,6.46,24005.0,20.0,73.64,2026-09-10T12:06:13.852848Z,96.02,eod_squareoff,-53.64,-0.22
RELIANCE_SCALP_CE_20260910_120614,RELIANCE.NS,RELIANCE,SCALP_CE,SCALP_CE,1260.0,4,1000,1274.0,18.24,1254.89,1312.22,8.61,18240.0,20.0,66.43,2026-09-10T12:06:14.769056Z,18.24,eod_squareoff,-46.43,-0.25
TCS_SCALP_PE_20260910_120615,TCS.NS,TCS,SCALP_PE,SCALP_PE,2250.0,2,350,2204.1,45.16,2237.16,2137.98,7.25,15806.0,20.0,63.38,2026-09-10T12:06:15.037802Z,45.16,eod_squareoff,-43.38,-0.27
INFY_SCALP_CE_20260910_120615,INFY.NS,INFY,SCALP_CE,SCALP_CE,1020.0,2,600,1036.5,19.0,1020.95,1067.6,10.0,11400.0,20.0,57.87,2026-09-10T12:06:15.270422Z,19.0,eod_squareoff,-37.87,-0.33
HDFCBANK_SCALP_CE_20260910_120615,HDFCBANK.NS,HDFCBANK,SCALP_CE,SCALP_CE,680.0,1,550,693.8,15.14,683.39,714.61,10.0,8327.0,20.0,54.02,2026-09-10T12:06:15.532937Z,15.14,eod_squareoff,-34.02,-0.41
ICICIBANK_SCALP_CE_20260910_120615,ICICIBANK.NS,ICICIBANK,SCALP_CE,SCALP_CE,1370.0,1,700,1384.5,19.27,1363.73,1426.04,8.61,13489.0,20.0,60.48,2026-09-10T12:06:15.783765Z,19.27,eod_squareoff,-40.48,-0.3
SBIN_SCALP_CE_20260910_120616,SBIN.NS,SBIN,SCALP_CE,SCALP_CE,1000.0,1,750,1009.7,13.4,994.55,1039.99,10.0,10050.0,20.0,56.18,2026-09-10T12:06:16.032616Z,13.4,eod_squareoff,-36.18,-0.36
KOTAKBANK_SCALP_CE_20260910_120616,KOTAKBANK.NS,KOTAKBANK,SCALP_CE,SCALP_CE,400.0,1,400,416.55,17.06,410.3,429.05,10.0,6824.0,20.0,52.14,2026-09-10T12:06:16.510259Z,17.06,eod_squareoff,-32.14,-0.47
LT_SCALP_CE_20260910_120616,LT.NS,LT,SCALP_CE,SCALP_CE,3900.0,1,150,3955.0,65.83,3895.67,4073.65,10.0,9874.5,20.0,55.96,2026-09-10T12:06:16.756689Z,65.83,eod_squareoff,-35.96,-0.36
ITC_SCALP_PE_20260910_120617,ITC.NS,ITC,SCALP_PE,SCALP_PE,265.0,1,1600,259.3,5.58,263.19,251.52,8.82,8928.0,20.0,54.77,2026-09-10T12:06:17.017310Z,5.58,eod_squareoff,-34.77,-0.39
RELIANCE_CASH_BUY_20260910_134738,RELIANCE.NS,RELIANCE,CASH_BUY,EQUITY_CASH,0.0,1,71,1274.0,1274.0,1261.26,1293.11,7.5,90454.0,20.0,90474.0,2026-09-10T13:47:38.677779Z,,,,
HDFCBANK_CASH_BUY_20260910_134738,HDFCBANK.NS,HDFCBANK,CASH_BUY,EQUITY_CASH,0.0,1,132,693.8,693.8,686.86,704.21,7.5,91581.6,20.0,91601.6,2026-09-10T13:47:38.763356Z,,,,
ICICIBANK_CASH_BUY_20260910_134738,ICICIBANK.NS,ICICIBANK,CASH_BUY,EQUITY_CASH,0.0,1,66,1384.5,1384.5,1370.65,1405.27,7.5,91377.0,20.0,91397.0,2026-09-10T13:47:38.763963Z,,,,
INFY_CASH_BUY_20260910_134738,INFY.NS,INFY,CASH_BUY,EQUITY_CASH,0.0,1,88,1036.5,1036.5,1026.13,1052.05,7.5,91212.0,20.0,91232.0,2026-09-10T13:47:38.764454Z,,,,
BHARTIARTL_CASH_BUY_20260910_134738,BHARTIARTL.NS,BHARTIARTL,CASH_BUY,EQUITY_CASH,0.0,1,49,1839.0,1839.0,1820.61,1866.59,8.5,90111.0,20.0,90131.0,2026-09-10T13:47:38.764975Z,,,,
FINNIFTY_SCALP_CE_20260910_134758,NIFTY_FIN_SERVICE.NS,FINNIFTY,SCALP_CE,SCALP_CE,25450.0,5,125,25520.3,221.15,25137.5,26285.91,7.16,27643.75,20.0,40.92,2026-09-10T13:47:58.454797Z,,,,
MIDCPNIFTY_SCALP_PE_20260910_134758,NIFTY_MID_SELECT.NS,MIDCPNIFTY,SCALP_PE,SCALP_PE,14550.0,5,250,14528.3,96.02,14746.22,14092.45,6.46,24005.0,20.0,38.64,2026-09-10T13:47:58.834897Z,,,,
RELIANCE_SCALP_CE_20260910_134759,RELIANCE.NS,RELIANCE,SCALP_CE,SCALP_CE,1260.0,4,1000,1274.0,18.24,1254.89,1312.22,8.61,18240.0,20.0,35.03,2026-09-10T13:47:59.439500Z,,,,
TCS_SCALP_PE_20260910_134759,TCS.NS,TCS,SCALP_PE,SCALP_PE,2250.0,2,350,2204.1,45.16,2237.16,2137.98,7.25,15806.0,20.0,33.5,2026-09-10T13:47:59.782354Z,,,,
INFY_SCALP_CE_20260910_134800,INFY.NS,INFY,SCALP_CE,SCALP_CE,1020.0,2,600,1036.5,19.0,1020.95,1067.6,10.0,11400.0,20.0,30.74,2026-09-10T13:48:00.177234Z,,,,
HDFCBANK_SCALP_CE_20260910_134800,HDFCBANK.NS,HDFCBANK,SCALP_CE,SCALP_CE,680.0,1,550,693.8,15.14,683.39,714.61,10.0,8327.0,20.0,28.82,2026-09-10T13:48:00.531775Z,,,,
ICICIBANK_SCALP_CE_20260910_134800,ICICIBANK.NS,ICICIBANK,SCALP_CE,SCALP_CE,1370.0,1,700,1384.5,19.27,1363.73,1426.04,8.61,13489.0,20.0,32.05,2026-09-10T13:48:00.924879Z,,,,
SBIN_SCALP_CE_20260910_134801,SBIN.NS,SBIN,SCALP_CE,SCALP_CE,1000.0,1,750,1009.7,13.4,994.55,1039.99,10.0,10050.0,20.0,29.9,2026-09-10T13:48:01.283551Z,,,,
KOTAKBANK_SCALP_CE_20260910_134801,KOTAKBANK.NS,KOTAKBANK,SCALP_CE,SCALP_CE,400.0,1,400,414.25,14.78,408.04,426.68,10.0,5912.0,20.0,27.3,2026-09-10T13:48:01.938959Z,,,,
LT_SCALP_CE_20260910_134802,LT.NS,LT,SCALP_CE,SCALP_CE,3900.0,1,150,3955.0,65.83,3895.67,4073.65,10.0,9874.5,20.0,29.79,2026-09-10T13:48:02.255142Z,,,,
ITC_SCALP_PE_20260910_134802,ITC.NS,ITC,SCALP_PE,SCALP_PE,265.0,1,1600,259.3,5.58,263.19,251.52,8.82,8928.0,20.0,29.19,2026-09-10T13:48:02.558910Z,,,,
RELIANCE_CASH_BUY_20260910_134738,RELIANCE.NS,RELIANCE,EQUITY_CASH,EQUITY_CASH,0.0,1,71,1274.0,1274.0,1261.26,1293.11,7.5,90454.0,20.0,40.0,2026-09-10T13:47:38.677308Z,1255.7,sl_hit,-1319.3,-1.46
HDFCBANK_CASH_BUY_20260911_081824,HDFCBANK.NS,HDFCBANK,CASH_BUY,EQUITY_CASH,0.0,1,131,693.6,693.6,686.66,704.0,7.5,90861.6,20.0,90881.6,2026-09-11T08:18:24.333892Z,,,,
HDFCBANK_CASH_BUY_20260910_134738,HDFCBANK.NS,HDFCBANK,EQUITY_CASH,EQUITY_CASH,0.0,1,132,693.8,693.8,686.86,704.21,7.5,91581.6,20.0,40.0,2026-09-10T13:47:38.677963Z,708.25,target_hit,1887.4,2.06
HDFCBANK_CASH_BUY_20260911_081824,HDFCBANK.NS,HDFCBANK,EQUITY_CASH,EQUITY_CASH,0.0,1,131,693.6,693.6,686.66,704.0,7.5,90861.6,20.0,40.0,2026-09-11T08:18:24.332384Z,708.25,target_hit,1899.15,2.09
ICICIBANK_CASH_BUY_20260910_134738,ICICIBANK.NS,ICICIBANK,EQUITY_CASH,EQUITY_CASH,0.0,1,66,1384.5,1384.5,1370.65,1405.27,7.5,91377.0,20.0,40.0,2026-09-10T13:47:38.763614Z,1379.3,eod_squareoff,-363.2,-0.4
INFY_CASH_BUY_20260910_134738,INFY.NS,INFY,EQUITY_CASH,EQUITY_CASH,0.0,1,88,1036.5,1036.5,1026.13,1052.05,7.5,91212.0,20.0,40.0,2026-09-10T13:47:38.764124Z,1037.7,eod_squareoff,85.6,0.09
BHARTIARTL_CASH_BUY_20260910_134738,BHARTIARTL.NS,BHARTIARTL,EQUITY_CASH,EQUITY_CASH,0.0,1,49,1839.0,1839.0,1820.61,1866.59,8.5,90111.0,20.0,40.0,2026-09-10T13:47:38.764605Z,1831.1,eod_squareoff,-407.1,-0.45
FINNIFTY_SCALP_CE_20260910_134758,NIFTY_FIN_SERVICE.NS,FINNIFTY,SCALP_CE,SCALP_CE,25450.0,5,125,25520.3,221.15,25137.5,26285.91,7.16,27643.75,20.0,81.66,2026-09-10T13:47:58.454220Z,243.31,eod_squareoff,2708.34,9.8
MIDCPNIFTY_SCALP_PE_20260910_134758,NIFTY_MID_SELECT.NS,MIDCPNIFTY,SCALP_PE,SCALP_PE,14550.0,5,250,14528.3,96.02,14746.22,14092.45,6.46,24005.0,20.0,66.84,2026-09-10T13:47:58.834184Z,74.3,eod_squareoff,-5476.84,-22.82
RELIANCE_SCALP_CE_20260910_134759,RELIANCE.NS,RELIANCE,SCALP_CE,SCALP_CE,1260.0,4,1000,1274.0,18.24,1254.89,1312.22,8.61,18240.0,20.0,53.67,2026-09-10T13:47:59.438901Z,8.05,eod_squareoff,-10223.67,-56.05
TCS_SCALP_PE_20260910_134759,TCS.NS,TCS,SCALP_PE,SCALP_PE,2250.0,2,350,2204.1,45.16,2237.16,2137.98,7.25,15806.0,20.0,64.79,2026-09-10T13:47:59.781539Z,48.38,eod_squareoff,1082.21,6.85
INFY_SCALP_CE_20260910_134800,INFY.NS,INFY,SCALP_CE,SCALP_CE,1020.0,2,600,1036.5,19.0,1020.95,1067.6,10.0,11400.0,20.0,58.76,2026-09-10T13:48:00.176660Z,20.19,eod_squareoff,675.24,5.92
HDFCBANK_SCALP_CE_20260910_134800,HDFCBANK.NS,HDFCBANK,SCALP_CE,SCALP_CE,680.0,1,550,693.8,15.14,683.39,714.61,10.0,8327.0,20.0,63.64,2026-09-10T13:48:00.531033Z,29.12,eod_squareoff,7645.36,91.81
ICICIBANK_SCALP_CE_20260910_134800,ICICIBANK.NS,ICICIBANK,SCALP_CE,SCALP_CE,1370.0,1,700,1384.5,19.27,1363.73,1426.04,8.61,13489.0,20.0,57.45,2026-09-10T13:48:00.924210Z,15.81,eod_squareoff,-2459.45,-18.23
SBIN_SCALP_CE_20260910_134801,SBIN.NS,SBIN,SCALP_CE,SCALP_CE,1000.0,1,750,1009.7,13.4,994.55,1039.99,10.0,10050.0,20.0,48.6,2026-09-10T13:48:01.282851Z,5.33,eod_squareoff,-6081.1,-60.51
KOTAKBANK_SCALP_CE_20260910_134801,KOTAKBANK.NS,KOTAKBANK,SCALP_CE,SCALP_CE,400.0,1,400,414.25,14.78,408.04,426.68,10.0,5912.0,20.0,53.36,2026-09-10T13:48:01.938227Z,19.5,eod_squareoff,1854.64,31.37
LT_SCALP_CE_20260910_134802,LT.NS,LT,SCALP_CE,SCALP_CE,3900.0,1,150,3955.0,65.83,3895.67,4073.65,10.0,9874.5,20.0,52.6,2026-09-10T13:48:02.254285Z,47.96,eod_squareoff,-2713.1,-27.48
ITC_SCALP_PE_20260910_134802,ITC.NS,ITC,SCALP_PE,SCALP_PE,265.0,1,1600,259.3,5.58,263.19,251.52,8.82,8928.0,20.0,53.87,2026-09-10T13:48:02.558137Z,5.13,eod_squareoff,-753.87,-8.44
RELIANCE_CASH_SELL_20260911_120410,RELIANCE.NS,RELIANCE,CASH_SELL,EQUITY_CASH,0.0,1,71,1257.5,1257.5,1270.08,1238.64,2.5,89282.5,20.0,89302.5,2026-09-11T12:04:10.569036Z,,,,
HDFCBANK_CASH_BUY_20260911_120410,HDFCBANK.NS,HDFCBANK,CASH_BUY,EQUITY_CASH,0.0,1,126,708.25,708.25,701.17,718.87,8.5,89239.5,20.0,89259.5,2026-09-11T12:04:10.570015Z,,,,
INFY_CASH_SELL_20260911_120410,INFY.NS,INFY,CASH_SELL,EQUITY_CASH,0.0,1,86,1037.7,1037.7,1048.08,1022.13,1.5,89242.2,20.0,89262.2,2026-09-11T12:04:10.571022Z,,,,
TCS_CASH_SELL_20260911_120410,TCS.NS,TCS,CASH_SELL,EQUITY_CASH,0.0,1,40,2200.8,2200.8,2222.81,2167.79,3.0,88032.0,20.0,88052.0,2026-09-11T12:04:10.572070Z,,,,
RELIANCE_CASH_SELL_20260911_120411,RELIANCE.NS,RELIANCE,CASH_SELL,EQUITY_CASH,0.0,1,71,1257.5,1257.5,1270.08,1238.64,3.0,89282.5,20.0,89302.5,2026-09-11T12:04:11.680566Z,,,,
NIFTY_SCALP_CE_20260911_120426,^NSEI,NIFTY,SCALP_CE,SCALP_CE,23350.0,6,150,23398.1,199.58,23047.13,24100.04,8.85,29937.0,20.0,42.35,2026-09-11T12:04:26.395144Z,,,,
BANKNIFTY_SCALP_CE_20260911_120426,^NSEBANK,BANKNIFTY,SCALP_CE,SCALP_CE,56500.0,3,45,56606.55,477.23,55757.45,58304.75,8.85,21475.35,20.0,37.05,2026-09-11T12:04:26.689340Z,,,,
FINNIFTY_SCALP_CE_20260911_120426,NIFTY_FIN_SERVICE.NS,FINNIFTY,SCALP_CE,SCALP_CE,25500.0,3,75,25545.4,213.84,25162.22,26311.76,8.85,16038.0,20.0,33.65,2026-09-11T12:04:26.927032Z,,,,
MIDCPNIFTY_SCALP_CE_20260911_120427,NIFTY_MID_SELECT.NS,MIDCPNIFTY,SCALP_CE,SCALP_CE,14550.0,2,100,14584.7,127.13,14365.93,15022.24,8.85,12713.0,20.0,31.56,2026-09-11T12:04:27.170229Z,,,,
NIFTYNXT50_SCALP_CE_20260911_120427,^NSMIDCP,NIFTYNXT50,SCALP_CE,SCALP_CE,72000.0,2,20,72079.5,576.21,70998.31,74241.88,8.85,11524.2,20.0,30.82,2026-09-11T12:04:27.892048Z,,,,
RELIANCE_SCALP_PE_20260911_120428,RELIANCE.NS,RELIANCE,SCALP_PE,SCALP_PE,1280.0,2,500,1257.5,22.79,1276.36,1219.77,8.82,11395.0,20.0,30.74,2026-09-11T12:04:28.117074Z,,,,
INFY_SCALP_PE_20260911_120428,INFY.NS,INFY,SCALP_PE,SCALP_PE,1060.0,1,300,1037.7,22.02,1053.27,1006.57,8.82,6606.0,20.0,27.74,2026-09-11T12:04:28.661279Z,,,,
HDFCBANK_SCALP_CE_20260911_120428,HDFCBANK.NS,HDFCBANK,SCALP_CE,SCALP_CE,680.0,1,550,708.25,29.12,697.63,729.5,10.0,16016.0,20.0,33.63,2026-09-11T12:04:28.926525Z,,,,
KOTAKBANK_SCALP_CE_20260911_120430,KOTAKBANK.NS,KOTAKBANK,SCALP_CE,SCALP_CE,400.0,1,400,419.0,19.5,412.71,431.57,10.0,7800.0,20.0,28.49,2026-09-11T12:04:30.979708Z,,,,
ITC_SCALP_PE_20260911_120431,ITC.NS,ITC,SCALP_PE,SCALP_PE,265.0,1,1600,259.85,5.13,263.75,252.05,8.3,8208.0,20.0,28.74,2026-09-11T12:04:31.550005Z,,,,
BAJAJFINSV_SCALP_CE_20260911_120432,BAJAJFINSV.NS,BAJAJFINSV,SCALP_CE,SCALP_CE,1900.0,1,500,1913.5,22.35,1884.8,1970.9,10.0,11175.0,20.0,30.6,2026-09-11T12:04:32.791036Z,,,,
RELIANCE_CASH_SELL_20260911_120410,RELIANCE.NS,RELIANCE,EQUITY_CASH,EQUITY_CASH,0.0,1,71,1257.5,1257.5,1270.08,1238.64,2.5,89282.5,20.0,40.0,2026-09-11T12:04:10.568256Z,1257.5,eod_squareoff,-20.0,-0.02
HDFCBANK_CASH_BUY_20260911_120410,HDFCBANK.NS,HDFCBANK,EQUITY_CASH,EQUITY_CASH,0.0,1,126,708.25,708.25,701.17,718.87,8.5,89239.5,20.0,40.0,2026-09-11T12:04:10.569360Z,708.25,eod_squareoff,-20.0,-0.02
INFY_CASH_SELL_20260911_120410,INFY.NS,INFY,EQUITY_CASH,EQUITY_CASH,0.0,1,86,1037.7,1037.7,1048.08,1022.13,1.5,89242.2,20.0,40.0,2026-09-11T12:04:10.570312Z,1037.7,eod_squareoff,-20.0,-0.02
TCS_CASH_SELL_20260911_120410,TCS.NS,TCS,EQUITY_CASH,EQUITY_CASH,0.0,1,40,2200.8,2200.8,2222.81,2167.79,3.0,88032.0,20.0,40.0,2026-09-11T12:04:10.571323Z,2200.8,eod_squareoff,-20.0,-0.02
RELIANCE_CASH_SELL_20260911_120411,RELIANCE.NS,RELIANCE,EQUITY_CASH,EQUITY_CASH,0.0,1,71,1257.5,1257.5,1270.08,1238.64,3.0,89282.5,20.0,40.0,2026-09-11T12:04:11.679551Z,1257.5,eod_squareoff,-20.0,-0.02
NIFTY_SCALP_CE_20260911_120426,^NSEI,NIFTY,SCALP_CE,SCALP_CE,23350.0,6,150,23398.1,199.58,23047.13,24100.04,8.85,29937.0,20.0,81.06,2026-09-11T12:04:26.394232Z,199.58,eod_squareoff,-61.06,-0.2
BANKNIFTY_SCALP_CE_20260911_120426,^NSEBANK,BANKNIFTY,SCALP_CE,SCALP_CE,56500.0,3,45,56606.55,477.23,55757.45,58304.75,8.85,21475.35,20.0,70.47,2026-09-11T12:04:26.688468Z,477.23,eod_squareoff,-50.47,-0.24
FINNIFTY_SCALP_CE_20260911_120426,NIFTY_FIN_SERVICE.NS,FINNIFTY,SCALP_CE,SCALP_CE,25500.0,3,75,25545.4,213.84,25162.22,26311.76,8.85,16038.0,20.0,63.67,2026-09-11T12:04:26.926071Z,213.84,eod_squareoff,-43.67,-0.27
MIDCPNIFTY_SCALP_CE_20260911_120427,NIFTY_MID_SELECT.NS,MIDCPNIFTY,SCALP_CE,SCALP_CE,14550.0,2,100,14584.7,127.13,14365.93,15022.24,8.85,12713.0,20.0,59.51,2026-09-11T12:04:27.168730Z,127.13,eod_squareoff,-39.51,-0.31
NIFTYNXT50_SCALP_CE_20260911_120427,^NSMIDCP,NIFTYNXT50,SCALP_CE,SCALP_CE,72000.0,2,20,72079.5,576.21,70998.31,74241.88,8.85,11524.2,20.0,58.02,2026-09-11T12:04:27.890879Z,576.21,eod_squareoff,-38.02,-0.33
RELIANCE_SCALP_PE_20260911_120428,RELIANCE.NS,RELIANCE,SCALP_PE,SCALP_PE,1280.0,2,500,1257.5,22.79,1276.36,1219.77,8.82,11395.0,20.0,57.86,2026-09-11T12:04:28.115509Z,22.79,eod_squareoff,-37.86,-0.33
INFY_SCALP_PE_20260911_120428,INFY.NS,INFY,SCALP_PE,SCALP_PE,1060.0,1,300,1037.7,22.02,1053.27,1006.57,8.82,6606.0,20.0,51.87,2026-09-11T12:04:28.660091Z,22.02,eod_squareoff,-31.87,-0.48
HDFCBANK_SCALP_CE_20260911_120428,HDFCBANK.NS,HDFCBANK,SCALP_CE,SCALP_CE,680.0,1,550,708.25,29.12,697.63,729.5,10.0,16016.0,20.0,63.64,2026-09-11T12:04:28.925291Z,29.12,eod_squareoff,-43.64,-0.27
KOTAKBANK_SCALP_CE_20260911_120430,KOTAKBANK.NS,KOTAKBANK,SCALP_CE,SCALP_CE,400.0,1,400,419.0,19.5,412.71,431.57,10.0,7800.0,20.0,53.36,2026-09-11T12:04:30.978439Z,19.5,eod_squareoff,-33.36,-0.43
ITC_SCALP_PE_20260911_120431,ITC.NS,ITC,SCALP_PE,SCALP_PE,265.0,1,1600,259.85,5.13,263.75,252.05,8.3,8208.0,20.0,53.87,2026-09-11T12:04:31.548552Z,5.13,eod_squareoff,-33.87,-0.41
BAJAJFINSV_SCALP_CE_20260911_120432,BAJAJFINSV.NS,BAJAJFINSV,SCALP_CE,SCALP_CE,1900.0,1,500,1913.5,22.35,1884.8,1970.9,10.0,11175.0,20.0,57.58,2026-09-11T12:04:32.789522Z,22.35,eod_squareoff,-37.58,-0.34
RELIANCE_CASH_SELL_20260911_134835,RELIANCE.NS,RELIANCE,CASH_SELL,EQUITY_CASH,0.0,1,71,1257.5,1257.5,1270.08,1238.64,2.5,89282.5,20.0,89302.5,2026-09-11T13:48:35.718463Z,,,,
HDFCBANK_CASH_BUY_20260911_134835,HDFCBANK.NS,HDFCBANK,CASH_BUY,EQUITY_CASH,0.0,1,126,708.25,708.25,701.17,718.87,8.5,89239.5,20.0,89259.5,2026-09-11T13:48:35.719438Z,,,,
INFY_CASH_SELL_20260911_134835,INFY.NS,INFY,CASH_SELL,EQUITY_CASH,0.0,1,86,1037.7,1037.7,1048.08,1022.13,1.5,89242.2,20.0,89262.2,2026-09-11T13:48:35.720410Z,,,,
TCS_CASH_SELL_20260911_134835,TCS.NS,TCS,CASH_SELL,EQUITY_CASH,0.0,1,40,2200.8,2200.8,2222.81,2167.79,3.0,88032.0,20.0,88052.0,2026-09-11T13:48:35.721408Z,,,,
RELIANCE_CASH_SELL_20260911_134838,RELIANCE.NS,RELIANCE,CASH_SELL,EQUITY_CASH,0.0,1,71,1257.5,1257.5,1270.08,1238.64,3.0,89282.5,20.0,89302.5,2026-09-11T13:48:38.432815Z,,,,
NIFTY_SCALP_CE_20260911_134901,^NSEI,NIFTY,SCALP_CE,SCALP_CE,23350.0,6,150,23398.1,199.58,23047.13,24100.04,8.85,29937.0,20.0,42.35,2026-09-11T13:49:01.706897Z,,,,
BANKNIFTY_SCALP_CE_20260911_134902,^NSEBANK,BANKNIFTY,SCALP_CE,SCALP_CE,56500.0,3,45,56606.55,477.23,55757.45,58304.75,8.85,21475.35,20.0,37.05,2026-09-11T13:49:02.156465Z,,,,
FINNIFTY_SCALP_CE_20260911_134902,NIFTY_FIN_SERVICE.NS,FINNIFTY,SCALP_CE,SCALP_CE,25500.0,3,75,25545.4,213.84,25162.22,26311.76,8.85,16038.0,20.0,33.65,2026-09-11T13:49:02.522689Z,,,,
MIDCPNIFTY_SCALP_CE_20260911_134902,NIFTY_MID_SELECT.NS,MIDCPNIFTY,SCALP_CE,SCALP_CE,14550.0,2,100,14584.7,127.13,14365.93,15022.24,8.85,12713.0,20.0,31.56,2026-09-11T13:49:02.899978Z,,,,
NIFTYNXT50_SCALP_CE_20260911_134903,^NSMIDCP,NIFTYNXT50,SCALP_CE,SCALP_CE,72000.0,2,20,72079.5,576.21,70998.31,74241.88,8.85,11524.2,20.0,30.82,2026-09-11T13:49:03.353949Z,,,,
RELIANCE_SCALP_PE_20260911_134903,RELIANCE.NS,RELIANCE,SCALP_PE,SCALP_PE,1280.0,2,500,1257.5,22.79,1276.36,1219.77,8.82,11395.0,20.0,30.74,2026-09-11T13:49:03.840636Z,,,,
INFY_SCALP_PE_20260911_134904,INFY.NS,INFY,SCALP_PE,SCALP_PE,1060.0,1,300,1037.7,22.02,1053.27,1006.57,8.82,6606.0,20.0,27.74,2026-09-11T13:49:04.983404Z,,,,
HDFCBANK_SCALP_CE_20260911_134905,HDFCBANK.NS,HDFCBANK,SCALP_CE,SCALP_CE,680.0,1,550,708.25,29.12,697.63,729.5,10.0,16016.0,20.0,33.63,2026-09-11T13:49:05.377768Z,,,,
KOTAKBANK_SCALP_CE_20260911_134907,KOTAKBANK.NS,KOTAKBANK,SCALP_CE,SCALP_CE,400.0,1,400,419.0,19.5,412.71,431.57,10.0,7800.0,20.0,28.49,2026-09-11T13:49:07.160639Z,,,,
ITC_SCALP_PE_20260911_134907,ITC.NS,ITC,SCALP_PE,SCALP_PE,265.0,1,1600,259.85,5.13,263.75,252.05,8.3,8208.0,20.0,28.74,2026-09-11T13:49:07.977525Z,,,,
MARUTI_SCALP_PE_20260911_134910,MARUTI.NS,MARUTI,SCALP_PE,SCALP_PE,12500.0,1,50,12400.0,133.02,12586.0,12028.0,7.46,6651.0,20.0,27.77,2026-09-11T13:49:10.125687Z,,,,
RELIANCE_CASH_SELL_20260911_134835,RELIANCE.NS,RELIANCE,EQUITY_CASH,EQUITY_CASH,0.0,1,71,1257.5,1257.5,1270.08,1238.64,2.5,89282.5,20.0,40.0,2026-09-11T13:48:35.717717Z,1257.5,eod_expiry_time,-20.0,-0.02
HDFCBANK_CASH_BUY_20260911_134835,HDFCBANK.NS,HDFCBANK,EQUITY_CASH,EQUITY_CASH,0.0,1,126,708.25,708.25,701.17,718.87,8.5,89239.5,20.0,40.0,2026-09-11T13:48:35.718816Z,708.25,eod_expiry_time,-20.0,-0.02
INFY_CASH_SELL_20260911_134835,INFY.NS,INFY,EQUITY_CASH,EQUITY_CASH,0.0,1,86,1037.7,1037.7,1048.08,1022.13,1.5,89242.2,20.0,40.0,2026-09-11T13:48:35.719768Z,1037.7,eod_expiry_time,-20.0,-0.02
TCS_CASH_SELL_20260911_134835,TCS.NS,TCS,EQUITY_CASH,EQUITY_CASH,0.0,1,40,2200.8,2200.8,2222.81,2167.79,3.0,88032.0,20.0,40.0,2026-09-11T13:48:35.720728Z,2200.8,eod_expiry_time,-20.0,-0.02
RELIANCE_CASH_SELL_20260911_134838,RELIANCE.NS,RELIANCE,EQUITY_CASH,EQUITY_CASH,0.0,1,71,1257.5,1257.5,1270.08,1238.64,3.0,89282.5,20.0,40.0,2026-09-11T13:48:38.431817Z,1257.5,eod_expiry_time,-20.0,-0.02
NIFTY_SCALP_CE_20260911_134901,^NSEI,NIFTY,SCALP_CE,SCALP_CE,23350.0,6,150,23398.1,199.58,23047.13,24100.04,8.85,29937.0,20.0,81.06,2026-09-11T13:49:01.706018Z,199.58,eod_expiry_time,-61.06,-0.2
BANKNIFTY_SCALP_CE_20260911_134902,^NSEBANK,BANKNIFTY,SCALP_CE,SCALP_CE,56500.0,3,45,56606.55,477.23,55757.45,58304.75,8.85,21475.35,20.0,70.47,2026-09-11T13:49:02.155450Z,477.23,eod_expiry_time,-50.47,-0.24
FINNIFTY_SCALP_CE_20260911_134902,NIFTY_FIN_SERVICE.NS,FINNIFTY,SCALP_CE,SCALP_CE,25500.0,3,75,25545.4,213.84,25162.22,26311.76,8.85,16038.0,20.0,63.67,2026-09-11T13:49:02.521807Z,213.84,eod_expiry_time,-43.67,-0.27
MIDCPNIFTY_SCALP_CE_20260911_134902,NIFTY_MID_SELECT.NS,MIDCPNIFTY,SCALP_CE,SCALP_CE,14550.0,2,100,14584.7,127.13,14365.93,15022.24,8.85,12713.0,20.0,59.51,2026-09-11T13:49:02.899019Z,127.13,eod_expiry_time,-39.51,-0.31
NIFTYNXT50_SCALP_CE_20260911_134903,^NSMIDCP,NIFTYNXT50,SCALP_CE,SCALP_CE,72000.0,2,20,72079.5,576.21,70998.31,74241.88,8.85,11524.2,20.0,58.02,2026-09-11T13:49:03.352761Z,576.21,eod_expiry_time,-38.02,-0.33
RELIANCE_SCALP_PE_20260911_134903,RELIANCE.NS,RELIANCE,SCALP_PE,SCALP_PE,1280.0,2,500,1257.5,22.79,1276.36,1219.77,8.82,11395.0,20.0,57.86,2026-09-11T13:49:03.839347Z,22.79,eod_expiry_time,-37.86,-0.33
INFY_SCALP_PE_20260911_134904,INFY.NS,INFY,SCALP_PE,SCALP_PE,1060.0,1,300,1037.7,22.02,1053.27,1006.57,8.82,6606.0,20.0,51.87,2026-09-11T13:49:04.982258Z,22.02,eod_expiry_time,-31.87,-0.48
HDFCBANK_SCALP_CE_20260911_134905,HDFCBANK.NS,HDFCBANK,SCALP_CE,SCALP_CE,680.0,1,550,708.25,29.12,697.63,729.5,10.0,16016.0,20.0,63.64,2026-09-11T13:49:05.376582Z,29.12,eod_expiry_time,-43.64,-0.27
KOTAKBANK_SCALP_CE_20260911_134907,KOTAKBANK.NS,KOTAKBANK,SCALP_CE,SCALP_CE,400.0,1,400,419.0,19.5,412.71,431.57,10.0,7800.0,20.0,53.36,2026-09-11T13:49:07.159238Z,19.5,eod_expiry_time,-33.36,-0.43
ITC_SCALP_PE_20260911_134907,ITC.NS,ITC,SCALP_PE,SCALP_PE,265.0,1,1600,259.85,5.13,263.75,252.05,8.3,8208.0,20.0,53.87,2026-09-11T13:49:07.976256Z,5.13,eod_expiry_time,-33.87,-0.41
MARUTI_SCALP_PE_20260911_134910,MARUTI.NS,MARUTI,SCALP_PE,SCALP_PE,12500.0,1,50,12400.0,133.02,12586.0,12028.0,7.46,6651.0,20.0,51.92,2026-09-11T13:49:10.124257Z,133.02,eod_expiry_time,-31.92,-0.48
RELIANCE_CASH_SELL_20260914_091543,RELIANCE.NS,RELIANCE,CASH_SELL,EQUITY_CASH,0.0,1,71,1257.5,1257.5,1270.08,1238.64,2.5,89282.5,20.0,89302.5,2026-09-14T09:15:43.037381Z,,,,
HDFCBANK_CASH_BUY_20260914_091543,HDFCBANK.NS,HDFCBANK,CASH_BUY,EQUITY_CASH,0.0,1,126,708.25,708.25,701.17,718.87,8.5,89239.5,20.0,89259.5,2026-09-14T09:15:43.038415Z,,,,
BHARTIARTL_CASH_SELL_20260914_091543,BHARTIARTL.NS,BHARTIARTL,CASH_SELL,EQUITY_CASH,0.0,1,48,1831.1,1831.1,1849.41,1803.63,1.5,87892.8,20.0,87912.8,2026-09-14T09:15:43.039466Z,,,,
MARUTI_CASH_SELL_20260914_091543,MARUTI.NS,MARUTI,CASH_SELL,EQUITY_CASH,0.0,1,7,12400.0,12400.0,12524.0,12214.0,1.5,86800.0,20.0,86820.0,2026-09-14T09:15:43.040625Z,,,,
RELIANCE_CASH_SELL_20260914_091550,RELIANCE.NS,RELIANCE,CASH_SELL,EQUITY_CASH,0.0,1,71,1257.5,1257.5,1270.08,1238.64,3.0,89282.5,20.0,89302.5,2026-09-14T09:15:50.794812Z,,,,
MIDCPNIFTY_SCALP_PE_20260914_091623,NIFTY_MID_SELECT.NS,MIDCPNIFTY,SCALP_PE,SCALP_PE,14600.0,6,300,14584.7,97.2,14803.47,14147.16,7.29,29160.0,20.0,41.87,2026-09-14T09:16:23.070502Z,,,,
NIFTYNXT50_SCALP_PE_20260914_091624,^NSMIDCP,NIFTYNXT50,SCALP_PE,SCALP_PE,72200.0,4,40,72079.5,503.05,73160.69,69917.12,7.29,20122.0,20.0,36.2,2026-09-14T09:16:24.021679Z,,,,
RELIANCE_SCALP_PE_20260914_091624,RELIANCE.NS,RELIANCE,SCALP_PE,SCALP_PE,1280.0,3,750,1257.5,22.79,1276.36,1219.77,8.3,17092.5,20.0,34.31,2026-09-14T09:16:24.957902Z,,,,
TCS_SCALP_PE_20260914_091625,TCS.NS,TCS,SCALP_PE,SCALP_PE,2250.0,2,350,2200.8,48.38,2233.81,2134.78,7.77,16933.0,20.0,34.21,2026-09-14T09:16:25.846411Z,,,,
INFY_SCALP_PE_20260914_091626,INFY.NS,INFY,SCALP_PE,SCALP_PE,1060.0,2,600,1037.7,22.02,1053.27,1006.57,6.93,13212.0,20.0,31.88,2026-09-14T09:16:26.704030Z,,,,
HDFCBANK_SCALP_CE_20260914_091627,HDFCBANK.NS,HDFCBANK,SCALP_CE,SCALP_CE,680.0,1,550,708.25,29.12,697.63,729.5,10.0,16016.0,20.0,33.63,2026-09-14T09:16:27.600205Z,,,,
ICICIBANK_SCALP_PE_20260914_091628,ICICIBANK.NS,ICICIBANK,SCALP_PE,SCALP_PE,1390.0,1,700,1379.3,14.52,1399.99,1337.92,7.46,10164.0,20.0,29.97,2026-09-14T09:16:28.491799Z,,,,
SBIN_SCALP_PE_20260914_091629,SBIN.NS,SBIN,SCALP_PE,SCALP_PE,1010.0,1,750,995.7,15.2,1010.64,965.83,6.93,11400.0,20.0,30.74,2026-09-14T09:16:29.373288Z,,,,
AXISBANK_SCALP_PE_20260914_091630,AXISBANK.NS,AXISBANK,SCALP_PE,SCALP_PE,1260.0,1,625,1246.0,16.1,1264.69,1208.62,7.04,10062.5,20.0,29.9,2026-09-14T09:16:30.313473Z,,,,
BAJFINANCE_SCALP_PE_20260914_091635,BAJFINANCE.NS,BAJFINANCE,SCALP_PE,SCALP_PE,1100.0,1,125,1034.5,64.13,1050.02,1003.46,7.77,8016.25,20.0,28.62,2026-09-14T09:16:35.596935Z,,,,
RELIANCE_CASH_SELL_20260914_091543,RELIANCE.NS,RELIANCE,EQUITY_CASH,EQUITY_CASH,0.0,1,71,1257.5,1257.5,1270.08,1238.64,2.5,89282.5,20.0,40.0,2026-09-14T09:15:43.036591Z,1257.5,eod_squareoff,-20.0,-0.02
HDFCBANK_CASH_BUY_20260914_091543,HDFCBANK.NS,HDFCBANK,EQUITY_CASH,EQUITY_CASH,0.0,1,126,708.25,708.25,701.17,718.87,8.5,89239.5,20.0,40.0,2026-09-14T09:15:43.037720Z,708.25,eod_squareoff,-20.0,-0.02
BHARTIARTL_CASH_SELL_20260914_091543,BHARTIARTL.NS,BHARTIARTL,EQUITY_CASH,EQUITY_CASH,0.0,1,48,1831.1,1831.1,1849.41,1803.63,1.5,87892.8,20.0,40.0,2026-09-14T09:15:43.038729Z,1831.1,eod_squareoff,-20.0,-0.02
MARUTI_CASH_SELL_20260914_091543,MARUTI.NS,MARUTI,EQUITY_CASH,EQUITY_CASH,0.0,1,7,12400.0,12400.0,12524.0,12214.0,1.5,86800.0,20.0,40.0,2026-09-14T09:15:43.039861Z,12400.0,eod_squareoff,-20.0,-0.02
RELIANCE_CASH_SELL_20260914_091550,RELIANCE.NS,RELIANCE,EQUITY_CASH,EQUITY_CASH,0.0,1,71,1257.5,1257.5,1270.08,1238.64,3.0,89282.5,20.0,40.0,2026-09-14T09:15:50.793935Z,1257.5,eod_squareoff,-20.0,-0.02
MIDCPNIFTY_SCALP_PE_20260914_091623,NIFTY_MID_SELECT.NS,MIDCPNIFTY,SCALP_PE,SCALP_PE,14600.0,6,300,14584.7,97.2,14803.47,14147.16,7.29,29160.0,20.0,80.09,2026-09-14T09:16:23.069514Z,97.2,eod_squareoff,-60.09,-0.21
NIFTYNXT50_SCALP_PE_20260914_091624,^NSMIDCP,NIFTYNXT50,SCALP_PE,SCALP_PE,72200.0,4,40,72079.5,503.05,73160.69,69917.12,7.29,20122.0,20.0,68.78,2026-09-14T09:16:24.020648Z,503.05,eod_squareoff,-48.78,-0.24
RELIANCE_SCALP_PE_20260914_091624,RELIANCE.NS,RELIANCE,SCALP_PE,SCALP_PE,1280.0,3,750,1257.5,22.79,1276.36,1219.77,8.3,17092.5,20.0,64.99,2026-09-14T09:16:24.956817Z,22.79,eod_squareoff,-44.99,-0.26
TCS_SCALP_PE_20260914_091625,TCS.NS,TCS,SCALP_PE,SCALP_PE,2250.0,2,350,2200.8,48.38,2233.81,2134.78,7.77,16933.0,20.0,64.79,2026-09-14T09:16:25.845220Z,48.38,eod_squareoff,-44.79,-0.26
INFY_SCALP_PE_20260914_091626,INFY.NS,INFY,SCALP_PE,SCALP_PE,1060.0,2,600,1037.7,22.02,1053.27,1006.57,6.93,13212.0,20.0,60.13,2026-09-14T09:16:26.702836Z,22.02,eod_squareoff,-40.13,-0.3
HDFCBANK_SCALP_CE_20260914_091627,HDFCBANK.NS,HDFCBANK,SCALP_CE,SCALP_CE,680.0,1,550,708.25,29.12,697.63,729.5,10.0,16016.0,20.0,63.64,2026-09-14T09:16:27.598942Z,29.12,eod_squareoff,-43.64,-0.27
ICICIBANK_SCALP_PE_20260914_091628,ICICIBANK.NS,ICICIBANK,SCALP_PE,SCALP_PE,1390.0,1,700,1379.3,14.52,1399.99,1337.92,7.46,10164.0,20.0,56.32,2026-09-14T09:16:28.490526Z,14.52,eod_squareoff,-36.32,-0.36
SBIN_SCALP_PE_20260914_091629,SBIN.NS,SBIN,SCALP_PE,SCALP_PE,1010.0,1,750,995.7,15.2,1010.64,965.83,6.93,11400.0,20.0,57.87,2026-09-14T09:16:29.372040Z,15.2,eod_squareoff,-37.87,-0.33
AXISBANK_SCALP_PE_20260914_091630,AXISBANK.NS,AXISBANK,SCALP_PE,SCALP_PE,1260.0,1,625,1246.0,16.1,1264.69,1208.62,7.04,10062.5,20.0,56.19,2026-09-14T09:16:30.312026Z,16.1,eod_squareoff,-36.19,-0.36
BAJFINANCE_SCALP_PE_20260914_091635,BAJFINANCE.NS,BAJFINANCE,SCALP_PE,SCALP_PE,1100.0,1,125,1034.5,64.13,1050.02,1003.46,7.77,8016.25,20.0,53.63,2026-09-14T09:16:35.595506Z,64.13,eod_squareoff,-33.63,-0.42
RELIANCE_CASH_SELL_20260914_134414,RELIANCE.NS,RELIANCE,CASH_SELL,EQUITY_CASH,0.0,1,71,1257.5,1257.5,1270.08,1238.64,2.5,89282.5,20.0,89302.5,2026-09-14T13:44:14.228473Z,,,,
HDFCBANK_CASH_BUY_20260914_134414,HDFCBANK.NS,HDFCBANK,CASH_BUY,EQUITY_CASH,0.0,1,126,708.25,708.25,701.17,718.87,8.5,89239.5,20.0,89259.5,2026-09-14T13:44:14.265343Z,,,,
BHARTIARTL_CASH_SELL_20260914_134414,BHARTIARTL.NS,BHARTIARTL,CASH_SELL,EQUITY_CASH,0.0,1,48,1831.1,1831.1,1849.41,1803.63,1.5,87892.8,20.0,87912.8,2026-09-14T13:44:14.266059Z,,,,
MARUTI_CASH_SELL_20260914_134414,MARUTI.NS,MARUTI,CASH_SELL,EQUITY_CASH,0.0,1,7,12400.0,12400.0,12524.0,12214.0,1.5,86800.0,20.0,86820.0,2026-09-14T13:44:14.283475Z,,,,
RELIANCE_CASH_SELL_20260914_134421,RELIANCE.NS,RELIANCE,CASH_SELL,EQUITY_CASH,0.0,1,71,1257.5,1257.5,1270.08,1238.64,3.0,89282.5,20.0,89302.5,2026-09-14T13:44:21.817755Z,,,,
MIDCPNIFTY_SCALP_PE_20260914_134456,NIFTY_MID_SELECT.NS,MIDCPNIFTY,SCALP_PE,SCALP_PE,14600.0,6,300,14584.7,97.2,14803.47,14147.16,7.29,29160.0,20.0,41.87,2026-09-14T13:44:56.601818Z,,,,
NIFTYNXT50_SCALP_PE_20260914_134457,^NSMIDCP,NIFTYNXT50,SCALP_PE,SCALP_PE,72200.0,4,40,72079.5,503.05,73160.69,69917.12,7.29,20122.0,20.0,36.2,2026-09-14T13:44:57.411189Z,,,,
RELIANCE_SCALP_PE_20260914_134458,RELIANCE.NS,RELIANCE,SCALP_PE,SCALP_PE,1280.0,3,750,1257.5,22.79,1276.36,1219.77,8.3,17092.5,20.0,34.31,2026-09-14T13:44:58.395319Z,,,,
TCS_SCALP_PE_20260914_134459,TCS.NS,TCS,SCALP_PE,SCALP_PE,2250.0,2,350,2200.8,48.38,2233.81,2134.78,7.77,16933.0,20.0,34.21,2026-09-14T13:44:59.316099Z,,,,
INFY_SCALP_PE_20260914_134500,INFY.NS,INFY,SCALP_PE,SCALP_PE,1060.0,2,600,1037.7,22.02,1053.27,1006.57,6.93,13212.0,20.0,31.88,2026-09-14T13:45:00.282392Z,,,,
HDFCBANK_SCALP_CE_20260914_134501,HDFCBANK.NS,HDFCBANK,SCALP_CE,SCALP_CE,680.0,1,550,708.25,29.12,697.63,729.5,10.0,16016.0,20.0,33.63,2026-09-14T13:45:01.245243Z,,,,
ICICIBANK_SCALP_PE_20260914_134502,ICICIBANK.NS,ICICIBANK,SCALP_PE,SCALP_PE,1390.0,1,700,1379.3,14.52,1399.99,1337.92,7.46,10164.0,20.0,29.97,2026-09-14T13:45:02.205664Z,,,,
SBIN_SCALP_PE_20260914_134503,SBIN.NS,SBIN,SCALP_PE,SCALP_PE,1010.0,1,750,995.7,15.2,1010.64,965.83,6.93,11400.0,20.0,30.74,2026-09-14T13:45:03.114397Z,,,,
AXISBANK_SCALP_PE_20260914_134504,AXISBANK.NS,AXISBANK,SCALP_PE,SCALP_PE,1260.0,1,625,1246.0,16.1,1264.69,1208.62,7.04,10062.5,20.0,29.9,2026-09-14T13:45:04.090480Z,,,,
BAJFINANCE_SCALP_PE_20260914_134509,BAJFINANCE.NS,BAJFINANCE,SCALP_PE,SCALP_PE,1100.0,1,125,1034.5,64.13,1050.02,1003.46,7.77,8016.25,20.0,28.62,2026-09-14T13:45:09.859181Z,,,,
RELIANCE_CASH_SELL_20260914_134414,RELIANCE.NS,RELIANCE,EQUITY_CASH,EQUITY_CASH,0.0,1,71,1257.5,1257.5,1270.08,1238.64,2.5,89282.5,20.0,40.0,2026-09-14T13:44:14.227819Z,1257.5,eod_squareoff,-20.0,-0.02
HDFCBANK_CASH_BUY_20260914_134414,HDFCBANK.NS,HDFCBANK,EQUITY_CASH,EQUITY_CASH,0.0,1,126,708.25,708.25,701.17,718.87,8.5,89239.5,20.0,40.0,2026-09-14T13:44:14.228720Z,708.25,eod_squareoff,-20.0,-0.02
BHARTIARTL_CASH_SELL_20260914_134414,BHARTIARTL.NS,BHARTIARTL,EQUITY_CASH,EQUITY_CASH,0.0,1,48,1831.1,1831.1,1849.41,1803.63,1.5,87892.8,20.0,40.0,2026-09-14T13:44:14.265593Z,1831.1,eod_squareoff,-20.0,-0.02
MARUTI_CASH_SELL_20260914_134414,MARUTI.NS,MARUTI,EQUITY_CASH,EQUITY_CASH,0.0,1,7,12400.0,12400.0,12524.0,12214.0,1.5,86800.0,20.0,40.0,2026-09-14T13:44:14.266275Z,12400.0,eod_squareoff,-20.0,-0.02
RELIANCE_CASH_SELL_20260914_134421,RELIANCE.NS,RELIANCE,EQUITY_CASH,EQUITY_CASH,0.0,1,71,1257.5,1257.5,1270.08,1238.64,3.0,89282.5,20.0,40.0,2026-09-14T13:44:21.817033Z,1257.5,eod_squareoff,-20.0,-0.02
MIDCPNIFTY_SCALP_PE_20260914_134456,NIFTY_MID_SELECT.NS,MIDCPNIFTY,SCALP_PE,SCALP_PE,14600.0,6,300,14584.7,97.2,14803.47,14147.16,7.29,29160.0,20.0,80.09,2026-09-14T13:44:56.601179Z,97.2,eod_squareoff,-60.09,-0.21
NIFTYNXT50_SCALP_PE_20260914_134457,^NSMIDCP,NIFTYNXT50,SCALP_PE,SCALP_PE,72200.0,4,40,72079.5,503.05,73160.69,69917.12,7.29,20122.0,20.0,68.78,2026-09-14T13:44:57.410441Z,503.05,eod_squareoff,-48.78,-0.24
RELIANCE_SCALP_PE_20260914_134458,RELIANCE.NS,RELIANCE,SCALP_PE,SCALP_PE,1280.0,3,750,1257.5,22.79,1276.36,1219.77,8.3,17092.5,20.0,64.99,2026-09-14T13:44:58.394622Z,22.79,eod_squareoff,-44.99,-0.26
TCS_SCALP_PE_20260914_134459,TCS.NS,TCS,SCALP_PE,SCALP_PE,2250.0,2,350,2200.8,48.38,2233.81,2134.78,7.77,16933.0,20.0,64.79,2026-09-14T13:44:59.315159Z,48.38,eod_squareoff,-44.79,-0.26
INFY_SCALP_PE_20260914_134500,INFY.NS,INFY,SCALP_PE,SCALP_PE,1060.0,2,600,1037.7,22.02,1053.27,1006.57,6.93,13212.0,20.0,60.13,2026-09-14T13:45:00.281462Z,22.02,eod_squareoff,-40.13,-0.3
HDFCBANK_SCALP_CE_20260914_134501,HDFCBANK.NS,HDFCBANK,SCALP_CE,SCALP_CE,680.0,1,550,708.25,29.12,697.63,729.5,10.0,16016.0,20.0,63.64,2026-09-14T13:45:01.244407Z,29.12,eod_squareoff,-43.64,-0.27
ICICIBANK_SCALP_PE_20260914_134502,ICICIBANK.NS,ICICIBANK,SCALP_PE,SCALP_PE,1390.0,1,700,1379.3,14.52,1399.99,1337.92,7.46,10164.0,20.0,56.32,2026-09-14T13:45:02.204786Z,14.52,eod_squareoff,-36.32,-0.36
SBIN_SCALP_PE_20260914_134503,SBIN.NS,SBIN,SCALP_PE,SCALP_PE,1010.0,1,750,995.7,15.2,1010.64,965.83,6.93,11400.0,20.0,57.87,2026-09-14T13:45:03.113495Z,15.2,eod_squareoff,-37.87,-0.33
AXISBANK_SCALP_PE_20260914_134504,AXISBANK.NS,AXISBANK,SCALP_PE,SCALP_PE,1260.0,1,625,1246.0,16.1,1264.69,1208.62,7.04,10062.5,20.0,56.19,2026-09-14T13:45:04.089509Z,16.1,eod_squareoff,-36.19,-0.36
BAJFINANCE_SCALP_PE_20260914_134509,BAJFINANCE.NS,BAJFINANCE,SCALP_PE,SCALP_PE,1100.0,1,125,1034.5,64.13,1050.02,1003.46,7.77,8016.25,20.0,53.63,2026-09-14T13:45:09.858035Z,64.13,eod_squareoff,-33.63,-0.42
RELIANCE_CASH_SELL_20260914_155929,RELIANCE.NS,RELIANCE,CASH_SELL,EQUITY_CASH,0.0,1,70,1257.5,1257.5,1270.08,1238.64,2.5,88025.0,20.0,88045.0,2026-09-14T15:59:29.836654Z,,,,
HDFCBANK_CASH_BUY_20260914_155929,HDFCBANK.NS,HDFCBANK,CASH_BUY,EQUITY_CASH,0.0,1,125,708.25,708.25,701.17,718.87,8.5,88531.25,20.0,88551.25,2026-09-14T15:59:29.837356Z,,,,
BHARTIARTL_CASH_SELL_20260914_155929,BHARTIARTL.NS,BHARTIARTL,CASH_SELL,EQUITY_CASH,0.0,1,48,1831.1,1831.1,1849.41,1803.63,1.5,87892.8,20.0,87912.8,2026-09-14T15:59:29.838065Z,,,,
MARUTI_CASH_SELL_20260914_155929,MARUTI.NS,MARUTI,CASH_SELL,EQUITY_CASH,0.0,1,7,12400.0,12400.0,12524.0,12214.0,1.5,86800.0,20.0,86820.0,2026-09-14T15:59:29.838930Z,,,,
RELIANCE_CASH_SELL_20260914_155933,RELIANCE.NS,RELIANCE,CASH_SELL,EQUITY_CASH,0.0,1,70,1257.5,1257.5,1270.08,1238.64,3.0,88025.0,20.0,88045.0,2026-09-14T15:59:33.271516Z,,,,
MIDCPNIFTY_SCALP_PE_20260914_155951,NIFTY_MID_SELECT.NS,MIDCPNIFTY,SCALP_PE,SCALP_PE,14600.0,6,300,14584.7,97.2,14803.47,14147.16,7.29,29160.0,20.0,41.87,2026-09-14T15:59:51.125953Z,,,,
NIFTYNXT50_SCALP_PE_20260914_155952,^NSMIDCP,NIFTYNXT50,SCALP_PE,SCALP_PE,72200.0,5,50,72079.5,503.05,73160.69,69917.12,7.29,25152.5,20.0,39.36,2026-09-14T15:59:52.004447Z,,,,
RELIANCE_SCALP_PE_20260914_155952,RELIANCE.NS,RELIANCE,SCALP_PE,SCALP_PE,1280.0,3,750,1257.5,22.79,1276.36,1219.77,8.3,17092.5,20.0,34.31,2026-09-14T15:59:52.722816Z,,,,
TCS_SCALP_PE_20260914_155953,TCS.NS,TCS,SCALP_PE,SCALP_PE,2250.0,1,175,2200.8,48.38,2233.81,2134.78,7.77,8466.5,20.0,28.9,2026-09-14T15:59:53.065443Z,,,,
INFY_SCALP_PE_20260914_155953,INFY.NS,INFY,SCALP_PE,SCALP_PE,1060.0,2,600,1037.7,22.02,1053.27,1006.57,6.93,13212.0,20.0,31.88,2026-09-14T15:59:53.466818Z,,,,
HDFCBANK_SCALP_CE_20260914_155953,HDFCBANK.NS,HDFCBANK,SCALP_CE,SCALP_CE,680.0,1,550,708.25,29.12,697.63,729.5,10.0,16016.0,20.0,33.63,2026-09-14T15:59:53.773049Z,,,,
ICICIBANK_SCALP_PE_20260914_155954,ICICIBANK.NS,ICICIBANK,SCALP_PE,SCALP_PE,1390.0,1,700,1379.3,14.52,1399.99,1337.92,7.46,10164.0,20.0,29.97,2026-09-14T15:59:54.059550Z,,,,
SBIN_SCALP_PE_20260914_155954,SBIN.NS,SBIN,SCALP_PE,SCALP_PE,1010.0,1,750,995.7,15.2,1010.64,965.83,6.93,11400.0,20.0,30.74,2026-09-14T15:59:54.336656Z,,,,
AXISBANK_SCALP_PE_20260914_155954,AXISBANK.NS,AXISBANK,SCALP_PE,SCALP_PE,1260.0,1,625,1246.0,16.1,1264.69,1208.62,7.04,10062.5,20.0,29.9,2026-09-14T15:59:54.646111Z,,,,
LT_SCALP_PE_20260914_155955,LT.NS,LT,SCALP_PE,SCALP_PE,4000.0,1,150,3930.7,70.38,3989.66,3812.78,8.3,10557.0,20.0,30.21,2026-09-14T15:59:55.295240Z,,,,
TCS_SCALP_PE_20260914_155953,TCS.NS,TCS,SCALP_PE,SCALP_PE,2250.0,1,175,2200.8,48.38,2233.81,2134.78,7.77,8466.5,20.0,45.19,2026-09-14T15:59:53.064674Z,7.26,sl_hit,-7221.19,-85.29
INFY_SCALP_PE_20260914_155953,INFY.NS,INFY,SCALP_PE,SCALP_PE,1060.0,2,600,1037.7,22.02,1053.27,1006.57,6.93,13212.0,20.0,45.07,2026-09-14T15:59:53.465936Z,1.96,sl_hit,-12061.07,-91.29
NIFTY_SCALP_PE_20260915_085806,^NSEI,NIFTY,SCALP_PE,SCALP_PE,23250.0,1,25,23208.6,175.97,23556.73,22512.34,8.77,4399.25,20.0,26.36,2026-09-15T08:58:06.946103Z,,,,
RELIANCE_CASH_SELL_20260914_155929,RELIANCE.NS,RELIANCE,EQUITY_CASH,EQUITY_CASH,0.0,1,70,1257.5,1257.5,1270.08,1238.64,2.5,88025.0,20.0,40.0,2026-09-14T15:59:29.836081Z,1235.3,target_hit,1534.0,1.74
RELIANCE_CASH_SELL_20260914_155933,RELIANCE.NS,RELIANCE,EQUITY_CASH,EQUITY_CASH,0.0,1,70,1257.5,1257.5,1270.08,1238.64,3.0,88025.0,20.0,40.0,2026-09-14T15:59:33.270729Z,1235.3,target_hit,1534.0,1.74
HDFCBANK_CASH_BUY_20260914_155929,HDFCBANK.NS,HDFCBANK,EQUITY_CASH,EQUITY_CASH,0.0,1,125,708.25,708.25,701.17,718.87,8.5,88531.25,20.0,40.0,2026-09-14T15:59:29.836927Z,716.55,eod_squareoff,1017.5,1.15
BHARTIARTL_CASH_SELL_20260914_155929,BHARTIARTL.NS,BHARTIARTL,EQUITY_CASH,EQUITY_CASH,0.0,1,48,1831.1,1831.1,1849.41,1803.63,1.5,87892.8,20.0,40.0,2026-09-14T15:59:29.837590Z,1830.4,eod_squareoff,13.6,0.02
MARUTI_CASH_SELL_20260914_155929,MARUTI.NS,MARUTI,EQUITY_CASH,EQUITY_CASH,0.0,1,7,12400.0,12400.0,12524.0,12214.0,1.5,86800.0,20.0,40.0,2026-09-14T15:59:29.838392Z,12231.0,eod_squareoff,1163.0,1.34
MIDCPNIFTY_SCALP_PE_20260914_155951,NIFTY_MID_SELECT.NS,MIDCPNIFTY,SCALP_PE,SCALP_PE,14600.0,6,300,14584.7,97.2,14803.47,14147.16,7.29,29160.0,20.0,168.02,2026-09-14T15:59:51.125284Z,331.41,eod_squareoff,70114.98,240.45
NIFTYNXT50_SCALP_PE_20260914_155952,^NSMIDCP,NIFTYNXT50,SCALP_PE,SCALP_PE,72200.0,5,50,72079.5,503.05,73160.69,69917.12,7.29,25152.5,20.0,161.68,2026-09-14T15:59:52.003626Z,1887.2,eod_squareoff,69065.82,274.59
RELIANCE_SCALP_PE_20260914_155952,RELIANCE.NS,RELIANCE,SCALP_PE,SCALP_PE,1280.0,3,750,1257.5,22.79,1276.36,1219.77,8.3,17092.5,20.0,84.34,2026-09-14T15:59:52.722058Z,43.41,eod_squareoff,15400.66,90.1
HDFCBANK_SCALP_CE_20260914_155953,HDFCBANK.NS,HDFCBANK,SCALP_CE,SCALP_CE,680.0,1,550,708.25,29.12,697.63,729.5,10.0,16016.0,20.0,69.34,2026-09-14T15:59:53.772093Z,37.4,eod_squareoff,4504.66,28.13
ICICIBANK_SCALP_PE_20260914_155954,ICICIBANK.NS,ICICIBANK,SCALP_PE,SCALP_PE,1390.0,1,700,1379.3,14.52,1399.99,1337.92,7.46,10164.0,20.0,77.46,2026-09-14T15:59:54.058619Z,38.65,eod_squareoff,16833.54,165.62
SBIN_SCALP_PE_20260914_155954,SBIN.NS,SBIN,SCALP_PE,SCALP_PE,1010.0,1,750,995.7,15.2,1010.64,965.83,6.93,11400.0,20.0,81.92,2026-09-14T15:59:54.335632Z,40.83,eod_squareoff,19160.58,168.08
AXISBANK_SCALP_PE_20260914_155954,AXISBANK.NS,AXISBANK,SCALP_PE,SCALP_PE,1260.0,1,625,1246.0,16.1,1264.69,1208.62,7.04,10062.5,20.0,71.87,2026-09-14T15:59:54.645030Z,36.15,eod_squareoff,12479.38,124.02
LT_SCALP_PE_20260914_155955,LT.NS,LT,SCALP_PE,SCALP_PE,4000.0,1,150,3930.7,70.38,3989.66,3812.78,8.3,10557.0,20.0,70.81,2026-09-14T15:59:55.294110Z,144.98,eod_squareoff,11139.19,105.51
NIFTY_SCALP_PE_20260915_085806,^NSEI,NIFTY,SCALP_PE,SCALP_PE,23250.0,1,25,23208.6,175.97,23556.73,22512.34,8.77,4399.25,20.0,50.75,2026-09-15T08:58:06.944804Z,228.4,eod_squareoff,1280.0,29.1
RELIANCE_CASH_SELL_20260915_123035,RELIANCE.NS,RELIANCE,CASH_SELL,EQUITY_CASH,0.0,1,97,1235.3,1235.3,1247.65,1216.77,2.5,119824.1,20.0,119844.1,2026-09-15T12:30:35.938304Z,,,,
ICICIBANK_CASH_SELL_20260915_123035,ICICIBANK.NS,ICICIBANK,CASH_SELL,EQUITY_CASH,0.0,1,88,1350.4,1350.4,1363.9,1330.14,1.5,118835.2,20.0,118855.2,2026-09-15T12:30:35.939303Z,,,,
TCS_CASH_SELL_20260915_123035,TCS.NS,TCS,CASH_SELL,EQUITY_CASH,0.0,1,53,2251.0,2251.0,2273.51,2217.24,2.5,119303.0,20.0,119323.0,2026-09-15T12:30:35.940323Z,,,,
MARUTI_CASH_SELL_20260915_123035,MARUTI.NS,MARUTI,CASH_SELL,EQUITY_CASH,0.0,1,9,12231.0,12231.0,12353.31,12047.53,2.5,110079.0,20.0,110099.0,2026-09-15T12:30:35.941380Z,,,,
LT_CASH_SELL_20260915_123035,LT.NS,LT,CASH_SELL,EQUITY_CASH,0.0,1,31,3850.7,3850.7,3889.21,3792.94,1.5,119371.7,20.0,119391.7,2026-09-15T12:30:35.942472Z,,,,
NIFTY_SCALP_PE_20260915_123046,^NSEI,NIFTY,SCALP_PE,SCALP_PE,23150.0,9,225,23118.6,173.27,23465.38,22425.04,8.34,38985.75,20.0,48.02,2026-09-15T12:30:46.013857Z,,,,
BANKNIFTY_SCALP_PE_20260915_123046,^NSEBANK,BANKNIFTY,SCALP_PE,SCALP_PE,55900.0,5,75,55794.75,433.24,56631.67,54120.91,8.34,32493.0,20.0,43.95,2026-09-15T12:30:46.213473Z,,,,
FINNIFTY_SCALP_PE_20260915_123046,NIFTY_FIN_SERVICE.NS,FINNIFTY,SCALP_PE,SCALP_PE,25150.0,5,125,25076.65,208.46,25452.8,24324.35,8.34,26057.5,20.0,39.92,2026-09-15T12:30:46.421753Z,,,,
MIDCPNIFTY_SCALP_PE_20260915_123047,NIFTY_MID_SELECT.NS,MIDCPNIFTY,SCALP_PE,SCALP_PE,14300.0,4,200,14266.35,114.29,14480.35,13838.36,8.34,22858.0,20.0,37.92,2026-09-15T12:30:47.007150Z,,,,
NIFTYNXT50_SCALP_PE_20260915_123047,^NSMIDCP,NIFTYNXT50,SCALP_PE,SCALP_PE,70400.0,3,30,70273.3,542.64,71327.4,68165.1,8.77,16279.2,20.0,33.8,2026-09-15T12:30:47.209790Z,,,,
RELIANCE_SCALP_PE_20260915_123047,RELIANCE.NS,RELIANCE,SCALP_PE,SCALP_PE,1260.0,2,500,1235.3,25.09,1253.83,1198.24,9.24,12545.0,20.0,31.46,2026-09-15T12:30:47.423087Z,,,,
TCS_SCALP_PE_20260915_123047,TCS.NS,TCS,SCALP_PE,SCALP_PE,2300.0,1,175,2251.0,49.11,2284.76,2183.47,9.24,8594.25,20.0,28.98,2026-09-15T12:30:47.655678Z,,,,
INFY_SCALP_PE_20260915_123047,INFY.NS,INFY,SCALP_PE,SCALP_PE,1100.0,1,300,1077.0,23.12,1093.15,1044.69,7.36,6936.0,20.0,27.94,2026-09-15T12:30:47.869123Z,,,,
HDFCBANK_SCALP_PE_20260915_123048,HDFCBANK.NS,HDFCBANK,SCALP_PE,SCALP_PE,740.0,1,550,716.55,22.8,727.3,695.05,7.36,12540.0,20.0,31.46,2026-09-15T12:30:48.230958Z,,,,
SBIN_SCALP_PE_20260915_123048,SBIN.NS,SBIN,SCALP_PE,SCALP_PE,980.0,1,750,968.0,13.87,982.52,938.96,8.82,10402.5,20.0,30.12,2026-09-15T12:30:48.728855Z,,,,
AXISBANK_SCALP_PE_20260915_123049,AXISBANK.NS,AXISBANK,SCALP_PE,SCALP_PE,1230.0,1,625,1222.9,12.17,1241.24,1186.21,8.82,7606.25,20.0,28.36,2026-09-15T12:30:49.002209Z,,,,
KOTAKBANK_SCALP_PE_20260915_123049,KOTAKBANK.NS,KOTAKBANK,SCALP_PE,SCALP_PE,420.0,1,400,409.8,10.07,415.95,397.51,9.24,4028.0,20.0,26.12,2026-09-15T12:30:49.272558Z,,,,
HINDUNILVR_SCALP_PE_20260915_123050,HINDUNILVR.NS,HINDUNILVR,SCALP_PE,SCALP_PE,1975.0,1,300,1938.1,37.81,1967.17,1879.96,8.72,11343.0,20.0,30.71,2026-09-15T12:30:50.210858Z,,,,
RELIANCE_CASH_SELL_20260915_123035,RELIANCE.NS,RELIANCE,EQUITY_CASH,EQUITY_CASH,0.0,1,97,1235.3,1235.3,1247.65,1216.77,2.5,119824.1,20.0,40.0,2026-09-15T12:30:35.937610Z,1235.3,eod_squareoff,-20.0,-0.02
ICICIBANK_CASH_SELL_20260915_123035,ICICIBANK.NS,ICICIBANK,EQUITY_CASH,EQUITY_CASH,0.0,1,88,1350.4,1350.4,1363.9,1330.14,1.5,118835.2,20.0,40.0,2026-09-15T12:30:35.938700Z,1350.4,eod_squareoff,-20.0,-0.02
TCS_CASH_SELL_20260915_123035,TCS.NS,TCS,EQUITY_CASH,EQUITY_CASH,0.0,1,53,2251.0,2251.0,2273.51,2217.24,2.5,119303.0,20.0,40.0,2026-09-15T12:30:35.939697Z,2251.0,eod_squareoff,-20.0,-0.02
MARUTI_CASH_SELL_20260915_123035,MARUTI.NS,MARUTI,EQUITY_CASH,EQUITY_CASH,0.0,1,9,12231.0,12231.0,12353.31,12047.53,2.5,110079.0,20.0,40.0,2026-09-15T12:30:35.940705Z,12231.0,eod_squareoff,-20.0,-0.02
LT_CASH_SELL_20260915_123035,LT.NS,LT,EQUITY_CASH,EQUITY_CASH,0.0,1,31,3850.7,3850.7,3889.21,3792.94,1.5,119371.7,20.0,40.0,2026-09-15T12:30:35.941751Z,3850.7,eod_squareoff,-20.0,-0.02
NIFTY_SCALP_PE_20260915_123046,^NSEI,NIFTY,SCALP_PE,SCALP_PE,23150.0,9,225,23118.6,173.27,23465.38,22425.04,8.34,38985.75,20.0,92.39,2026-09-15T12:30:46.013022Z,173.27,eod_squareoff,-72.39,-0.19
BANKNIFTY_SCALP_PE_20260915_123046,^NSEBANK,BANKNIFTY,SCALP_PE,SCALP_PE,55900.0,5,75,55794.75,433.24,56631.67,54120.91,8.34,32493.0,20.0,84.26,2026-09-15T12:30:46.212499Z,433.24,eod_squareoff,-64.26,-0.2
FINNIFTY_SCALP_PE_20260915_123046,NIFTY_FIN_SERVICE.NS,FINNIFTY,SCALP_PE,SCALP_PE,25150.0,5,125,25076.65,208.46,25452.8,24324.35,8.34,26057.5,20.0,76.21,2026-09-15T12:30:46.420847Z,208.46,eod_squareoff,-56.21,-0.22
MIDCPNIFTY_SCALP_PE_20260915_123047,NIFTY_MID_SELECT.NS,MIDCPNIFTY,SCALP_PE,SCALP_PE,14300.0,4,200,14266.35,114.29,14480.35,13838.36,8.34,22858.0,20.0,72.2,2026-09-15T12:30:47.006006Z,114.29,eod_squareoff,-52.2,-0.23
NIFTYNXT50_SCALP_PE_20260915_123047,^NSMIDCP,NIFTYNXT50,SCALP_PE,SCALP_PE,70400.0,3,30,70273.3,542.64,71327.4,68165.1,8.77,16279.2,20.0,63.97,2026-09-15T12:30:47.208647Z,542.64,eod_squareoff,-43.97,-0.27
RELIANCE_SCALP_PE_20260915_123047,RELIANCE.NS,RELIANCE,SCALP_PE,SCALP_PE,1260.0,2,500,1235.3,25.09,1253.83,1198.24,9.24,12545.0,20.0,59.3,2026-09-15T12:30:47.421976Z,25.09,eod_squareoff,-39.3,-0.31
TCS_SCALP_PE_20260915_123047,TCS.NS,TCS,SCALP_PE,SCALP_PE,2300.0,1,175,2251.0,49.11,2284.76,2183.47,9.24,8594.25,20.0,54.35,2026-09-15T12:30:47.654533Z,49.11,eod_squareoff,-34.35,-0.4
INFY_SCALP_PE_20260915_123047,INFY.NS,INFY,SCALP_PE,SCALP_PE,1100.0,1,300,1077.0,23.12,1093.15,1044.69,7.36,6936.0,20.0,52.28,2026-09-15T12:30:47.867881Z,23.12,eod_squareoff,-32.28,-0.47
HDFCBANK_SCALP_PE_20260915_123048,HDFCBANK.NS,HDFCBANK,SCALP_PE,SCALP_PE,740.0,1,550,716.55,22.8,727.3,695.05,7.36,12540.0,20.0,59.29,2026-09-15T12:30:48.229683Z,22.8,eod_squareoff,-39.29,-0.31
SBIN_SCALP_PE_20260915_123048,SBIN.NS,SBIN,SCALP_PE,SCALP_PE,980.0,1,750,968.0,13.87,982.52,938.96,8.82,10402.5,20.0,56.62,2026-09-15T12:30:48.727567Z,13.87,eod_squareoff,-36.62,-0.35
AXISBANK_SCALP_PE_20260915_123049,AXISBANK.NS,AXISBANK,SCALP_PE,SCALP_PE,1230.0,1,625,1222.9,12.17,1241.24,1186.21,8.82,7606.25,20.0,53.12,2026-09-15T12:30:49.000746Z,12.17,eod_squareoff,-33.12,-0.44
KOTAKBANK_SCALP_PE_20260915_123049,KOTAKBANK.NS,KOTAKBANK,SCALP_PE,SCALP_PE,420.0,1,400,409.8,10.07,415.95,397.51,9.24,4028.0,20.0,48.64,2026-09-15T12:30:49.271071Z,10.07,eod_squareoff,-28.64,-0.71
HINDUNILVR_SCALP_PE_20260915_123050,HINDUNILVR.NS,HINDUNILVR,SCALP_PE,SCALP_PE,1975.0,1,300,1938.1,37.81,1967.17,1879.96,8.72,11343.0,20.0,57.79,2026-09-15T12:30:50.209152Z,37.81,eod_squareoff,-37.79,-0.33
RELIANCE_CASH_SELL_20260915_142709,RELIANCE.NS,RELIANCE,CASH_SELL,EQUITY_CASH,0.0,1,96,1235.3,1235.3,1247.65,1216.77,2.5,118588.8,20.0,118608.8,2026-09-15T14:27:09.109797Z,,,,
ICICIBANK_CASH_SELL_20260915_142709,ICICIBANK.NS,ICICIBANK,CASH_SELL,EQUITY_CASH,0.0,1,88,1350.4,1350.4,1363.9,1330.14,1.5,118835.2,20.0,118855.2,2026-09-15T14:27:09.110787Z,,,,
TCS_CASH_SELL_20260915_142709,TCS.NS,TCS,CASH_SELL,EQUITY_CASH,0.0,1,53,2251.0,2251.0,2273.51,2217.24,2.5,119303.0,20.0,119323.0,2026-09-15T14:27:09.111787Z,,,,
MARUTI_CASH_SELL_20260915_142709,MARUTI.NS,MARUTI,CASH_SELL,EQUITY_CASH,0.0,1,9,12231.0,12231.0,12353.31,12047.53,2.5,110079.0,20.0,110099.0,2026-09-15T14:27:09.112791Z,,,,
LT_CASH_SELL_20260915_142709,LT.NS,LT,CASH_SELL,EQUITY_CASH,0.0,1,31,3850.7,3850.7,3889.21,3792.94,1.5,119371.7,20.0,119391.7,2026-09-15T14:27:09.113852Z,,,,
NIFTY_SCALP_PE_20260915_142730,^NSEI,NIFTY,SCALP_PE,SCALP_PE,23150.0,9,225,23118.6,173.27,23465.38,22425.04,8.34,38985.75,20.0,48.02,2026-09-15T14:27:30.009042Z,,,,
BANKNIFTY_SCALP_PE_20260915_142730,^NSEBANK,BANKNIFTY,SCALP_PE,SCALP_PE,55900.0,5,75,55794.75,433.24,56631.67,54120.91,8.34,32493.0,20.0,43.95,2026-09-15T14:27:30.445713Z,,,,
FINNIFTY_SCALP_PE_20260915_142730,NIFTY_FIN_SERVICE.NS,FINNIFTY,SCALP_PE,SCALP_PE,25150.0,5,125,25076.65,208.46,25452.8,24324.35,8.34,26057.5,20.0,39.92,2026-09-15T14:27:30.859991Z,,,,
MIDCPNIFTY_SCALP_PE_20260915_142731,NIFTY_MID_SELECT.NS,MIDCPNIFTY,SCALP_PE,SCALP_PE,14300.0,4,200,14266.35,114.29,14480.35,13838.36,8.34,22858.0,20.0,37.92,2026-09-15T14:27:31.264791Z,,,,
NIFTYNXT50_SCALP_PE_20260915_142731,^NSMIDCP,NIFTYNXT50,SCALP_PE,SCALP_PE,70400.0,3,30,70273.3,542.64,71327.4,68165.1,8.77,16279.2,20.0,33.8,2026-09-15T14:27:31.738871Z,,,,
RELIANCE_SCALP_PE_20260915_142732,RELIANCE.NS,RELIANCE,SCALP_PE,SCALP_PE,1260.0,2,500,1235.3,25.09,1253.83,1198.24,9.24,12545.0,20.0,31.46,2026-09-15T14:27:32.227219Z,,,,
TCS_SCALP_PE_20260915_142732,TCS.NS,TCS,SCALP_PE,SCALP_PE,2300.0,1,175,2251.0,49.11,2284.76,2183.47,9.24,8594.25,20.0,28.98,2026-09-15T14:27:32.709739Z,,,,
INFY_SCALP_PE_20260915_142733,INFY.NS,INFY,SCALP_PE,SCALP_PE,1100.0,1,300,1077.0,23.12,1093.15,1044.69,7.36,6936.0,20.0,27.94,2026-09-15T14:27:33.249229Z,,,,
HDFCBANK_SCALP_PE_20260915_142733,HDFCBANK.NS,HDFCBANK,SCALP_PE,SCALP_PE,740.0,1,550,716.55,22.8,727.3,695.05,7.36,12540.0,20.0,31.46,2026-09-15T14:27:33.705286Z,,,,
SBIN_SCALP_PE_20260915_142734,SBIN.NS,SBIN,SCALP_PE,SCALP_PE,980.0,1,750,968.0,13.87,982.52,938.96,8.82,10402.5,20.0,30.12,2026-09-15T14:27:34.735886Z,,,,
AXISBANK_SCALP_PE_20260915_142735,AXISBANK.NS,AXISBANK,SCALP_PE,SCALP_PE,1230.0,1,625,1222.9,12.17,1241.24,1186.21,8.82,7606.25,20.0,28.36,2026-09-15T14:27:35.152645Z,,,,
KOTAKBANK_SCALP_PE_20260915_142735,KOTAKBANK.NS,KOTAKBANK,SCALP_PE,SCALP_PE,420.0,1,400,409.8,10.07,415.95,397.51,9.24,4028.0,20.0,26.12,2026-09-15T14:27:35.594457Z,,,,
HINDUNILVR_SCALP_PE_20260915_142736,HINDUNILVR.NS,HINDUNILVR,SCALP_PE,SCALP_PE,1975.0,1,300,1938.1,37.81,1967.17,1879.96,8.72,11343.0,20.0,30.71,2026-09-15T14:27:36.819866Z,,,,
RELIANCE_CASH_SELL_20260915_142709,RELIANCE.NS,RELIANCE,EQUITY_CASH,EQUITY_CASH,0.0,1,96,1235.3,1235.3,1247.65,1216.77,2.5,118588.8,20.0,40.0,2026-09-15T14:27:09.109179Z,1247.8,sl_hit,-1220.0,-1.03
TCS_CASH_SELL_20260915_142709,TCS.NS,TCS,EQUITY_CASH,EQUITY_CASH,0.0,1,53,2251.0,2251.0,2273.51,2217.24,2.5,119303.0,20.0,40.0,2026-09-15T14:27:09.111158Z,2191.3,target_hit,3144.1,2.64
SBIN_SCALP_PE_20260915_142734,SBIN.NS,SBIN,SCALP_PE,SCALP_PE,980.0,1,750,968.0,13.87,982.52,938.96,8.82,10402.5,20.0,46.66,2026-09-15T14:27:34.734573Z,3.26,sl_hit,-7984.16,-76.75
AXISBANK_SCALP_PE_20260915_142735,AXISBANK.NS,AXISBANK,SCALP_PE,SCALP_PE,1230.0,1,625,1222.9,12.17,1241.24,1186.21,8.82,7606.25,20.0,45.53,2026-09-15T14:27:35.151298Z,2.47,sl_hit,-6088.03,-80.04
ICICIBANK_CASH_SELL_20260916_085041,ICICIBANK.NS,ICICIBANK,CASH_SELL,EQUITY_CASH,0.0,1,87,1351.8,1351.8,1365.32,1331.52,2.5,117606.6,20.0,117626.6,2026-09-16T08:50:41.633355Z,,,,
LT_CASH_SELL_20260916_085041,LT.NS,LT,CASH_SELL,EQUITY_CASH,0.0,1,30,3814.1,3814.1,3852.24,3756.89,2.0,114423.0,20.0,114443.0,2026-09-16T08:50:41.634470Z,,,,
NIFTY_SCALP_PE_20260916_085106,^NSEI,NIFTY,SCALP_PE,SCALP_PE,23300.0,1,25,23232.8,188.92,23581.29,22535.82,6.35,4723.0,20.0,26.56,2026-09-16T08:51:06.094066Z,,,,
BANKNIFTY_SCALP_CE_20260916_085106,^NSEBANK,BANKNIFTY,SCALP_CE,SCALP_CE,56200.0,1,15,56271.0,483.21,55426.93,57959.13,7.89,7248.15,20.0,28.14,2026-09-16T08:51:06.475297Z,,,,
TCS_SCALP_PE_20260915_142732,TCS.NS,TCS,SCALP_PE,SCALP_PE,2300.0,1,175,2251.0,49.11,2284.76,2183.47,9.24,8594.25,20.0,69.19,2026-09-15T14:27:32.708587Z,116.86,target_hit,11807.06,137.38
KOTAKBANK_SCALP_PE_20260915_142735,KOTAKBANK.NS,KOTAKBANK,SCALP_PE,SCALP_PE,420.0,1,400,409.8,10.07,415.95,397.51,9.24,4028.0,20.0,45.98,2026-09-15T14:27:35.592856Z,4.76,sl_hit,-2149.98,-53.38
NIFTY_SCALP_PE_20260916_090842,^NSEI,NIFTY,SCALP_PE,SCALP_PE,23300.0,1,25,23229.0,191.01,23577.43,22532.13,6.35,4775.25,20.0,26.59,2026-09-16T09:08:42.084437Z,,,,
BANKNIFTY_SCALP_CE_20260916_090842,^NSEBANK,BANKNIFTY,SCALP_CE,SCALP_CE,56200.0,1,15,56300.9,500.23,55456.39,57989.93,8.85,7503.45,20.0,28.3,2026-09-16T09:08:42.375522Z,,,,
FINNIFTY_SCALP_CE_20260916_090842,NIFTY_FIN_SERVICE.NS,FINNIFTY,SCALP_CE,SCALP_CE,25200.0,1,25,25267.95,237.46,24888.93,26025.99,7.89,5936.5,20.0,27.32,2026-09-16T09:08:42.729437Z,,,,
MPHASIS_SCALP_PE_20260916_090906,MPHASIS.NS,MPHASIS,SCALP_PE,SCALP_PE,2350.0,1,175,2336.7,22.73,2371.75,2266.6,6.63,3977.75,20.0,26.09,2026-09-16T09:09:06.741154Z,,,,
ICICIBANK_CASH_SELL_20260915_142709,ICICIBANK.NS,ICICIBANK,EQUITY_CASH,EQUITY_CASH,0.0,1,88,1350.4,1350.4,1363.9,1330.14,1.5,118835.2,20.0,40.0,2026-09-15T14:27:09.110169Z,1358.8,eod_squareoff,-759.2,-0.64
MARUTI_CASH_SELL_20260915_142709,MARUTI.NS,MARUTI,EQUITY_CASH,EQUITY_CASH,0.0,1,9,12231.0,12231.0,12353.31,12047.53,2.5,110079.0,20.0,40.0,2026-09-15T14:27:09.112151Z,12166.0,eod_squareoff,565.0,0.51
LT_CASH_SELL_20260915_142709,LT.NS,LT,EQUITY_CASH,EQUITY_CASH,0.0,1,31,3850.7,3850.7,3889.21,3792.94,1.5,119371.7,20.0,40.0,2026-09-15T14:27:09.113163Z,3807.7,eod_squareoff,1313.0,1.1
NIFTY_SCALP_PE_20260915_142730,^NSEI,NIFTY,SCALP_PE,SCALP_PE,23150.0,9,225,23118.6,173.27,23465.38,22425.04,8.34,38985.75,20.0,78.62,2026-09-15T14:27:30.008194Z,124.36,eod_squareoff,-11063.37,-28.38
BANKNIFTY_SCALP_PE_20260915_142730,^NSEBANK,BANKNIFTY,SCALP_PE,SCALP_PE,55900.0,5,75,55794.75,433.24,56631.67,54120.91,8.34,32493.0,20.0,63.96,2026-09-15T14:27:30.444785Z,216.98,eod_squareoff,-16263.46,-50.05
FINNIFTY_SCALP_PE_20260915_142730,NIFTY_FIN_SERVICE.NS,FINNIFTY,SCALP_PE,SCALP_PE,25150.0,5,125,25076.65,208.46,25452.8,24324.35,8.34,26057.5,20.0,62.36,2026-09-15T14:27:30.859107Z,119.92,eod_squareoff,-11109.86,-42.64
MIDCPNIFTY_SCALP_PE_20260915_142731,NIFTY_MID_SELECT.NS,MIDCPNIFTY,SCALP_PE,SCALP_PE,14300.0,4,200,14266.35,114.29,14480.35,13838.36,8.34,22858.0,20.0,68.78,2026-09-15T14:27:31.263678Z,100.6,eod_squareoff,-2786.78,-12.19
NIFTYNXT50_SCALP_PE_20260915_142731,^NSMIDCP,NIFTYNXT50,SCALP_PE,SCALP_PE,70400.0,3,30,70273.3,542.64,71327.4,68165.1,8.77,16279.2,20.0,61.61,2026-09-15T14:27:31.737772Z,479.72,eod_squareoff,-1929.21,-11.85
RELIANCE_SCALP_PE_20260915_142732,RELIANCE.NS,RELIANCE,SCALP_PE,SCALP_PE,1260.0,2,500,1235.3,25.09,1253.83,1198.24,9.24,12545.0,20.0,56.81,2026-09-15T14:27:32.226131Z,21.11,eod_squareoff,-2026.81,-16.16
INFY_SCALP_PE_20260915_142733,INFY.NS,INFY,SCALP_PE,SCALP_PE,1100.0,1,300,1077.0,23.12,1093.15,1044.69,7.36,6936.0,20.0,58.17,2026-09-15T14:27:33.247954Z,38.81,eod_squareoff,4668.83,67.31
HDFCBANK_SCALP_PE_20260915_142733,HDFCBANK.NS,HDFCBANK,SCALP_PE,SCALP_PE,740.0,1,550,716.55,22.8,727.3,695.05,7.36,12540.0,20.0,56.09,2026-09-15T14:27:33.703994Z,18.15,eod_squareoff,-2593.59,-20.68
HINDUNILVR_SCALP_PE_20260915_142736,HINDUNILVR.NS,HINDUNILVR,SCALP_PE,SCALP_PE,1975.0,1,300,1938.1,37.81,1967.17,1879.96,8.72,11343.0,20.0,51.17,2026-09-15T14:27:36.818247Z,20.17,eod_squareoff,-5323.17,-46.93
ICICIBANK_CASH_SELL_20260916_085041,ICICIBANK.NS,ICICIBANK,EQUITY_CASH,EQUITY_CASH,0.0,1,87,1351.8,1351.8,1365.32,1331.52,2.5,117606.6,20.0,40.0,2026-09-16T08:50:41.632261Z,1358.8,eod_squareoff,-629.0,-0.53
LT_CASH_SELL_20260916_085041,LT.NS,LT,EQUITY_CASH,EQUITY_CASH,0.0,1,30,3814.1,3814.1,3852.24,3756.89,2.0,114423.0,20.0,40.0,2026-09-16T08:50:41.633590Z,3807.7,eod_squareoff,172.0,0.15
NIFTY_SCALP_PE_20260916_085106,^NSEI,NIFTY,SCALP_PE,SCALP_PE,23300.0,1,25,23232.8,188.92,23581.29,22535.82,6.35,4723.0,20.0,49.76,2026-09-16T08:51:06.093126Z,196.77,eod_squareoff,166.49,3.53
BANKNIFTY_SCALP_CE_20260916_085106,^NSEBANK,BANKNIFTY,SCALP_CE,SCALP_CE,56200.0,1,15,56271.0,483.21,55426.93,57959.13,7.89,7248.15,20.0,52.88,2026-09-16T08:51:06.474377Z,494.43,eod_squareoff,135.42,1.87
NIFTY_SCALP_PE_20260916_090842,^NSEI,NIFTY,SCALP_PE,SCALP_PE,23300.0,1,25,23229.0,191.01,23577.43,22532.13,6.35,4775.25,20.0,49.76,2026-09-16T09:08:42.083595Z,196.77,eod_squareoff,114.24,2.39
BANKNIFTY_SCALP_CE_20260916_090842,^NSEBANK,BANKNIFTY,SCALP_CE,SCALP_CE,56200.0,1,15,56300.9,500.23,55456.39,57989.93,8.85,7503.45,20.0,52.88,2026-09-16T09:08:42.374696Z,494.43,eod_squareoff,-119.88,-1.6
FINNIFTY_SCALP_CE_20260916_090842,NIFTY_FIN_SERVICE.NS,FINNIFTY,SCALP_CE,SCALP_CE,25200.0,1,25,25267.95,237.46,24888.93,26025.99,7.89,5936.5,20.0,50.91,2026-09-16T09:08:42.728572Z,233.76,eod_squareoff,-123.41,-2.08
MPHASIS_SCALP_PE_20260916_090906,MPHASIS.NS,MPHASIS,SCALP_PE,SCALP_PE,2350.0,1,175,2336.7,22.73,2371.75,2266.6,6.63,3977.75,20.0,51.54,2026-09-16T09:09:06.740048Z,36.27,eod_squareoff,2337.96,58.78
RELIANCE_CASH_SELL_20260916_122818,RELIANCE.NS,RELIANCE,CASH_SELL,EQUITY_CASH,0.0,1,90,1240.0,1240.0,1252.4,1221.4,2.5,111600.0,20.0,111620.0,2026-09-16T12:28:18.680812Z,,,,
ICICIBANK_CASH_BUY_20260916_122818,ICICIBANK.NS,ICICIBANK,CASH_BUY,EQUITY_CASH,0.0,1,82,1358.8,1358.8,1345.21,1379.18,7.5,111421.6,20.0,111441.6,2026-09-16T12:28:18.681775Z,,,,
LT_CASH_SELL_20260916_122818,LT.NS,LT,CASH_SELL,EQUITY_CASH,0.0,1,29,3807.7,3807.7,3845.78,3750.58,1.5,110423.3,20.0,110443.3,2026-09-16T12:28:18.682848Z,,,,
SBIN_CASH_BUY_20260916_122818,SBIN.NS,SBIN,CASH_BUY,EQUITY_CASH,0.0,1,113,991.4,991.4,981.49,1006.27,7.8,112028.2,20.0,112048.2,2026-09-16T12:28:18.683973Z,,,,
RELIANCE_CASH_SELL_20260916_122819,RELIANCE.NS,RELIANCE,CASH_SELL,EQUITY_CASH,0.0,1,90,1240.0,1240.0,1252.4,1221.4,2.5,111600.0,20.0,111620.0,2026-09-16T12:28:19.848797Z,,,,
BANKNIFTY_SCALP_CE_20260916_122833,^NSEBANK,BANKNIFTY,SCALP_CE,SCALP_CE,56200.0,5,75,56292.45,494.43,55448.06,57981.22,8.85,37082.25,20.0,46.83,2026-09-16T12:28:33.789649Z,,,,
FINNIFTY_SCALP_CE_20260916_122834,NIFTY_FIN_SERVICE.NS,FINNIFTY,SCALP_CE,SCALP_CE,25200.0,5,125,25262.4,233.76,24883.46,26020.27,8.85,29220.0,20.0,41.9,2026-09-16T12:28:34.002169Z,,,,
NIFTYNXT50_SCALP_PE_20260916_122835,^NSMIDCP,NIFTYNXT50,SCALP_PE,SCALP_PE,70500.0,4,40,70375.4,529.61,71431.03,68264.14,8.34,21184.4,20.0,36.87,2026-09-16T12:28:35.278327Z,,,,
HDFCBANK_SCALP_CE_20260916_122836,HDFCBANK.NS,HDFCBANK,SCALP_CE,SCALP_CE,700.0,1,550,721.5,22.59,710.68,743.14,7.89,12424.5,20.0,31.38,2026-09-16T12:28:36.167399Z,,,,
ICICIBANK_SCALP_CE_20260916_122836,ICICIBANK.NS,ICICIBANK,SCALP_CE,SCALP_CE,1350.0,1,700,1358.8,15.94,1338.42,1399.56,10.0,11158.0,20.0,30.59,2026-09-16T12:28:36.793002Z,,,,
SBIN_SCALP_CE_20260916_122837,SBIN.NS,SBIN,SCALP_CE,SCALP_CE,980.0,1,750,991.4,15.16,976.53,1021.14,10.0,11370.0,20.0,30.72,2026-09-16T12:28:37.094369Z,,,,
KOTAKBANK_SCALP_CE_20260916_122837,KOTAKBANK.NS,KOTAKBANK,SCALP_CE,SCALP_CE,400.0,2,800,415.0,15.55,408.77,427.45,10.0,12440.0,20.0,31.39,2026-09-16T12:28:37.604751Z,,,,
ITC_SCALP_CE_20260916_122839,ITC.NS,ITC,SCALP_CE,SCALP_CE,260.0,1,1600,264.15,4.92,260.19,272.07,10.0,7872.0,20.0,28.53,2026-09-16T12:28:39.019961Z,,,,
MARUTI_SCALP_PE_20260916_122840,MARUTI.NS,MARUTI,SCALP_PE,SCALP_PE,12300.0,1,50,12166.0,160.42,12348.49,11801.02,6.93,8021.0,20.0,28.62,2026-09-16T12:28:40.660758Z,,,,
TATASTEEL_SCALP_PE_20260916_122840,TATASTEEL.NS,TATASTEEL,SCALP_PE,SCALP_PE,185.0,1,5500,183.0,2.4,185.74,177.51,6.93,13200.0,20.0,31.87,2026-09-16T12:28:40.884583Z,,,,
HINDALCO_SCALP_CE_20260916_122841,HINDALCO.NS,HINDALCO,SCALP_CE,SCALP_CE,960.0,1,700,972.7,16.04,958.11,1001.88,9.81,11228.0,20.0,30.63,2026-09-16T12:28:41.071106Z,,,,
JSWSTEEL_SCALP_CE_20260916_122841,JSWSTEEL.NS,JSWSTEEL,SCALP_CE,SCALP_CE,1240.0,1,675,1248.9,15.2,1230.17,1286.37,10.0,10260.0,20.0,30.03,2026-09-16T12:28:41.732071Z,,,,
WIPRO_SCALP_PE_20260916_122843,WIPRO.NS,WIPRO,SCALP_PE,SCALP_PE,170.0,1,1500,166.89,3.18,169.39,161.88,8.82,4770.0,20.0,26.59,2026-09-16T12:28:43.552646Z,,,,
RELIANCE_CASH_SELL_20260916_122818,RELIANCE.NS,RELIANCE,EQUITY_CASH,EQUITY_CASH,0.0,1,90,1240.0,1240.0,1252.4,1221.4,2.5,111600.0,20.0,40.0,2026-09-16T12:28:18.680030Z,1240.0,eod_squareoff,-20.0,-0.02
ICICIBANK_CASH_BUY_20260916_122818,ICICIBANK.NS,ICICIBANK,EQUITY_CASH,EQUITY_CASH,0.0,1,82,1358.8,1358.8,1345.21,1379.18,7.5,111421.6,20.0,40.0,2026-09-16T12:28:18.681148Z,1358.8,eod_squareoff,-20.0,-0.02
LT_CASH_SELL_20260916_122818,LT.NS,LT,EQUITY_CASH,EQUITY_CASH,0.0,1,29,3807.7,3807.7,3845.78,3750.58,1.5,110423.3,20.0,40.0,2026-09-16T12:28:18.682097Z,3807.7,eod_squareoff,-20.0,-0.02
SBIN_CASH_BUY_20260916_122818,SBIN.NS,SBIN,EQUITY_CASH,EQUITY_CASH,0.0,1,113,991.4,991.4,981.49,1006.27,7.8,112028.2,20.0,40.0,2026-09-16T12:28:18.683177Z,991.4,eod_squareoff,-20.0,-0.02
RELIANCE_CASH_SELL_20260916_122819,RELIANCE.NS,RELIANCE,EQUITY_CASH,EQUITY_CASH,0.0,1,90,1240.0,1240.0,1252.4,1221.4,2.5,111600.0,20.0,40.0,2026-09-16T12:28:19.847749Z,1240.0,eod_squareoff,-20.0,-0.02
BANKNIFTY_SCALP_CE_20260916_122833,^NSEBANK,BANKNIFTY,SCALP_CE,SCALP_CE,56200.0,5,75,56292.45,494.43,55448.06,57981.22,8.85,37082.25,20.0,90.0,2026-09-16T12:28:33.788777Z,494.43,eod_squareoff,-70.0,-0.19
FINNIFTY_SCALP_CE_20260916_122834,NIFTY_FIN_SERVICE.NS,FINNIFTY,SCALP_CE,SCALP_CE,25200.0,5,125,25262.4,233.76,24883.46,26020.27,8.85,29220.0,20.0,80.17,2026-09-16T12:28:34.001094Z,233.76,eod_squareoff,-60.17,-0.21
NIFTYNXT50_SCALP_PE_20260916_122835,^NSMIDCP,NIFTYNXT50,SCALP_PE,SCALP_PE,70500.0,4,40,70375.4,529.61,71431.03,68264.14,8.34,21184.4,20.0,70.11,2026-09-16T12:28:35.277358Z,529.62,eod_squareoff,-49.71,-0.23
HDFCBANK_SCALP_CE_20260916_122836,HDFCBANK.NS,HDFCBANK,SCALP_CE,SCALP_CE,700.0,1,550,721.5,22.59,710.68,743.14,7.89,12424.5,20.0,59.15,2026-09-16T12:28:36.166208Z,22.59,eod_squareoff,-39.15,-0.32
ICICIBANK_SCALP_CE_20260916_122836,ICICIBANK.NS,ICICIBANK,SCALP_CE,SCALP_CE,1350.0,1,700,1358.8,15.94,1338.42,1399.56,10.0,11158.0,20.0,57.56,2026-09-16T12:28:36.791800Z,15.94,eod_squareoff,-37.56,-0.34
SBIN_SCALP_CE_20260916_122837,SBIN.NS,SBIN,SCALP_CE,SCALP_CE,980.0,1,750,991.4,15.16,976.53,1021.14,10.0,11370.0,20.0,57.83,2026-09-16T12:28:37.093111Z,15.16,eod_squareoff,-37.83,-0.33
KOTAKBANK_SCALP_CE_20260916_122837,KOTAKBANK.NS,KOTAKBANK,SCALP_CE,SCALP_CE,400.0,2,800,415.0,15.55,408.77,427.45,10.0,12440.0,20.0,59.17,2026-09-16T12:28:37.603586Z,15.55,eod_squareoff,-39.17,-0.31
ITC_SCALP_CE_20260916_122839,ITC.NS,ITC,SCALP_CE,SCALP_CE,260.0,1,1600,264.15,4.92,260.19,272.07,10.0,7872.0,20.0,53.45,2026-09-16T12:28:39.018573Z,4.92,eod_squareoff,-33.45,-0.42
MARUTI_SCALP_PE_20260916_122840,MARUTI.NS,MARUTI,SCALP_PE,SCALP_PE,12300.0,1,50,12166.0,160.42,12348.49,11801.02,6.93,8021.0,20.0,53.64,2026-09-16T12:28:40.659396Z,160.42,eod_squareoff,-33.64,-0.42
TATASTEEL_SCALP_PE_20260916_122840,TATASTEEL.NS,TATASTEEL,SCALP_PE,SCALP_PE,185.0,1,5500,183.0,2.4,185.74,177.51,6.93,13200.0,20.0,60.12,2026-09-16T12:28:40.883180Z,2.4,eod_squareoff,-40.12,-0.3
HINDALCO_SCALP_CE_20260916_122841,HINDALCO.NS,HINDALCO,SCALP_CE,SCALP_CE,960.0,1,700,972.7,16.04,958.11,1001.88,9.81,11228.0,20.0,57.65,2026-09-16T12:28:41.069647Z,16.04,eod_squareoff,-37.65,-0.34
JSWSTEEL_SCALP_CE_20260916_122841,JSWSTEEL.NS,JSWSTEEL,SCALP_CE,SCALP_CE,1240.0,1,675,1248.9,15.2,1230.17,1286.37,10.0,10260.0,20.0,56.44,2026-09-16T12:28:41.730441Z,15.2,eod_squareoff,-36.44,-0.36
WIPRO_SCALP_PE_20260916_122843,WIPRO.NS,WIPRO,SCALP_PE,SCALP_PE,170.0,1,1500,166.89,3.18,169.39,161.88,8.82,4770.0,20.0,49.57,2026-09-16T12:28:43.551068Z,3.18,eod_squareoff,-29.57,-0.62
RELIANCE_CASH_SELL_20260916_142053,RELIANCE.NS,RELIANCE,CASH_SELL,EQUITY_CASH,0.0,1,90,1240.0,1240.0,1252.4,1221.4,2.5,111600.0,20.0,111620.0,2026-09-16T14:20:53.552249Z,,,,
ICICIBANK_CASH_BUY_20260916_142053,ICICIBANK.NS,ICICIBANK,CASH_BUY,EQUITY_CASH,0.0,1,82,1358.8,1358.8,1345.21,1379.18,7.5,111421.6,20.0,111441.6,2026-09-16T14:20:53.553246Z,,,,
LT_CASH_SELL_20260916_142053,LT.NS,LT,CASH_SELL,EQUITY_CASH,0.0,1,29,3807.7,3807.7,3845.78,3750.58,1.5,110423.3,20.0,110443.3,2026-09-16T14:20:53.554171Z,,,,
SBIN_CASH_BUY_20260916_142053,SBIN.NS,SBIN,CASH_BUY,EQUITY_CASH,0.0,1,113,991.4,991.4,981.49,1006.27,7.8,112028.2,20.0,112048.2,2026-09-16T14:20:53.555116Z,,,,
RELIANCE_CASH_SELL_20260916_142055,RELIANCE.NS,RELIANCE,CASH_SELL,EQUITY_CASH,0.0,1,90,1240.0,1240.0,1252.4,1221.4,2.5,111600.0,20.0,111620.0,2026-09-16T14:20:55.581372Z,,,,
BANKNIFTY_SCALP_CE_20260916_142107,^NSEBANK,BANKNIFTY,SCALP_CE,SCALP_CE,56200.0,5,75,56292.45,494.43,55448.06,57981.22,8.85,37082.25,20.0,46.83,2026-09-16T14:21:07.721508Z,,,,
FINNIFTY_SCALP_CE_20260916_142108,NIFTY_FIN_SERVICE.NS,FINNIFTY,SCALP_CE,SCALP_CE,25200.0,5,125,25262.4,233.76,24883.46,26020.27,8.85,29220.0,20.0,41.9,2026-09-16T14:21:08.023056Z,,,,
NIFTYNXT50_SCALP_PE_20260916_142108,^NSMIDCP,NIFTYNXT50,SCALP_PE,SCALP_PE,70500.0,4,40,70375.4,529.61,71431.03,68264.14,8.34,21184.4,20.0,36.87,2026-09-16T14:21:08.580364Z,,,,
HDFCBANK_SCALP_CE_20260916_142109,HDFCBANK.NS,HDFCBANK,SCALP_CE,SCALP_CE,700.0,1,550,721.5,22.59,710.68,743.14,7.89,12424.5,20.0,31.38,2026-09-16T14:21:09.566589Z,,,,
ICICIBANK_SCALP_CE_20260916_142109,ICICIBANK.NS,ICICIBANK,SCALP_CE,SCALP_CE,1350.0,1,700,1358.8,15.94,1338.42,1399.56,10.0,11158.0,20.0,30.59,2026-09-16T14:21:09.877552Z,,,,
SBIN_SCALP_CE_20260916_142110,SBIN.NS,SBIN,SCALP_CE,SCALP_CE,980.0,1,750,991.4,15.16,976.53,1021.14,10.0,11370.0,20.0,30.72,2026-09-16T14:21:10.148531Z,,,,
KOTAKBANK_SCALP_CE_20260916_142110,KOTAKBANK.NS,KOTAKBANK,SCALP_CE,SCALP_CE,400.0,2,800,415.0,15.55,408.77,427.45,10.0,12440.0,20.0,31.39,2026-09-16T14:21:10.756035Z,,,,
ITC_SCALP_CE_20260916_142111,ITC.NS,ITC,SCALP_CE,SCALP_CE,260.0,1,1600,264.15,4.92,260.19,272.07,10.0,7872.0,20.0,28.53,2026-09-16T14:21:11.262847Z,,,,
MARUTI_SCALP_PE_20260916_142112,MARUTI.NS,MARUTI,SCALP_PE,SCALP_PE,12300.0,1,50,12166.0,160.42,12348.49,11801.02,6.93,8021.0,20.0,28.62,2026-09-16T14:21:12.409884Z,,,,
TATASTEEL_SCALP_PE_20260916_142112,TATASTEEL.NS,TATASTEEL,SCALP_PE,SCALP_PE,185.0,1,5500,183.0,2.4,185.74,177.51,6.93,13200.0,20.0,31.87,2026-09-16T14:21:12.739931Z,,,,
HINDALCO_SCALP_CE_20260916_142112,HINDALCO.NS,HINDALCO,SCALP_CE,SCALP_CE,960.0,1,700,972.7,16.04,958.11,1001.88,9.81,11228.0,20.0,30.63,2026-09-16T14:21:12.999195Z,,,,
JSWSTEEL_SCALP_CE_20260916_142113,JSWSTEEL.NS,JSWSTEEL,SCALP_CE,SCALP_CE,1240.0,1,675,1248.9,15.2,1230.17,1286.37,10.0,10260.0,20.0,30.03,2026-09-16T14:21:13.355253Z,,,,
WIPRO_SCALP_PE_20260916_142115,WIPRO.NS,WIPRO,SCALP_PE,SCALP_PE,170.0,1,1500,166.89,3.18,169.39,161.88,8.82,4770.0,20.0,26.59,2026-09-16T14:21:15.146414Z,,,,
LT_CASH_SELL_20260916_142053,LT.NS,LT,EQUITY_CASH,EQUITY_CASH,0.0,1,29,3807.7,3807.7,3845.78,3750.58,1.5,110423.3,20.0,40.0,2026-09-16T14:20:53.553613Z,3858.0,sl_hit,-1478.7,-1.34
MARUTI_SCALP_PE_20260916_142112,MARUTI.NS,MARUTI,SCALP_PE,SCALP_PE,12300.0,1,50,12166.0,160.42,12348.49,11801.02,6.93,8021.0,20.0,46.65,2026-09-16T14:21:12.408391Z,48.78,sl_hit,-5608.65,-69.92
ICICIBANK_CASH_SELL_20260917_085418,ICICIBANK.NS,ICICIBANK,CASH_SELL,EQUITY_CASH,0.0,1,82,1353.0,1353.0,1366.53,1332.7,1.5,110946.0,20.0,110966.0,2026-09-17T08:54:18.706704Z,,,,
TATASTEEL_SCALP_PE_20260916_142112,TATASTEEL.NS,TATASTEEL,SCALP_PE,SCALP_PE,185.0,1,5500,183.0,2.4,185.74,177.51,6.93,13200.0,20.0,47.04,2026-09-16T14:21:12.738459Z,0.5,sl_hit,-10477.04,-79.37
NIFTY_SCALP_PE_20260917_091626,^NSEI,NIFTY,SCALP_PE,SCALP_PE,23350.0,1,25,23296.4,173.1,23645.85,22597.51,7.29,4327.5,20.0,26.31,2026-09-17T09:16:26.958259Z,,,,
RELIANCE_CASH_SELL_20260916_142053,RELIANCE.NS,RELIANCE,EQUITY_CASH,EQUITY_CASH,0.0,1,90,1240.0,1240.0,1252.4,1221.4,2.5,111600.0,20.0,40.0,2026-09-16T14:20:53.551554Z,1243.9,eod_squareoff,-371.0,-0.33
ICICIBANK_CASH_BUY_20260916_142053,ICICIBANK.NS,ICICIBANK,EQUITY_CASH,EQUITY_CASH,0.0,1,82,1358.8,1358.8,1345.21,1379.18,7.5,111421.6,20.0,40.0,2026-09-16T14:20:53.552701Z,1347.6,eod_squareoff,-938.4,-0.84
SBIN_CASH_BUY_20260916_142053,SBIN.NS,SBIN,EQUITY_CASH,EQUITY_CASH,0.0,1,113,991.4,991.4,981.49,1006.27,7.8,112028.2,20.0,40.0,2026-09-16T14:20:53.554518Z,988.7,eod_squareoff,-325.1,-0.29
RELIANCE_CASH_SELL_20260916_142055,RELIANCE.NS,RELIANCE,EQUITY_CASH,EQUITY_CASH,0.0,1,90,1240.0,1240.0,1252.4,1221.4,2.5,111600.0,20.0,40.0,2026-09-16T14:20:55.580545Z,1243.9,eod_squareoff,-371.0,-0.33
BANKNIFTY_SCALP_CE_20260916_142107,^NSEBANK,BANKNIFTY,SCALP_CE,SCALP_CE,56200.0,5,75,56292.45,494.43,55448.06,57981.22,8.85,37082.25,20.0,75.98,2026-09-16T14:21:07.720555Z,344.97,eod_squareoff,-11265.48,-30.38
FINNIFTY_SCALP_CE_20260916_142108,NIFTY_FIN_SERVICE.NS,FINNIFTY,SCALP_CE,SCALP_CE,25200.0,5,125,25262.4,233.76,24883.46,26020.27,8.85,29220.0,20.0,83.74,2026-09-16T14:21:08.022116Z,256.61,eod_squareoff,2792.51,9.56
NIFTYNXT50_SCALP_PE_20260916_142108,^NSMIDCP,NIFTYNXT50,SCALP_PE,SCALP_PE,70500.0,4,40,70375.4,529.61,71431.03,68264.14,8.34,21184.4,20.0,53.61,2026-09-16T14:21:08.579287Z,199.93,eod_squareoff,-13220.81,-62.41
HDFCBANK_SCALP_CE_20260916_142109,HDFCBANK.NS,HDFCBANK,SCALP_CE,SCALP_CE,700.0,1,550,721.5,22.59,710.68,743.14,7.89,12424.5,20.0,53.66,2026-09-16T14:21:09.565582Z,14.61,eod_squareoff,-4422.66,-35.6
ICICIBANK_SCALP_CE_20260916_142109,ICICIBANK.NS,ICICIBANK,SCALP_CE,SCALP_CE,1350.0,1,700,1358.8,15.94,1338.42,1399.56,10.0,11158.0,20.0,51.31,2026-09-16T14:21:09.876372Z,8.8,eod_squareoff,-5029.31,-45.07
SBIN_SCALP_CE_20260916_142110,SBIN.NS,SBIN,SCALP_CE,SCALP_CE,980.0,1,750,991.4,15.16,976.53,1021.14,10.0,11370.0,20.0,55.59,2026-09-16T14:21:10.147373Z,12.78,eod_squareoff,-1820.59,-16.01
KOTAKBANK_SCALP_CE_20260916_142110,KOTAKBANK.NS,KOTAKBANK,SCALP_CE,SCALP_CE,400.0,2,800,415.0,15.55,408.77,427.45,10.0,12440.0,20.0,60.63,2026-09-16T14:21:10.754717Z,17.01,eod_squareoff,1127.37,9.06
ITC_SCALP_CE_20260916_142111,ITC.NS,ITC,SCALP_CE,SCALP_CE,260.0,1,1600,264.15,4.92,260.19,272.07,10.0,7872.0,20.0,56.95,2026-09-16T14:21:11.261586Z,6.67,eod_squareoff,2763.05,35.1
HINDALCO_SCALP_CE_20260916_142112,HINDALCO.NS,HINDALCO,SCALP_CE,SCALP_CE,960.0,1,700,972.7,16.04,958.11,1001.88,9.81,11228.0,20.0,63.24,2026-09-16T14:21:12.997655Z,22.42,eod_squareoff,4422.76,39.39
JSWSTEEL_SCALP_CE_20260916_142113,JSWSTEEL.NS,JSWSTEEL,SCALP_CE,SCALP_CE,1240.0,1,675,1248.9,15.2,1230.17,1286.37,10.0,10260.0,20.0,58.76,2026-09-16T14:21:13.353670Z,17.95,eod_squareoff,1817.49,17.71
WIPRO_SCALP_PE_20260916_142115,WIPRO.NS,WIPRO,SCALP_PE,SCALP_PE,170.0,1,1500,166.89,3.18,169.39,161.88,8.82,4770.0,20.0,50.26,2026-09-16T14:21:15.144715Z,3.55,eod_squareoff,524.74,11.0
ICICIBANK_CASH_SELL_20260917_085418,ICICIBANK.NS,ICICIBANK,EQUITY_CASH,EQUITY_CASH,0.0,1,82,1353.0,1353.0,1366.53,1332.7,1.5,110946.0,20.0,40.0,2026-09-17T08:54:18.705688Z,1347.6,eod_squareoff,422.8,0.38
NIFTY_SCALP_PE_20260917_091626,^NSEI,NIFTY,SCALP_PE,SCALP_PE,23350.0,1,25,23296.4,173.1,23645.85,22597.51,7.29,4327.5,20.0,49.38,2026-09-17T09:16:26.956586Z,184.63,eod_squareoff,258.87,5.98
HDFCBANK_CASH_SELL_20260917_122824,HDFCBANK.NS,HDFCBANK,CASH_SELL,EQUITY_CASH,0.0,1,148,713.0,713.0,720.13,702.3,3.0,105524.0,20.0,105544.0,2026-09-17T12:28:24.124088Z,,,,
ICICIBANK_CASH_SELL_20260917_122824,ICICIBANK.NS,ICICIBANK,CASH_SELL,EQUITY_CASH,0.0,1,78,1347.6,1347.6,1361.08,1327.39,3.0,105112.8,20.0,105132.8,2026-09-17T12:28:24.175583Z,,,,
INFY_CASH_BUY_20260917_122824,INFY.NS,INFY,CASH_BUY,EQUITY_CASH,0.0,1,100,1058.6,1058.6,1048.01,1074.48,8.5,105860.0,20.0,105880.0,2026-09-17T12:28:24.317237Z,,,,
MARUTI_CASH_BUY_20260917_122824,MARUTI.NS,MARUTI,CASH_BUY,EQUITY_CASH,0.0,1,8,12382.0,12382.0,12258.18,12567.73,8.5,99056.0,20.0,99076.0,2026-09-17T12:28:24.317920Z,,,,
AXISBANK_CASH_SELL_20260917_122824,AXISBANK.NS,AXISBANK,CASH_SELL,EQUITY_CASH,0.0,1,85,1240.0,1240.0,1252.4,1221.4,1.5,105400.0,20.0,105420.0,2026-09-17T12:28:24.333569Z,,,,
NIFTY_SCALP_PE_20260917_122844,^NSEI,NIFTY,SCALP_PE,SCALP_PE,23300.0,9,225,23270.6,158.22,23619.66,22572.48,7.29,35599.5,20.0,45.9,2026-09-17T12:28:44.619711Z,,,,
BANKNIFTY_SCALP_PE_20260917_122844,^NSEBANK,BANKNIFTY,SCALP_PE,SCALP_PE,56200.0,4,60,56055.75,419.21,56896.59,54374.08,6.46,25152.6,20.0,39.36,2026-09-17T12:28:44.903611Z,,,,
NIFTYNXT50_SCALP_PE_20260917_122845,^NSMIDCP,NIFTYNXT50,SCALP_PE,SCALP_PE,71200.0,5,50,71147.2,465.32,72214.41,69012.78,6.25,23266.0,20.0,38.17,2026-09-17T12:28:45.800431Z,,,,
RELIANCE_SCALP_PE_20260917_122846,RELIANCE.NS,RELIANCE,SCALP_PE,SCALP_PE,1260.0,4,1000,1243.9,17.67,1262.56,1206.58,8.3,17670.0,20.0,34.67,2026-09-17T12:28:46.159365Z,,,,
TCS_SCALP_CE_20260917_122846,TCS.NS,TCS,SCALP_CE,SCALP_CE,2150.0,2,350,2190.0,44.94,2157.15,2255.7,9.33,15729.0,20.0,33.45,2026-09-17T12:28:46.537767Z,,,,
INFY_SCALP_CE_20260917_122846,INFY.NS,INFY,SCALP_CE,SCALP_CE,1040.0,2,600,1058.6,21.09,1042.72,1090.36,10.0,12654.0,20.0,31.53,2026-09-17T12:28:46.973844Z,,,,
SBIN_SCALP_PE_20260917_122848,SBIN.NS,SBIN,SCALP_PE,SCALP_PE,1000.0,1,750,988.7,12.93,1003.53,959.04,8.3,9697.5,20.0,29.67,2026-09-17T12:28:48.433682Z,,,,
AXISBANK_SCALP_PE_20260917_122848,AXISBANK.NS,AXISBANK,SCALP_PE,SCALP_PE,1250.0,1,625,1240.0,13.33,1258.6,1202.8,8.82,8331.25,20.0,28.82,2026-09-17T12:28:48.822365Z,,,,
KOTAKBANK_SCALP_CE_20260917_122849,KOTAKBANK.NS,KOTAKBANK,SCALP_CE,SCALP_CE,400.0,1,400,416.5,17.01,410.25,429.0,10.0,6804.0,20.0,27.86,2026-09-17T12:28:49.194819Z,,,,
HINDUNILVR_SCALP_PE_20260917_122850,HINDUNILVR.NS,HINDUNILVR,SCALP_PE,SCALP_PE,1975.0,1,300,1942.2,33.62,1971.33,1883.93,8.82,10086.0,20.0,29.92,2026-09-17T12:28:50.345660Z,,,,
BHARTIARTL_SCALP_PE_20260917_122850,BHARTIARTL.NS,BHARTIARTL,SCALP_PE,SCALP_PE,1860.0,1,475,1836.0,26.25,1863.54,1780.92,8.3,12468.75,20.0,31.41,2026-09-17T12:28:50.722932Z,,,,
MARUTI_SCALP_CE_20260917_122852,MARUTI.NS,MARUTI,SCALP_CE,SCALP_CE,12300.0,1,50,12382.0,141.26,12196.27,12753.46,10.0,7063.0,20.0,28.02,2026-09-17T12:28:52.466899Z,,,,
HDFCBANK_CASH_SELL_20260917_122824,HDFCBANK.NS,HDFCBANK,EQUITY_CASH,EQUITY_CASH,0.0,1,148,713.0,713.0,720.13,702.3,3.0,105524.0,20.0,40.0,2026-09-17T12:28:24.123396Z,713.0,eod_squareoff,-20.0,-0.02
ICICIBANK_CASH_SELL_20260917_122824,ICICIBANK.NS,ICICIBANK,EQUITY_CASH,EQUITY_CASH,0.0,1,78,1347.6,1347.6,1361.08,1327.39,3.0,105112.8,20.0,40.0,2026-09-17T12:28:24.124418Z,1347.6,eod_squareoff,-20.0,-0.02
INFY_CASH_BUY_20260917_122824,INFY.NS,INFY,EQUITY_CASH,EQUITY_CASH,0.0,1,100,1058.6,1058.6,1048.01,1074.48,8.5,105860.0,20.0,40.0,2026-09-17T12:28:24.175846Z,1058.6,eod_squareoff,-20.0,-0.02
MARUTI_CASH_BUY_20260917_122824,MARUTI.NS,MARUTI,EQUITY_CASH,EQUITY_CASH,0.0,1,8,12382.0,12382.0,12258.18,12567.73,8.5,99056.0,20.0,40.0,2026-09-17T12:28:24.317535Z,12382.0,eod_squareoff,-20.0,-0.02
AXISBANK_CASH_SELL_20260917_122824,AXISBANK.NS,AXISBANK,EQUITY_CASH,EQUITY_CASH,0.0,1,85,1240.0,1240.0,1252.4,1221.4,1.5,105400.0,20.0,40.0,2026-09-17T12:28:24.318094Z,1240.0,eod_squareoff,-20.0,-0.02
NIFTY_SCALP_PE_20260917_122844,^NSEI,NIFTY,SCALP_PE,SCALP_PE,23300.0,9,225,23270.6,158.22,23619.66,22572.48,7.29,35599.5,20.0,88.15,2026-09-17T12:28:44.619186Z,158.22,eod_squareoff,-68.15,-0.19
BANKNIFTY_SCALP_PE_20260917_122844,^NSEBANK,BANKNIFTY,SCALP_PE,SCALP_PE,56200.0,4,60,56055.75,419.21,56896.59,54374.08,6.46,25152.6,20.0,75.08,2026-09-17T12:28:44.902987Z,419.21,eod_squareoff,-55.08,-0.22
NIFTYNXT50_SCALP_PE_20260917_122845,^NSMIDCP,NIFTYNXT50,SCALP_PE,SCALP_PE,71200.0,5,50,71147.2,465.32,72214.41,69012.78,6.25,23266.0,20.0,72.71,2026-09-17T12:28:45.799768Z,465.31,eod_squareoff,-53.21,-0.23
RELIANCE_SCALP_PE_20260917_122846,RELIANCE.NS,RELIANCE,SCALP_PE,SCALP_PE,1260.0,4,1000,1243.9,17.67,1262.56,1206.58,8.3,17670.0,20.0,65.71,2026-09-17T12:28:46.158595Z,17.67,eod_squareoff,-45.71,-0.26
TCS_SCALP_CE_20260917_122846,TCS.NS,TCS,SCALP_CE,SCALP_CE,2150.0,2,350,2190.0,44.94,2157.15,2255.7,9.33,15729.0,20.0,63.28,2026-09-17T12:28:46.537088Z,44.94,eod_squareoff,-43.28,-0.28
INFY_SCALP_CE_20260917_122846,INFY.NS,INFY,SCALP_CE,SCALP_CE,1040.0,2,600,1058.6,21.09,1042.72,1090.36,10.0,12654.0,20.0,59.44,2026-09-17T12:28:46.973205Z,21.09,eod_squareoff,-39.44,-0.31
SBIN_SCALP_PE_20260917_122848,SBIN.NS,SBIN,SCALP_PE,SCALP_PE,1000.0,1,750,988.7,12.93,1003.53,959.04,8.3,9697.5,20.0,55.74,2026-09-17T12:28:48.432931Z,12.93,eod_squareoff,-35.74,-0.37
AXISBANK_SCALP_PE_20260917_122848,AXISBANK.NS,AXISBANK,SCALP_PE,SCALP_PE,1250.0,1,625,1240.0,13.33,1258.6,1202.8,8.82,8331.25,20.0,54.03,2026-09-17T12:28:48.821533Z,13.33,eod_squareoff,-34.03,-0.41
KOTAKBANK_SCALP_CE_20260917_122849,KOTAKBANK.NS,KOTAKBANK,SCALP_CE,SCALP_CE,400.0,1,400,416.5,17.01,410.25,429.0,10.0,6804.0,20.0,52.11,2026-09-17T12:28:49.193965Z,17.01,eod_squareoff,-32.11,-0.47
HINDUNILVR_SCALP_PE_20260917_122850,HINDUNILVR.NS,HINDUNILVR,SCALP_PE,SCALP_PE,1975.0,1,300,1942.2,33.62,1971.33,1883.93,8.82,10086.0,20.0,56.22,2026-09-17T12:28:50.344790Z,33.62,eod_squareoff,-36.22,-0.36
BHARTIARTL_SCALP_PE_20260917_122850,BHARTIARTL.NS,BHARTIARTL,SCALP_PE,SCALP_PE,1860.0,1,475,1836.0,26.25,1863.54,1780.92,8.3,12468.75,20.0,59.2,2026-09-17T12:28:50.722031Z,26.25,eod_squareoff,-39.2,-0.31
MARUTI_SCALP_CE_20260917_122852,MARUTI.NS,MARUTI,SCALP_CE,SCALP_CE,12300.0,1,50,12382.0,141.26,12196.27,12753.46,10.0,7063.0,20.0,52.44,2026-09-17T12:28:52.465940Z,141.26,eod_squareoff,-32.44,-0.46
HDFCBANK_CASH_SELL_20260917_142606,HDFCBANK.NS,HDFCBANK,CASH_SELL,EQUITY_CASH,0.0,1,148,713.0,713.0,720.13,702.3,3.0,105524.0,20.0,105544.0,2026-09-17T14:26:06.244221Z,,,,
ICICIBANK_CASH_SELL_20260917_142606,ICICIBANK.NS,ICICIBANK,CASH_SELL,EQUITY_CASH,0.0,1,78,1347.6,1347.6,1361.08,1327.39,3.0,105112.8,20.0,105132.8,2026-09-17T14:26:06.245310Z,,,,
INFY_CASH_BUY_20260917_142606,INFY.NS,INFY,CASH_BUY,EQUITY_CASH,0.0,1,100,1058.6,1058.6,1048.01,1074.48,8.5,105860.0,20.0,105880.0,2026-09-17T14:26:06.246408Z,,,,
MARUTI_CASH_BUY_20260917_142606,MARUTI.NS,MARUTI,CASH_BUY,EQUITY_CASH,0.0,1,8,12382.0,12382.0,12258.18,12567.73,8.5,99056.0,20.0,99076.0,2026-09-17T14:26:06.247530Z,,,,
AXISBANK_CASH_SELL_20260917_142606,AXISBANK.NS,AXISBANK,CASH_SELL,EQUITY_CASH,0.0,1,85,1240.0,1240.0,1252.4,1221.4,1.5,105400.0,20.0,105420.0,2026-09-17T14:26:06.248810Z,,,,
NIFTY_SCALP_PE_20260917_142616,^NSEI,NIFTY,SCALP_PE,SCALP_PE,23300.0,9,225,23270.6,158.22,23619.66,22572.48,7.29,35599.5,20.0,45.9,2026-09-17T14:26:16.921905Z,,,,
BANKNIFTY_SCALP_PE_20260917_142617,^NSEBANK,BANKNIFTY,SCALP_PE,SCALP_PE,56200.0,4,60,56055.75,419.21,56896.59,54374.08,6.46,25152.6,20.0,39.36,2026-09-17T14:26:17.572443Z,,,,
NIFTYNXT50_SCALP_PE_20260917_142618,^NSMIDCP,NIFTYNXT50,SCALP_PE,SCALP_PE,71200.0,5,50,71147.2,465.32,72214.41,69012.78,6.25,23266.0,20.0,38.17,2026-09-17T14:26:18.299753Z,,,,
RELIANCE_SCALP_PE_20260917_142618,RELIANCE.NS,RELIANCE,SCALP_PE,SCALP_PE,1260.0,4,1000,1243.9,17.67,1262.56,1206.58,8.3,17670.0,20.0,34.67,2026-09-17T14:26:18.555345Z,,,,
TCS_SCALP_CE_20260917_142618,TCS.NS,TCS,SCALP_CE,SCALP_CE,2150.0,2,350,2190.0,44.94,2157.15,2255.7,9.33,15729.0,20.0,33.45,2026-09-17T14:26:18.778153Z,,,,
INFY_SCALP_CE_20260917_142619,INFY.NS,INFY,SCALP_CE,SCALP_CE,1040.0,2,600,1058.6,21.09,1042.72,1090.36,10.0,12654.0,20.0,31.53,2026-09-17T14:26:19.082974Z,,,,
SBIN_SCALP_PE_20260917_142620,SBIN.NS,SBIN,SCALP_PE,SCALP_PE,1000.0,1,750,988.7,12.93,1003.53,959.04,8.3,9697.5,20.0,29.67,2026-09-17T14:26:20.301691Z,,,,
AXISBANK_SCALP_PE_20260917_142620,AXISBANK.NS,AXISBANK,SCALP_PE,SCALP_PE,1250.0,1,625,1240.0,13.33,1258.6,1202.8,8.82,8331.25,20.0,28.82,2026-09-17T14:26:20.778853Z,,,,
KOTAKBANK_SCALP_CE_20260917_142621,KOTAKBANK.NS,KOTAKBANK,SCALP_CE,SCALP_CE,400.0,1,400,416.5,17.01,410.25,429.0,10.0,6804.0,20.0,27.86,2026-09-17T14:26:21.053228Z,,,,
HINDUNILVR_SCALP_PE_20260917_142621,HINDUNILVR.NS,HINDUNILVR,SCALP_PE,SCALP_PE,1975.0,1,300,1942.2,33.62,1971.33,1883.93,8.82,10086.0,20.0,29.92,2026-09-17T14:26:21.786220Z,,,,
BHARTIARTL_SCALP_PE_20260917_142622,BHARTIARTL.NS,BHARTIARTL,SCALP_PE,SCALP_PE,1860.0,1,475,1836.0,26.25,1863.54,1780.92,8.3,12468.75,20.0,31.41,2026-09-17T14:26:22.232487Z,,,,
MARUTI_SCALP_CE_20260917_142622,MARUTI.NS,MARUTI,SCALP_CE,SCALP_CE,12300.0,1,50,12382.0,141.26,12196.27,12753.46,10.0,7063.0,20.0,28.02,2026-09-17T14:26:22.938037Z,,,,
HDFCBANK_CASH_SELL_20260917_142606,HDFCBANK.NS,HDFCBANK,EQUITY_CASH,EQUITY_CASH,0.0,1,148,713.0,713.0,720.13,702.3,3.0,105524.0,20.0,40.0,2026-09-17T14:26:06.243406Z,730.65,sl_hit,-2632.2,-2.49
INFY_CASH_BUY_20260917_142606,INFY.NS,INFY,EQUITY_CASH,EQUITY_CASH,0.0,1,100,1058.6,1058.6,1048.01,1074.48,8.5,105860.0,20.0,40.0,2026-09-17T14:26:06.245667Z,1043.4,sl_hit,-1540.0,-1.45
MARUTI_CASH_BUY_20260917_142606,MARUTI.NS,MARUTI,EQUITY_CASH,EQUITY_CASH,0.0,1,8,12382.0,12382.0,12258.18,12567.73,8.5,99056.0,20.0,40.0,2026-09-17T14:26:06.246740Z,12160.0,sl_hit,-1796.0,-1.81
TCS_SCALP_CE_20260917_142618,TCS.NS,TCS,SCALP_CE,SCALP_CE,2150.0,2,350,2190.0,44.94,2157.15,2255.7,9.33,15729.0,20.0,44.89,2026-09-17T14:26:18.777057Z,2.94,sl_hit,-14724.89,-93.62
MARUTI_SCALP_CE_20260917_142622,MARUTI.NS,MARUTI,SCALP_CE,SCALP_CE,12300.0,1,50,12382.0,141.26,12196.27,12753.46,10.0,7063.0,20.0,45.52,2026-09-17T14:26:22.936504Z,30.73,sl_hit,-5552.02,-78.61
ICICIBANK_CASH_SELL_20260918_082933,ICICIBANK.NS,ICICIBANK,CASH_SELL,EQUITY_CASH,0.0,1,76,1340.5,1340.5,1353.9,1320.39,2.0,101878.0,20.0,101898.0,2026-09-18T08:29:33.236721Z,,,,
INFY_CASH_SELL_20260918_082933,INFY.NS,INFY,CASH_SELL,EQUITY_CASH,0.0,1,97,1043.4,1043.4,1053.83,1027.75,1.5,101209.8,20.0,101229.8,2026-09-18T08:29:33.238275Z,,,,
TCS_CASH_SELL_20260918_082933,TCS.NS,TCS,CASH_SELL,EQUITY_CASH,0.0,1,48,2114.2,2114.2,2135.34,2082.49,2.5,101481.6,20.0,101501.6,2026-09-18T08:29:33.239835Z,,,,
AXISBANK_CASH_SELL_20260917_142606,AXISBANK.NS,AXISBANK,EQUITY_CASH,EQUITY_CASH,0.0,1,85,1240.0,1240.0,1252.4,1221.4,1.5,105400.0,20.0,40.0,2026-09-17T14:26:06.247863Z,1257.0,sl_hit,-1465.0,-1.39
BHARTIARTL_SCALP_PE_20260917_142622,BHARTIARTL.NS,BHARTIARTL,SCALP_PE,SCALP_PE,1860.0,1,475,1836.0,26.25,1863.54,1780.92,8.3,12468.75,20.0,44.57,2026-09-17T14:26:22.230914Z,1.64,sl_hit,-11714.32,-93.95
ICICIBANK_CASH_SELL_20260917_142606,ICICIBANK.NS,ICICIBANK,EQUITY_CASH,EQUITY_CASH,0.0,1,78,1347.6,1347.6,1361.08,1327.39,3.0,105112.8,20.0,40.0,2026-09-17T14:26:06.244609Z,1338.9,eod_squareoff,658.6,0.63
NIFTY_SCALP_PE_20260917_142616,^NSEI,NIFTY,SCALP_PE,SCALP_PE,23300.0,9,225,23270.6,158.22,23619.66,22572.48,7.29,35599.5,20.0,75.09,2026-09-17T14:26:16.920991Z,111.85,eod_squareoff,-10488.34,-29.46
BANKNIFTY_SCALP_PE_20260917_142617,^NSEBANK,BANKNIFTY,SCALP_PE,SCALP_PE,56200.0,4,60,56055.75,419.21,56896.59,54374.08,6.46,25152.6,20.0,62.43,2026-09-17T14:26:17.571396Z,250.81,eod_squareoff,-10146.43,-40.34
NIFTYNXT50_SCALP_PE_20260917_142618,^NSMIDCP,NIFTYNXT50,SCALP_PE,SCALP_PE,71200.0,5,50,71147.2,465.32,72214.41,69012.78,6.25,23266.0,20.0,52.05,2026-09-17T14:26:18.298733Z,135.07,eod_squareoff,-16544.55,-71.11
RELIANCE_SCALP_PE_20260917_142618,RELIANCE.NS,RELIANCE,SCALP_PE,SCALP_PE,1260.0,4,1000,1243.9,17.67,1262.56,1206.58,8.3,17670.0,20.0,84.21,2026-09-17T14:26:18.554291Z,32.45,eod_squareoff,14715.79,83.28
INFY_SCALP_CE_20260917_142619,INFY.NS,INFY,SCALP_CE,SCALP_CE,1040.0,2,600,1058.6,21.09,1042.72,1090.36,10.0,12654.0,20.0,54.7,2026-09-17T14:26:19.081851Z,14.78,eod_squareoff,-3820.7,-30.19
SBIN_SCALP_PE_20260917_142620,SBIN.NS,SBIN,SCALP_PE,SCALP_PE,1000.0,1,750,988.7,12.93,1003.53,959.04,8.3,9697.5,20.0,50.76,2026-09-17T14:26:20.300240Z,7.63,eod_squareoff,-4005.76,-41.31
AXISBANK_SCALP_PE_20260917_142620,AXISBANK.NS,AXISBANK,SCALP_PE,SCALP_PE,1250.0,1,625,1240.0,13.33,1258.6,1202.8,8.82,8331.25,20.0,46.98,2026-09-17T14:26:20.777641Z,4.32,eod_squareoff,-5658.23,-67.92
KOTAKBANK_SCALP_CE_20260917_142621,KOTAKBANK.NS,KOTAKBANK,SCALP_CE,SCALP_CE,400.0,1,400,416.5,17.01,410.25,429.0,10.0,6804.0,20.0,50.13,2026-09-17T14:26:21.051926Z,13.05,eod_squareoff,-1614.13,-23.72
HINDUNILVR_SCALP_PE_20260917_142621,HINDUNILVR.NS,HINDUNILVR,SCALP_PE,SCALP_PE,1975.0,1,300,1942.2,33.62,1971.33,1883.93,8.82,10086.0,20.0,59.33,2026-09-17T14:26:21.784825Z,41.89,eod_squareoff,2441.67,24.21
ICICIBANK_CASH_SELL_20260918_082933,ICICIBANK.NS,ICICIBANK,EQUITY_CASH,EQUITY_CASH,0.0,1,76,1340.5,1340.5,1353.9,1320.39,2.0,101878.0,20.0,40.0,2026-09-18T08:29:33.235253Z,1338.9,eod_squareoff,101.6,0.1
INFY_CASH_SELL_20260918_082933,INFY.NS,INFY,EQUITY_CASH,EQUITY_CASH,0.0,1,97,1043.4,1043.4,1053.83,1027.75,1.5,101209.8,20.0,40.0,2026-09-18T08:29:33.237111Z,1051.4,eod_squareoff,-796.0,-0.79
TCS_CASH_SELL_20260918_082933,TCS.NS,TCS,EQUITY_CASH,EQUITY_CASH,0.0,1,48,2114.2,2114.2,2135.34,2082.49,2.5,101481.6,20.0,40.0,2026-09-18T08:29:33.238604Z,2105.0,eod_squareoff,421.6,0.42
RELIANCE_CASH_SELL_20260918_120648,RELIANCE.NS,RELIANCE,CASH_SELL,EQUITY_CASH,0.0,1,77,1226.4,1226.4,1238.66,1208.0,2.5,94432.8,20.0,94452.8,2026-09-18T12:06:48.503234Z,,,,
ICICIBANK_CASH_SELL_20260918_120648,ICICIBANK.NS,ICICIBANK,CASH_SELL,EQUITY_CASH,0.0,1,70,1338.9,1338.9,1352.29,1318.82,1.5,93723.0,20.0,93743.0,2026-09-18T12:06:48.504034Z,,,,
INFY_CASH_BUY_20260918_120648,INFY.NS,INFY,CASH_BUY,EQUITY_CASH,0.0,1,90,1051.4,1051.4,1040.89,1067.17,8.5,94626.0,20.0,94646.0,2026-09-18T12:06:48.504844Z,,,,
TCS_CASH_SELL_20260918_120648,TCS.NS,TCS,CASH_SELL,EQUITY_CASH,0.0,1,45,2105.0,2105.0,2126.05,2073.43,1.5,94725.0,20.0,94745.0,2026-09-18T12:06:48.505694Z,,,,
BHARTIARTL_CASH_BUY_20260918_120648,BHARTIARTL.NS,BHARTIARTL,CASH_BUY,EQUITY_CASH,0.0,1,50,1893.3,1893.3,1874.37,1921.7,7.5,94665.0,20.0,94685.0,2026-09-18T12:06:48.506561Z,,,,
NIFTY_SCALP_PE_20260918_120701,^NSEI,NIFTY,SCALP_PE,SCALP_PE,23400.0,7,175,23346.4,159.34,23696.6,22646.01,6.77,27884.5,20.0,41.07,2026-09-18T12:07:01.286525Z,,,,
BANKNIFTY_SCALP_PE_20260918_120701,^NSEBANK,BANKNIFTY,SCALP_PE,SCALP_PE,56500.0,4,60,56358.7,390.98,57204.08,54667.94,6.25,23458.8,20.0,38.29,2026-09-18T12:07:01.524895Z,,,,
FINNIFTY_SCALP_PE_20260918_120701,NIFTY_FIN_SERVICE.NS,FINNIFTY,SCALP_PE,SCALP_PE,25550.0,5,125,25510.0,164.46,25892.65,24744.7,7.29,20557.5,20.0,36.48,2026-09-18T12:07:01.724368Z,,,,
MIDCPNIFTY_SCALP_CE_20260918_120701,NIFTY_MID_SELECT.NS,MIDCPNIFTY,SCALP_CE,SCALP_CE,14475.0,3,150,14500.75,114.55,14283.24,14935.77,7.65,17182.5,20.0,34.36,2026-09-18T12:07:01.973293Z,,,,
NIFTYNXT50_SCALP_CE_20260918_120702,^NSMIDCP,NIFTYNXT50,SCALP_CE,SCALP_CE,71900.0,2,20,72015.2,561.67,70934.97,74175.66,7.65,11233.4,20.0,30.64,2026-09-18T12:07:02.170010Z,,,,
RELIANCE_SCALP_PE_20260918_120702,RELIANCE.NS,RELIANCE,SCALP_PE,SCALP_PE,1240.0,3,750,1226.4,15.22,1244.8,1189.61,8.82,11415.0,20.0,30.75,2026-09-18T12:07:02.387063Z,,,,
TCS_SCALP_PE_20260918_120702,TCS.NS,TCS,SCALP_PE,SCALP_PE,2150.0,1,175,2105.0,43.97,2136.57,2041.85,8.82,7694.75,20.0,28.42,2026-09-18T12:07:02.663829Z,,,,
INFY_SCALP_CE_20260918_120702,INFY.NS,INFY,SCALP_CE,SCALP_CE,1040.0,1,300,1051.4,14.78,1035.63,1082.94,10.0,4434.0,20.0,26.38,2026-09-18T12:07:02.867790Z,,,,
HDFCBANK_SCALP_CE_20260918_120703,HDFCBANK.NS,HDFCBANK,SCALP_CE,SCALP_CE,720.0,1,550,731.0,12.78,720.03,752.93,7.89,7029.0,20.0,28.0,2026-09-18T12:07:03.073073Z,,,,
SBIN_SCALP_CE_20260918_120703,SBIN.NS,SBIN,SCALP_CE,SCALP_CE,990.0,1,750,996.2,10.65,981.26,1026.09,10.0,7987.5,20.0,28.6,2026-09-18T12:07:03.523834Z,,,,
AXISBANK_SCALP_CE_20260918_120703,AXISBANK.NS,AXISBANK,SCALP_CE,SCALP_CE,1250.0,1,625,1257.0,12.88,1238.14,1294.71,10.0,8050.0,20.0,28.64,2026-09-18T12:07:03.724887Z,,,,
LT_SCALP_CE_20260918_120704,LT.NS,LT,SCALP_CE,SCALP_CE,3850.0,1,150,3885.0,49.2,3826.72,4001.55,10.0,7380.0,20.0,28.22,2026-09-18T12:07:04.183692Z,,,,
BRIGADE_SCALP_PE_20260918_120755,BRIGADE.NS,BRIGADE,SCALP_PE,SCALP_PE,630.0,1,500,621.7,8.78,631.03,603.05,8.72,4390.0,20.0,26.35,2026-09-18T12:07:55.686276Z,,,,
RELIANCE_CASH_SELL_20260918_120648,RELIANCE.NS,RELIANCE,EQUITY_CASH,EQUITY_CASH,0.0,1,77,1226.4,1226.4,1238.66,1208.0,2.5,94432.8,20.0,40.0,2026-09-18T12:06:48.502586Z,1226.4,eod_squareoff,-20.0,-0.02
ICICIBANK_CASH_SELL_20260918_120648,ICICIBANK.NS,ICICIBANK,EQUITY_CASH,EQUITY_CASH,0.0,1,70,1338.9,1338.9,1352.29,1318.82,1.5,93723.0,20.0,40.0,2026-09-18T12:06:48.503523Z,1338.9,eod_squareoff,-20.0,-0.02
INFY_CASH_BUY_20260918_120648,INFY.NS,INFY,EQUITY_CASH,EQUITY_CASH,0.0,1,90,1051.4,1051.4,1040.89,1067.17,8.5,94626.0,20.0,40.0,2026-09-18T12:06:48.504324Z,1051.4,eod_squareoff,-20.0,-0.02
TCS_CASH_SELL_20260918_120648,TCS.NS,TCS,EQUITY_CASH,EQUITY_CASH,0.0,1,45,2105.0,2105.0,2126.05,2073.43,1.5,94725.0,20.0,40.0,2026-09-18T12:06:48.505149Z,2105.0,eod_squareoff,-20.0,-0.02
BHARTIARTL_CASH_BUY_20260918_120648,BHARTIARTL.NS,BHARTIARTL,EQUITY_CASH,EQUITY_CASH,0.0,1,50,1893.3,1893.3,1874.37,1921.7,7.5,94665.0,20.0,40.0,2026-09-18T12:06:48.505961Z,1893.3,eod_squareoff,-20.0,-0.02
NIFTY_SCALP_PE_20260918_120701,^NSEI,NIFTY,SCALP_PE,SCALP_PE,23400.0,7,175,23346.4,159.34,23696.6,22646.01,6.77,27884.5,20.0,78.49,2026-09-18T12:07:01.285837Z,159.34,eod_squareoff,-58.49,-0.21
BANKNIFTY_SCALP_PE_20260918_120701,^NSEBANK,BANKNIFTY,SCALP_PE,SCALP_PE,56500.0,4,60,56358.7,390.98,57204.08,54667.94,6.25,23458.8,20.0,72.96,2026-09-18T12:07:01.524187Z,390.99,eod_squareoff,-52.36,-0.22
FINNIFTY_SCALP_PE_20260918_120701,NIFTY_FIN_SERVICE.NS,FINNIFTY,SCALP_PE,SCALP_PE,25550.0,5,125,25510.0,164.46,25892.65,24744.7,7.29,20557.5,20.0,69.33,2026-09-18T12:07:01.723495Z,164.46,eod_squareoff,-49.33,-0.24
MIDCPNIFTY_SCALP_CE_20260918_120701,NIFTY_MID_SELECT.NS,MIDCPNIFTY,SCALP_CE,SCALP_CE,14475.0,3,150,14500.75,114.55,14283.24,14935.77,7.65,17182.5,20.0,65.1,2026-09-18T12:07:01.972428Z,114.55,eod_squareoff,-45.1,-0.26
NIFTYNXT50_SCALP_CE_20260918_120702,^NSMIDCP,NIFTYNXT50,SCALP_CE,SCALP_CE,71900.0,2,20,72015.2,561.67,70934.97,74175.66,7.65,11233.4,20.0,57.66,2026-09-18T12:07:02.168968Z,561.68,eod_squareoff,-37.46,-0.33
RELIANCE_SCALP_PE_20260918_120702,RELIANCE.NS,RELIANCE,SCALP_PE,SCALP_PE,1240.0,3,750,1226.4,15.22,1244.8,1189.61,8.82,11415.0,20.0,57.88,2026-09-18T12:07:02.386037Z,15.22,eod_squareoff,-37.88,-0.33
TCS_SCALP_PE_20260918_120702,TCS.NS,TCS,SCALP_PE,SCALP_PE,2150.0,1,175,2105.0,43.97,2136.57,2041.85,8.82,7694.75,20.0,53.23,2026-09-18T12:07:02.662752Z,43.97,eod_squareoff,-33.23,-0.43
INFY_SCALP_CE_20260918_120702,INFY.NS,INFY,SCALP_CE,SCALP_CE,1040.0,1,300,1051.4,14.78,1035.63,1082.94,10.0,4434.0,20.0,49.15,2026-09-18T12:07:02.866765Z,14.78,eod_squareoff,-29.15,-0.66
HDFCBANK_SCALP_CE_20260918_120703,HDFCBANK.NS,HDFCBANK,SCALP_CE,SCALP_CE,720.0,1,550,731.0,12.78,720.03,752.93,7.89,7029.0,20.0,52.4,2026-09-18T12:07:03.071899Z,12.78,eod_squareoff,-32.4,-0.46
SBIN_SCALP_CE_20260918_120703,SBIN.NS,SBIN,SCALP_CE,SCALP_CE,990.0,1,750,996.2,10.65,981.26,1026.09,10.0,7987.5,20.0,53.6,2026-09-18T12:07:03.522555Z,10.65,eod_squareoff,-33.6,-0.42
AXISBANK_SCALP_CE_20260918_120703,AXISBANK.NS,AXISBANK,SCALP_CE,SCALP_CE,1250.0,1,625,1257.0,12.88,1238.14,1294.71,10.0,8050.0,20.0,53.67,2026-09-18T12:07:03.723685Z,12.88,eod_squareoff,-33.67,-0.42
LT_SCALP_CE_20260918_120704,LT.NS,LT,SCALP_CE,SCALP_CE,3850.0,1,150,3885.0,49.2,3826.72,4001.55,10.0,7380.0,20.0,52.84,2026-09-18T12:07:04.182484Z,49.2,eod_squareoff,-32.84,-0.44
BRIGADE_SCALP_PE_20260918_120755,BRIGADE.NS,BRIGADE,SCALP_PE,SCALP_PE,630.0,1,500,621.7,8.78,631.03,603.05,8.72,4390.0,20.0,49.09,2026-09-18T12:07:55.685037Z,8.78,eod_squareoff,-29.09,-0.66
RELIANCE_CASH_SELL_20260918_134807,RELIANCE.NS,RELIANCE,CASH_SELL,EQUITY_CASH,0.0,1,77,1226.4,1226.4,1238.66,1208.0,2.5,94432.8,20.0,94452.8,2026-09-18T13:48:07.149081Z,,,,
ICICIBANK_CASH_SELL_20260918_134807,ICICIBANK.NS,ICICIBANK,CASH_SELL,EQUITY_CASH,0.0,1,70,1338.9,1338.9,1352.29,1318.82,1.5,93723.0,20.0,93743.0,2026-09-18T13:48:07.150183Z,,,,
INFY_CASH_BUY_20260918_134807,INFY.NS,INFY,CASH_BUY,EQUITY_CASH,0.0,1,89,1051.4,1051.4,1040.89,1067.17,8.5,93574.6,20.0,93594.6,2026-09-18T13:48:07.151269Z,,,,
TCS_CASH_SELL_20260918_134807,TCS.NS,TCS,CASH_SELL,EQUITY_CASH,0.0,1,44,2105.0,2105.0,2126.05,2073.43,1.5,92620.0,20.0,92640.0,2026-09-18T13:48:07.152383Z,,,,
BHARTIARTL_CASH_BUY_20260918_134807,BHARTIARTL.NS,BHARTIARTL,CASH_BUY,EQUITY_CASH,0.0,1,49,1893.3,1893.3,1874.37,1921.7,7.5,92771.7,20.0,92791.7,2026-09-18T13:48:07.153551Z,,,,
NIFTY_SCALP_PE_20260918_134828,^NSEI,NIFTY,SCALP_PE,SCALP_PE,23400.0,8,200,23346.4,159.34,23696.6,22646.01,6.77,31868.0,20.0,43.56,2026-09-18T13:48:28.292051Z,,,,
BANKNIFTY_SCALP_PE_20260918_134828,^NSEBANK,BANKNIFTY,SCALP_PE,SCALP_PE,56500.0,4,60,56358.7,390.98,57204.08,54667.94,6.25,23458.8,20.0,38.29,2026-09-18T13:48:28.741974Z,,,,
FINNIFTY_SCALP_PE_20260918_134829,NIFTY_FIN_SERVICE.NS,FINNIFTY,SCALP_PE,SCALP_PE,25550.0,5,125,25510.0,164.46,25892.65,24744.7,7.29,20557.5,20.0,36.48,2026-09-18T13:48:29.124123Z,,,,
MIDCPNIFTY_SCALP_CE_20260918_134829,NIFTY_MID_SELECT.NS,MIDCPNIFTY,SCALP_CE,SCALP_CE,14475.0,3,150,14500.75,114.55,14283.24,14935.77,7.65,17182.5,20.0,34.36,2026-09-18T13:48:29.512868Z,,,,
NIFTYNXT50_SCALP_CE_20260918_134829,^NSMIDCP,NIFTYNXT50,SCALP_CE,SCALP_CE,71900.0,2,20,72015.2,561.67,70934.97,74175.66,7.65,11233.4,20.0,30.64,2026-09-18T13:48:29.929160Z,,,,
RELIANCE_SCALP_PE_20260918_134830,RELIANCE.NS,RELIANCE,SCALP_PE,SCALP_PE,1240.0,3,750,1226.4,15.22,1244.8,1189.61,8.82,11415.0,20.0,30.75,2026-09-18T13:48:30.423702Z,,,,
TCS_SCALP_PE_20260918_134830,TCS.NS,TCS,SCALP_PE,SCALP_PE,2150.0,1,175,2105.0,43.97,2136.57,2041.85,8.82,7694.75,20.0,28.42,2026-09-18T13:48:30.856687Z,,,,
INFY_SCALP_CE_20260918_134831,INFY.NS,INFY,SCALP_CE,SCALP_CE,1040.0,1,300,1051.4,14.78,1035.63,1082.94,10.0,4434.0,20.0,26.38,2026-09-18T13:48:31.285070Z,,,,
HDFCBANK_SCALP_CE_20260918_134831,HDFCBANK.NS,HDFCBANK,SCALP_CE,SCALP_CE,720.0,1,550,731.0,12.78,720.03,752.93,7.89,7029.0,20.0,28.0,2026-09-18T13:48:31.765206Z,,,,
SBIN_SCALP_CE_20260918_134832,SBIN.NS,SBIN,SCALP_CE,SCALP_CE,990.0,1,750,996.2,10.65,981.26,1026.09,10.0,7987.5,20.0,28.6,2026-09-18T13:48:32.712379Z,,,,
AXISBANK_SCALP_CE_20260918_134833,AXISBANK.NS,AXISBANK,SCALP_CE,SCALP_CE,1250.0,1,625,1257.0,12.88,1238.14,1294.71,10.0,8050.0,20.0,28.64,2026-09-18T13:48:33.185249Z,,,,
LT_SCALP_CE_20260918_134834,LT.NS,LT,SCALP_CE,SCALP_CE,3850.0,1,150,3885.0,49.2,3826.72,4001.55,10.0,7380.0,20.0,28.22,2026-09-18T13:48:34.057029Z,,,,
BRIGADE_SCALP_PE_20260918_134938,BRIGADE.NS,BRIGADE,SCALP_PE,SCALP_PE,630.0,1,500,621.7,8.78,631.03,603.05,8.72,4390.0,20.0,26.35,2026-09-18T13:49:38.842335Z,,,,
RELIANCE_CASH_SELL_20260918_134807,RELIANCE.NS,RELIANCE,EQUITY_CASH,EQUITY_CASH,0.0,1,77,1226.4,1226.4,1238.66,1208.0,2.5,94432.8,20.0,40.0,2026-09-18T13:48:07.148228Z,1246.2,sl_hit,-1544.6,-1.64
ICICIBANK_CASH_SELL_20260918_134807,ICICIBANK.NS,ICICIBANK,EQUITY_CASH,EQUITY_CASH,0.0,1,70,1338.9,1338.9,1352.29,1318.82,1.5,93723.0,20.0,40.0,2026-09-18T13:48:07.149449Z,1344.5,eod_expiry_time,-412.0,-0.44
INFY_CASH_BUY_20260918_134807,INFY.NS,INFY,EQUITY_CASH,EQUITY_CASH,0.0,1,89,1051.4,1051.4,1040.89,1067.17,8.5,93574.6,20.0,40.0,2026-09-18T13:48:07.150521Z,1038.8,sl_hit,-1141.4,-1.22
TCS_CASH_SELL_20260918_134807,TCS.NS,TCS,EQUITY_CASH,EQUITY_CASH,0.0,1,44,2105.0,2105.0,2126.05,2073.43,1.5,92620.0,20.0,40.0,2026-09-18T13:48:07.151595Z,2137.1,sl_hit,-1432.4,-1.55
BHARTIARTL_CASH_BUY_20260918_134807,BHARTIARTL.NS,BHARTIARTL,EQUITY_CASH,EQUITY_CASH,0.0,1,49,1893.3,1893.3,1874.37,1921.7,7.5,92771.7,20.0,40.0,2026-09-18T13:48:07.152708Z,1831.6,sl_hit,-3043.3,-3.28
NIFTY_SCALP_PE_20260918_134828,^NSEI,NIFTY,SCALP_PE,SCALP_PE,23400.0,8,200,23346.4,159.34,23696.6,22646.01,6.77,31868.0,20.0,71.11,2026-09-18T13:48:28.291058Z,109.93,eod_expiry_time,-9933.11,-31.17
BANKNIFTY_SCALP_PE_20260918_134828,^NSEBANK,BANKNIFTY,SCALP_PE,SCALP_PE,56500.0,4,60,56358.7,390.98,57204.08,54667.94,6.25,23458.8,20.0,64.62,2026-09-18T13:48:28.741085Z,279.94,eod_expiry_time,-6707.02,-28.59
FINNIFTY_SCALP_PE_20260918_134829,NIFTY_FIN_SERVICE.NS,FINNIFTY,SCALP_PE,SCALP_PE,25550.0,5,125,25510.0,164.46,25892.65,24744.7,7.29,20557.5,20.0,62.32,2026-09-18T13:48:29.123052Z,119.65,eod_expiry_time,-5643.57,-27.45
MIDCPNIFTY_SCALP_CE_20260918_134829,NIFTY_MID_SELECT.NS,MIDCPNIFTY,SCALP_CE,SCALP_CE,14475.0,3,150,14500.75,114.55,14283.24,14935.77,7.65,17182.5,20.0,68.82,2026-09-18T13:48:29.511680Z,134.37,eod_expiry_time,2924.18,17.02
NIFTYNXT50_SCALP_CE_20260918_134829,^NSMIDCP,NIFTYNXT50,SCALP_CE,SCALP_CE,71900.0,2,20,72015.2,561.67,70934.97,74175.66,7.65,11233.4,20.0,61.08,2026-09-18T13:48:29.928182Z,698.29,eod_expiry_time,2691.32,23.96
RELIANCE_SCALP_PE_20260918_134830,RELIANCE.NS,RELIANCE,SCALP_PE,SCALP_PE,1240.0,3,750,1226.4,15.22,1244.8,1189.61,8.82,11415.0,20.0,47.85,2026-09-18T13:48:30.422419Z,4.53,sl_hit,-8045.35,-70.48
TCS_SCALP_PE_20260918_134830,TCS.NS,TCS,SCALP_PE,SCALP_PE,2150.0,1,175,2105.0,43.97,2136.57,2041.85,8.82,7694.75,20.0,47.79,2026-09-18T13:48:30.855371Z,19.12,sl_hit,-4376.54,-56.88
INFY_SCALP_CE_20260918_134831,INFY.NS,INFY,SCALP_CE,SCALP_CE,1040.0,1,300,1051.4,14.78,1035.63,1082.94,10.0,4434.0,20.0,46.06,2026-09-18T13:48:31.283812Z,6.54,eod_expiry_time,-2498.06,-56.34
HDFCBANK_SCALP_CE_20260918_134831,HDFCBANK.NS,HDFCBANK,SCALP_CE,SCALP_CE,720.0,1,550,731.0,12.78,720.03,752.93,7.89,7029.0,20.0,59.42,2026-09-18T13:48:31.763779Z,22.99,eod_expiry_time,5576.08,79.33
SBIN_SCALP_CE_20260918_134832,SBIN.NS,SBIN,SCALP_CE,SCALP_CE,990.0,1,750,996.2,10.65,981.26,1026.09,10.0,7987.5,20.0,53.62,2026-09-18T13:48:32.710945Z,10.68,eod_expiry_time,-11.12,-0.14
AXISBANK_SCALP_CE_20260918_134833,AXISBANK.NS,AXISBANK,SCALP_CE,SCALP_CE,1250.0,1,625,1257.0,12.88,1238.14,1294.71,10.0,8050.0,20.0,49.68,2026-09-18T13:48:33.183702Z,7.78,eod_expiry_time,-3217.18,-39.96
LT_SCALP_CE_20260918_134834,LT.NS,LT,SCALP_CE,SCALP_CE,3850.0,1,150,3885.0,49.2,3826.72,4001.55,10.0,7380.0,20.0,55.41,2026-09-18T13:48:34.055405Z,62.91,eod_expiry_time,2021.09,27.39
BRIGADE_SCALP_PE_20260918_134938,BRIGADE.NS,BRIGADE,SCALP_PE,SCALP_PE,630.0,1,500,621.7,8.78,631.03,603.05,8.72,4390.0,20.0,55.89,2026-09-18T13:49:38.840808Z,19.64,eod_expiry_time,5394.11,122.87
RELIANCE_CASH_BUY_20260921_091804,RELIANCE.NS,RELIANCE,CASH_BUY,EQUITY_CASH,0.0,1,72,1246.2,1246.2,1233.74,1264.89,8.5,89726.4,20.0,89746.4,2026-09-21T09:18:04.406997Z,,,,
INFY_CASH_BUY_20260921_091804,INFY.NS,INFY,CASH_BUY,EQUITY_CASH,0.0,1,86,1038.7,1038.7,1028.31,1054.28,7.1,89328.2,20.0,89348.2,2026-09-21T09:18:04.407992Z,,,,
TCS_CASH_BUY_20260921_091804,TCS.NS,TCS,CASH_BUY,EQUITY_CASH,0.0,1,42,2137.3,2137.3,2115.93,2169.36,8.5,89766.6,20.0,89786.6,2026-09-21T09:18:04.408981Z,,,,
BHARTIARTL_CASH_SELL_20260921_091804,BHARTIARTL.NS,BHARTIARTL,CASH_SELL,EQUITY_CASH,0.0,1,49,1831.6,1831.6,1849.92,1804.13,1.5,89748.4,20.0,89768.4,2026-09-21T09:18:04.410097Z,,,,
LT_CASH_BUY_20260921_091804,LT.NS,LT,CASH_BUY,EQUITY_CASH,0.0,1,23,3902.7,3902.7,3863.67,3961.24,8.0,89762.1,20.0,89782.1,2026-09-21T09:18:04.411205Z,,,,
NIFTY_SCALP_CE_20260921_091815,^NSEI,NIFTY,SCALP_CE,SCALP_CE,23400.0,6,150,23451.8,190.37,23100.02,24155.35,9.82,28555.5,20.0,41.49,2026-09-21T09:18:15.687682Z,,,,
BANKNIFTY_SCALP_PE_20260921_091815,^NSEBANK,BANKNIFTY,SCALP_PE,SCALP_PE,56700.0,4,60,56587.5,375.2,57436.31,54889.88,6.67,22512.0,20.0,37.7,2026-09-21T09:18:15.951252Z,,,,
FINNIFTY_SCALP_CE_20260921_091816,NIFTY_FIN_SERVICE.NS,FINNIFTY,SCALP_CE,SCALP_CE,25550.0,3,75,25605.1,207.0,25221.02,26373.25,9.82,15525.0,20.0,33.32,2026-09-21T09:18:16.287519Z,,,,
NIFTYNXT50_SCALP_PE_20260921_091816,^NSMIDCP,NIFTYNXT50,SCALP_PE,SCALP_PE,72300.0,3,30,72242.55,435.38,73326.19,70075.27,6.77,13061.4,20.0,31.78,2026-09-21T09:18:16.691343Z,,,,
RELIANCE_SCALP_CE_20260921_091816,RELIANCE.NS,RELIANCE,SCALP_CE,SCALP_CE,1220.0,2,500,1246.2,28.37,1227.51,1283.59,10.0,14185.0,20.0,32.49,2026-09-21T09:18:16.922305Z,,,,
TCS_SCALP_CE_20260921_091817,TCS.NS,TCS,SCALP_CE,SCALP_CE,2100.0,1,175,2137.4,41.85,2105.34,2201.52,9.34,7323.75,20.0,28.19,2026-09-21T09:18:17.195566Z,,,,
INFY_SCALP_CE_20260921_091817,INFY.NS,INFY,SCALP_CE,SCALP_CE,1020.0,1,300,1039.0,21.07,1023.41,1070.17,10.0,6321.0,20.0,27.56,2026-09-21T09:18:17.449365Z,,,,
HDFCBANK_SCALP_CE_20260921_091817,HDFCBANK.NS,HDFCBANK,SCALP_CE,SCALP_CE,720.0,1,550,742.2,23.19,731.07,764.47,8.37,12754.5,20.0,31.59,2026-09-21T09:18:17.702086Z,,,,
ICICIBANK_SCALP_PE_20260921_091817,ICICIBANK.NS,ICICIBANK,SCALP_PE,SCALP_PE,1350.0,1,700,1344.4,10.52,1364.57,1304.07,6.21,7364.0,20.0,28.21,2026-09-21T09:18:17.945069Z,,,,
SBIN_SCALP_CE_20260921_091818,SBIN.NS,SBIN,SCALP_CE,SCALP_CE,990.0,1,750,996.3,10.69,981.36,1026.19,10.0,8017.5,20.0,28.62,2026-09-21T09:18:18.202355Z,,,,
AXISBANK_SCALP_PE_20260921_091818,AXISBANK.NS,AXISBANK,SCALP_PE,SCALP_PE,1260.0,1,625,1248.6,13.71,1267.33,1211.14,6.32,8568.75,20.0,28.97,2026-09-21T09:18:18.423161Z,,,,
KOTAKBANK_SCALP_CE_20260921_091818,KOTAKBANK.NS,KOTAKBANK,SCALP_CE,SCALP_CE,400.0,1,400,418.15,18.65,411.88,430.69,7.65,7460.0,20.0,28.27,2026-09-21T09:18:18.642498Z,,,,
RELIANCE_CASH_BUY_20260921_091804,RELIANCE.NS,RELIANCE,EQUITY_CASH,EQUITY_CASH,0.0,1,72,1246.2,1246.2,1233.74,1264.89,8.5,89726.4,20.0,40.0,2026-09-21T09:18:04.406213Z,1247.4,eod_squareoff,66.4,0.07
INFY_CASH_BUY_20260921_091804,INFY.NS,INFY,EQUITY_CASH,EQUITY_CASH,0.0,1,86,1038.7,1038.7,1028.31,1054.28,7.1,89328.2,20.0,40.0,2026-09-21T09:18:04.407369Z,1038.5,eod_squareoff,-37.2,-0.04
TCS_CASH_BUY_20260921_091804,TCS.NS,TCS,EQUITY_CASH,EQUITY_CASH,0.0,1,42,2137.3,2137.3,2115.93,2169.36,8.5,89766.6,20.0,40.0,2026-09-21T09:18:04.408346Z,2128.7,eod_squareoff,-381.2,-0.42
BHARTIARTL_CASH_SELL_20260921_091804,BHARTIARTL.NS,BHARTIARTL,EQUITY_CASH,EQUITY_CASH,0.0,1,49,1831.6,1831.6,1849.92,1804.13,1.5,89748.4,20.0,40.0,2026-09-21T09:18:04.409310Z,1830.2,eod_squareoff,48.6,0.05
LT_CASH_BUY_20260921_091804,LT.NS,LT,EQUITY_CASH,EQUITY_CASH,0.0,1,23,3902.7,3902.7,3863.67,3961.24,8.0,89762.1,20.0,40.0,2026-09-21T09:18:04.410403Z,3904.8,eod_squareoff,28.3,0.03
NIFTY_SCALP_CE_20260921_091815,^NSEI,NIFTY,SCALP_CE,SCALP_CE,23400.0,6,150,23451.8,190.37,23100.02,24155.35,9.82,28555.5,20.0,76.64,2026-09-21T09:18:15.686859Z,176.01,eod_squareoff,-2210.64,-7.74
BANKNIFTY_SCALP_PE_20260921_091815,^NSEBANK,BANKNIFTY,SCALP_PE,SCALP_PE,56700.0,4,60,56587.5,375.2,57436.31,54889.88,6.67,22512.0,20.0,75.29,2026-09-21T09:18:15.950307Z,422.02,eod_squareoff,2753.91,12.23
FINNIFTY_SCALP_CE_20260921_091816,NIFTY_FIN_SERVICE.NS,FINNIFTY,SCALP_CE,SCALP_CE,25550.0,3,75,25605.1,207.0,25221.02,26373.25,9.82,15525.0,20.0,60.06,2026-09-21T09:18:16.286493Z,175.38,eod_squareoff,-2411.56,-15.53
NIFTYNXT50_SCALP_PE_20260921_091816,^NSMIDCP,NIFTYNXT50,SCALP_PE,SCALP_PE,72300.0,3,30,72242.55,435.38,73326.19,70075.27,6.77,13061.4,20.0,61.27,2026-09-21T09:18:16.690101Z,470.78,eod_squareoff,1020.73,7.81
RELIANCE_SCALP_CE_20260921_091816,RELIANCE.NS,RELIANCE,SCALP_CE,SCALP_CE,1220.0,2,500,1246.2,28.37,1227.51,1283.59,10.0,14185.0,20.0,62.04,2026-09-21T09:18:16.921267Z,29.47,eod_squareoff,507.96,3.58
TCS_SCALP_CE_20260921_091817,TCS.NS,TCS,SCALP_CE,SCALP_CE,2100.0,1,175,2137.4,41.85,2105.34,2201.52,9.34,7323.75,20.0,51.11,2026-09-21T09:18:17.194391Z,34.3,eod_squareoff,-1352.36,-18.47
INFY_SCALP_CE_20260921_091817,INFY.NS,INFY,SCALP_CE,SCALP_CE,1020.0,1,300,1039.0,21.07,1023.41,1070.17,10.0,6321.0,20.0,51.33,2026-09-21T09:18:17.448074Z,20.6,eod_squareoff,-172.33,-2.73
HDFCBANK_SCALP_CE_20260921_091817,HDFCBANK.NS,HDFCBANK,SCALP_CE,SCALP_CE,720.0,1,550,742.2,23.19,731.07,764.47,8.37,12754.5,20.0,57.75,2026-09-21T09:18:17.700870Z,20.56,eod_squareoff,-1484.25,-11.64
ICICIBANK_SCALP_PE_20260921_091817,ICICIBANK.NS,ICICIBANK,SCALP_PE,SCALP_PE,1350.0,1,700,1344.4,10.52,1364.57,1304.07,6.21,7364.0,20.0,52.46,2026-09-21T09:18:17.943753Z,10.11,eod_squareoff,-319.46,-4.34
SBIN_SCALP_CE_20260921_091818,SBIN.NS,SBIN,SCALP_CE,SCALP_CE,990.0,1,750,996.3,10.69,981.36,1026.19,10.0,8017.5,20.0,53.39,2026-09-21T09:18:18.200985Z,10.43,eod_squareoff,-228.39,-2.85
AXISBANK_SCALP_PE_20260921_091818,AXISBANK.NS,AXISBANK,SCALP_PE,SCALP_PE,1260.0,1,625,1248.6,13.71,1267.33,1211.14,6.32,8568.75,20.0,53.54,2026-09-21T09:18:18.421673Z,12.71,eod_squareoff,-658.54,-7.69
KOTAKBANK_SCALP_CE_20260921_091818,KOTAKBANK.NS,KOTAKBANK,SCALP_CE,SCALP_CE,400.0,1,400,418.15,18.65,411.88,430.69,7.65,7460.0,20.0,51.26,2026-09-21T09:18:18.641007Z,15.31,eod_squareoff,-1367.26,-18.33
RELIANCE_CASH_BUY_20260921_134248,RELIANCE.NS,RELIANCE,CASH_BUY,EQUITY_CASH,0.0,1,71,1247.4,1247.4,1234.93,1266.11,8.5,88565.4,20.0,88585.4,2026-09-21T13:42:48.329399Z,,,,
TCS_CASH_BUY_20260921_134248,TCS.NS,TCS,CASH_BUY,EQUITY_CASH,0.0,1,41,2128.7,2128.7,2107.41,2160.63,7.1,87276.7,20.0,87296.7,2026-09-21T13:42:48.330099Z,,,,
BHARTIARTL_CASH_SELL_20260921_134248,BHARTIARTL.NS,BHARTIARTL,CASH_SELL,EQUITY_CASH,0.0,1,48,1830.2,1830.2,1848.5,1802.75,1.5,87849.6,20.0,87869.6,2026-09-21T13:42:48.330607Z,,,,
LT_CASH_BUY_20260921_134248,LT.NS,LT,CASH_BUY,EQUITY_CASH,0.0,1,22,3904.8,3904.8,3865.75,3963.37,8.0,85905.6,20.0,85925.6,2026-09-21T13:42:48.331112Z,,,,
SBIN_CASH_BUY_20260921_134248,SBIN.NS,SBIN,CASH_BUY,EQUITY_CASH,0.0,1,89,996.0,996.0,986.04,1010.94,7.1,88644.0,20.0,88664.0,2026-09-21T13:42:48.331640Z,,,,
BANKNIFTY_SCALP_PE_20260921_134313,^NSEBANK,BANKNIFTY,SCALP_PE,SCALP_PE,56600.0,5,75,56494.9,367.95,57342.32,54800.05,7.82,27596.25,20.0,40.89,2026-09-21T13:43:13.886171Z,,,,
MIDCPNIFTY_SCALP_PE_20260921_134314,NIFTY_MID_SELECT.NS,MIDCPNIFTY,SCALP_PE,SCALP_PE,14550.0,5,250,14520.45,95.89,14738.26,14084.84,6.25,23972.5,20.0,38.62,2026-09-21T13:43:14.660688Z,,,,
NIFTYNXT50_SCALP_PE_20260921_134315,^NSMIDCP,NIFTYNXT50,SCALP_PE,SCALP_PE,72300.0,4,40,72164.25,470.78,73246.71,69999.32,7.82,18831.2,20.0,35.4,2026-09-21T13:43:15.052172Z,,,,
RELIANCE_SCALP_CE_20260921_134315,RELIANCE.NS,RELIANCE,SCALP_CE,SCALP_CE,1220.0,2,500,1247.4,29.47,1228.69,1284.82,10.0,14735.0,20.0,32.83,2026-09-21T13:43:15.637791Z,,,,
TCS_SCALP_CE_20260921_134316,TCS.NS,TCS,SCALP_CE,SCALP_CE,2100.0,2,350,2133.2,38.12,2101.2,2197.2,10.0,13342.0,20.0,31.96,2026-09-21T13:43:16.053546Z,,,,
INFY_SCALP_CE_20260921_134316,INFY.NS,INFY,SCALP_CE,SCALP_CE,1020.0,1,300,1038.5,20.6,1022.92,1069.65,10.0,6180.0,20.0,27.47,2026-09-21T13:43:16.535833Z,,,,
HDFCBANK_SCALP_PE_20260921_134316,HDFCBANK.NS,HDFCBANK,SCALP_PE,SCALP_PE,760.0,1,550,739.5,19.78,750.59,717.31,7.04,10879.0,20.0,30.41,2026-09-21T13:43:16.928079Z,,,,
ICICIBANK_SCALP_PE_20260921_134317,ICICIBANK.NS,ICICIBANK,SCALP_PE,SCALP_PE,1360.0,1,700,1345.6,16.22,1365.78,1305.23,7.46,11354.0,20.0,30.71,2026-09-21T13:43:17.379997Z,,,,
SBIN_SCALP_CE_20260921_134317,SBIN.NS,SBIN,SCALP_CE,SCALP_CE,990.0,1,750,996.0,10.43,981.06,1025.88,10.0,7822.5,20.0,28.5,2026-09-21T13:43:17.883119Z,,,,
KOTAKBANK_SCALP_PE_20260921_134318,KOTAKBANK.NS,KOTAKBANK,SCALP_PE,SCALP_PE,440.0,1,400,414.8,24.65,421.02,402.36,7.46,9860.0,20.0,29.78,2026-09-21T13:43:18.596799Z,,,,
LT_SCALP_CE_20260921_134319,LT.NS,LT,SCALP_CE,SCALP_CE,3850.0,1,150,3896.0,57.48,3837.56,4012.88,10.0,8622.0,20.0,29.0,2026-09-21T13:43:19.087165Z,,,,
BANKNIFTY_SCALP_PE_20260921_134313,^NSEBANK,BANKNIFTY,SCALP_PE,SCALP_PE,56600.0,5,75,56494.9,367.95,57342.32,54800.05,7.82,27596.25,20.0,78.13,2026-09-21T13:43:13.885688Z,367.95,time_stop,-58.13,-0.21
MIDCPNIFTY_SCALP_PE_20260921_134314,NIFTY_MID_SELECT.NS,MIDCPNIFTY,SCALP_PE,SCALP_PE,14550.0,5,250,14520.45,95.89,14738.26,14084.84,6.25,23972.5,20.0,73.6,2026-09-21T13:43:14.659915Z,95.89,time_stop,-53.6,-0.22
NIFTYNXT50_SCALP_PE_20260921_134315,^NSMIDCP,NIFTYNXT50,SCALP_PE,SCALP_PE,72300.0,4,40,72164.25,470.78,73246.71,69999.32,7.82,18831.2,20.0,67.17,2026-09-21T13:43:15.051640Z,470.78,time_stop,-47.17,-0.25
RELIANCE_SCALP_CE_20260921_134315,RELIANCE.NS,RELIANCE,SCALP_CE,SCALP_CE,1220.0,2,500,1247.4,29.47,1228.69,1284.82,10.0,14735.0,20.0,62.04,2026-09-21T13:43:15.637192Z,29.47,time_stop,-42.04,-0.29
TCS_SCALP_CE_20260921_134316,TCS.NS,TCS,SCALP_CE,SCALP_CE,2100.0,2,350,2133.2,38.12,2101.2,2197.2,10.0,13342.0,20.0,58.62,2026-09-21T13:43:16.052912Z,34.3,sl_hit,-1375.62,-10.31
INFY_SCALP_CE_20260921_134316,INFY.NS,INFY,SCALP_CE,SCALP_CE,1020.0,1,300,1038.5,20.6,1022.92,1069.65,10.0,6180.0,20.0,51.33,2026-09-21T13:43:16.535150Z,20.6,time_stop,-31.33,-0.51
HDFCBANK_SCALP_PE_20260921_134316,HDFCBANK.NS,HDFCBANK,SCALP_PE,SCALP_PE,760.0,1,550,739.5,19.78,750.59,717.31,7.04,10879.0,20.0,57.21,2026-09-21T13:43:16.927292Z,19.78,time_stop,-37.21,-0.34
ICICIBANK_SCALP_PE_20260921_134317,ICICIBANK.NS,ICICIBANK,SCALP_PE,SCALP_PE,1360.0,1,700,1345.6,16.22,1365.78,1305.23,7.46,11354.0,20.0,58.19,2026-09-21T13:43:17.379164Z,16.66,time_stop,269.81,2.38
SBIN_SCALP_CE_20260921_134317,SBIN.NS,SBIN,SCALP_CE,SCALP_CE,990.0,1,750,996.0,10.43,981.06,1025.88,10.0,7822.5,20.0,53.39,2026-09-21T13:43:17.882301Z,10.43,time_stop,-33.39,-0.43
KOTAKBANK_SCALP_PE_20260921_134318,KOTAKBANK.NS,KOTAKBANK,SCALP_PE,SCALP_PE,440.0,1,400,414.8,24.65,421.02,402.36,7.46,9860.0,20.0,55.94,2026-09-21T13:43:18.595826Z,24.65,time_stop,-35.94,-0.36
RELIANCE_CASH_BUY_20260921_134248,RELIANCE.NS,RELIANCE,EQUITY_CASH,EQUITY_CASH,0.0,1,71,1247.4,1247.4,1234.93,1266.11,8.5,88565.4,20.0,40.0,2026-09-21T13:42:48.328806Z,1247.4,eod_squareoff,-20.0,-0.02
TCS_CASH_BUY_20260921_134248,TCS.NS,TCS,EQUITY_CASH,EQUITY_CASH,0.0,1,41,2128.7,2128.7,2107.41,2160.63,7.1,87276.7,20.0,40.0,2026-09-21T13:42:48.329780Z,2128.7,eod_squareoff,-20.0,-0.02
BHARTIARTL_CASH_SELL_20260921_134248,BHARTIARTL.NS,BHARTIARTL,EQUITY_CASH,EQUITY_CASH,0.0,1,48,1830.2,1830.2,1848.5,1802.75,1.5,87849.6,20.0,40.0,2026-09-21T13:42:48.330284Z,1830.2,eod_squareoff,-20.0,-0.02
LT_CASH_BUY_20260921_134248,LT.NS,LT,EQUITY_CASH,EQUITY_CASH,0.0,1,22,3904.8,3904.8,3865.75,3963.37,8.0,85905.6,20.0,40.0,2026-09-21T13:42:48.330769Z,3904.8,eod_squareoff,-20.0,-0.02
SBIN_CASH_BUY_20260921_134248,SBIN.NS,SBIN,EQUITY_CASH,EQUITY_CASH,0.0,1,89,996.0,996.0,986.04,1010.94,7.1,88644.0,20.0,40.0,2026-09-21T13:42:48.331282Z,996.0,eod_squareoff,-20.0,-0.02
LT_SCALP_CE_20260921_134319,LT.NS,LT,SCALP_CE,SCALP_CE,3850.0,1,150,3896.0,57.48,3837.56,4012.88,10.0,8622.0,20.0,55.75,2026-09-21T13:43:19.086299Z,64.71,eod_squareoff,1048.75,12.16
RELIANCE_CASH_BUY_20260921_160020,RELIANCE.NS,RELIANCE,CASH_BUY,EQUITY_CASH,0.0,1,71,1247.4,1247.4,1234.93,1266.11,8.5,88565.4,20.0,88585.4,2026-09-21T16:00:20.472827Z,,,,
TCS_CASH_BUY_20260921_160020,TCS.NS,TCS,CASH_BUY,EQUITY_CASH,0.0,1,41,2128.7,2128.7,2107.41,2160.63,7.1,87276.7,20.0,87296.7,2026-09-21T16:00:20.473538Z,,,,
BHARTIARTL_CASH_SELL_20260921_160020,BHARTIARTL.NS,BHARTIARTL,CASH_SELL,EQUITY_CASH,0.0,1,48,1830.2,1830.2,1848.5,1802.75,1.5,87849.6,20.0,87869.6,2026-09-21T16:00:20.474247Z,,,,
LT_CASH_BUY_20260921_160020,LT.NS,LT,CASH_BUY,EQUITY_CASH,0.0,1,22,3904.8,3904.8,3865.75,3963.37,8.0,85905.6,20.0,85925.6,2026-09-21T16:00:20.474996Z,,,,
SBIN_CASH_BUY_20260921_160020,SBIN.NS,SBIN,CASH_BUY,EQUITY_CASH,0.0,1,89,996.0,996.0,986.04,1010.94,7.1,88644.0,20.0,88664.0,2026-09-21T16:00:20.475774Z,,,,
BANKNIFTY_SCALP_PE_20260921_160039,^NSEBANK,BANKNIFTY,SCALP_PE,SCALP_PE,56600.0,5,75,56494.9,367.95,57342.32,54800.05,7.82,27596.25,20.0,40.89,2026-09-21T16:00:39.263362Z,,,,
MIDCPNIFTY_SCALP_PE_20260921_160040,NIFTY_MID_SELECT.NS,MIDCPNIFTY,SCALP_PE,SCALP_PE,14550.0,5,250,14520.45,95.89,14738.26,14084.84,6.25,23972.5,20.0,38.62,2026-09-21T16:00:40.323110Z,,,,
NIFTYNXT50_SCALP_PE_20260921_160040,^NSMIDCP,NIFTYNXT50,SCALP_PE,SCALP_PE,72300.0,4,40,72164.25,470.78,73246.71,69999.32,7.82,18831.2,20.0,35.4,2026-09-21T16:00:40.621360Z,,,,
RELIANCE_SCALP_CE_20260921_160041,RELIANCE.NS,RELIANCE,SCALP_CE,SCALP_CE,1220.0,2,500,1247.4,29.47,1228.69,1284.82,10.0,14735.0,20.0,32.83,2026-09-21T16:00:41.011315Z,,,,
TCS_SCALP_CE_20260921_160041,TCS.NS,TCS,SCALP_CE,SCALP_CE,2100.0,2,350,2128.7,34.3,2096.77,2192.56,10.0,12005.0,20.0,31.12,2026-09-21T16:00:41.430925Z,,,,
INFY_SCALP_CE_20260921_160041,INFY.NS,INFY,SCALP_CE,SCALP_CE,1020.0,1,300,1038.5,20.6,1022.92,1069.65,10.0,6180.0,20.0,27.47,2026-09-21T16:00:41.799584Z,,,,
HDFCBANK_SCALP_PE_20260921_160042,HDFCBANK.NS,HDFCBANK,SCALP_PE,SCALP_PE,760.0,1,550,739.5,19.78,750.59,717.31,7.04,10879.0,20.0,30.41,2026-09-21T16:00:42.124669Z,,,,
ICICIBANK_SCALP_PE_20260921_160042,ICICIBANK.NS,ICICIBANK,SCALP_PE,SCALP_PE,1350.0,1,700,1345.0,10.11,1365.17,1304.65,7.46,7077.0,20.0,28.03,2026-09-21T16:00:42.451712Z,,,,
SBIN_SCALP_CE_20260921_160042,SBIN.NS,SBIN,SCALP_CE,SCALP_CE,990.0,1,750,996.0,10.43,981.06,1025.88,10.0,7822.5,20.0,28.5,2026-09-21T16:00:42.852590Z,,,,
KOTAKBANK_SCALP_PE_20260921_160043,KOTAKBANK.NS,KOTAKBANK,SCALP_PE,SCALP_PE,440.0,1,400,414.8,24.65,421.02,402.36,7.46,9860.0,20.0,29.78,2026-09-21T16:00:43.567077Z,,,,
LT_SCALP_CE_20260921_160043,LT.NS,LT,SCALP_CE,SCALP_CE,3850.0,1,150,3904.8,64.71,3846.23,4021.94,10.0,9706.5,20.0,29.68,2026-09-21T16:00:43.956814Z,,,,
DABUR_SCALP_PE_20260921_160126,DABUR.NS,DABUR,SCALP_PE,SCALP_PE,390.0,1,1250,386.8,4.0,392.6,375.2,7.36,5000.0,20.0,26.73,2026-09-21T16:01:26.259511Z,,,,
SBIN_CASH_BUY_20260921_160020,SBIN.NS,SBIN,EQUITY_CASH,EQUITY_CASH,0.0,1,89,996.0,996.0,986.04,1010.94,7.1,88644.0,20.0,40.0,2026-09-21T16:00:20.475235Z,985.8,sl_hit,-927.8,-1.05
MIDCPNIFTY_SCALP_PE_20260921_160040,NIFTY_MID_SELECT.NS,MIDCPNIFTY,SCALP_PE,SCALP_PE,14550.0,5,250,14520.45,95.89,14738.26,14084.84,6.25,23972.5,20.0,74.08,2026-09-21T16:00:40.322443Z,97.43,time_stop,330.92,1.38
NIFTYNXT50_SCALP_PE_20260921_160040,^NSMIDCP,NIFTYNXT50,SCALP_PE,SCALP_PE,72300.0,4,40,72164.25,470.78,73246.71,69999.32,7.82,18831.2,20.0,73.37,2026-09-21T16:00:40.620553Z,594.7,target_hit,4903.43,26.04
RELIANCE_SCALP_CE_20260921_160041,RELIANCE.NS,RELIANCE,SCALP_CE,SCALP_CE,1220.0,2,500,1247.4,29.47,1228.69,1284.82,10.0,14735.0,20.0,59.99,2026-09-21T16:00:41.010564Z,26.19,sl_hit,-1679.99,-11.4
TCS_SCALP_CE_20260921_160041,TCS.NS,TCS,SCALP_CE,SCALP_CE,2100.0,2,350,2128.7,34.3,2096.77,2192.56,10.0,12005.0,20.0,54.53,2026-09-21T16:00:41.430031Z,24.96,sl_hit,-3303.53,-27.52
INFY_SCALP_CE_20260921_160041,INFY.NS,INFY,SCALP_CE,SCALP_CE,1020.0,1,300,1038.5,20.6,1022.92,1069.65,10.0,6180.0,20.0,48.41,2026-09-21T16:00:41.798592Z,12.82,sl_hit,-2362.41,-38.23
HDFCBANK_SCALP_PE_20260921_160042,HDFCBANK.NS,HDFCBANK,SCALP_PE,SCALP_PE,760.0,1,550,739.5,19.78,750.59,717.31,7.04,10879.0,20.0,54.32,2026-09-21T16:00:42.123736Z,15.57,sl_hit,-2349.82,-21.6
SBIN_SCALP_CE_20260921_160042,SBIN.NS,SBIN,SCALP_CE,SCALP_CE,990.0,1,750,996.0,10.43,981.06,1025.88,10.0,7822.5,20.0,47.96,2026-09-21T16:00:42.851435Z,4.65,sl_hit,-4362.96,-55.77
KOTAKBANK_SCALP_PE_20260921_160043,KOTAKBANK.NS,KOTAKBANK,SCALP_PE,SCALP_PE,440.0,1,400,414.8,24.65,421.02,402.36,7.46,9860.0,20.0,56.24,2026-09-21T16:00:43.565990Z,25.25,time_stop,203.76,2.07
LT_SCALP_CE_20260921_160043,LT.NS,LT,SCALP_CE,SCALP_CE,3850.0,1,150,3904.8,64.71,3846.23,4021.94,10.0,9706.5,20.0,52.2,2026-09-21T16:00:43.955680Z,45.81,sl_hit,-2867.2,-29.54
DABUR_SCALP_PE_20260921_160126,DABUR.NS,DABUR,SCALP_PE,SCALP_PE,390.0,1,1250,386.8,4.0,392.6,375.2,7.36,5000.0,20.0,48.51,2026-09-21T16:01:26.258258Z,3.14,sl_hit,-1103.51,-22.07
ICICIBANK_CASH_BUY_20260922_084828,ICICIBANK.NS,ICICIBANK,CASH_BUY,EQUITY_CASH,0.0,1,64,1343.0,1343.0,1329.57,1363.14,7.5,85952.0,20.0,85972.0,2026-09-22T08:48:28.443338Z,,,,
NIFTY_SCALP_PE_20260922_084839,^NSEI,NIFTY,SCALP_PE,SCALP_PE,23450.0,5,125,23383.5,162.02,23734.25,22681.99,6.88,20252.5,20.0,36.29,2026-09-22T08:48:39.091059Z,,,,
FINNIFTY_SCALP_PE_20260922_084840,NIFTY_FIN_SERVICE.NS,FINNIFTY,SCALP_PE,SCALP_PE,25550.0,4,100,25481.4,174.47,25863.62,24716.96,6.46,17447.0,20.0,34.53,2026-09-22T08:48:40.233592Z,,,,
MIDCPNIFTY_SCALP_PE_20260922_084840,NIFTY_MID_SELECT.NS,MIDCPNIFTY,SCALP_PE,SCALP_PE,14550.0,2,100,14513.6,97.93,14731.3,14078.19,6.46,9793.0,20.0,29.73,2026-09-22T08:48:40.431003Z,,,,
NIFTYNXT50_SCALP_PE_20260922_084840,^NSMIDCP,NIFTYNXT50,SCALP_PE,SCALP_PE,72000.0,2,20,71917.2,434.78,72995.96,69759.68,6.46,8695.6,20.0,29.05,2026-09-22T08:48:40.616555Z,,,,
INFY_SCALP_CE_20260922_084841,INFY.NS,INFY,SCALP_CE,SCALP_CE,1000.0,1,300,1029.2,30.59,1013.76,1060.08,10.0,9177.0,20.0,29.35,2026-09-22T08:48:41.288571Z,,,,
HDFCBANK_SCALP_PE_20260922_084841,HDFCBANK.NS,HDFCBANK,SCALP_PE,SCALP_PE,760.0,1,550,743.55,15.97,754.7,721.24,8.11,8783.5,20.0,29.1,2026-09-22T08:48:41.487016Z,,,,
ICICIBANK_SCALP_CE_20260922_084841,ICICIBANK.NS,ICICIBANK,SCALP_CE,SCALP_CE,1330.0,1,700,1343.0,17.48,1322.86,1383.29,10.0,12236.0,20.0,31.26,2026-09-22T08:48:41.761734Z,,,,
SBIN_SCALP_PE_20260922_084841,SBIN.NS,SBIN,SCALP_PE,SCALP_PE,1000.0,1,750,985.7,14.69,1000.49,956.13,7.36,11017.5,20.0,30.5,2026-09-22T08:48:41.966347Z,,,,
KOTAKBANK_SCALP_PE_20260922_084842,KOTAKBANK.NS,KOTAKBANK,SCALP_PE,SCALP_PE,440.0,1,400,414.1,25.35,420.31,401.68,6.21,10140.0,20.0,29.95,2026-09-22T08:48:42.461915Z,,,,
ICICIBANK_SCALP_PE_20260921_160042,ICICIBANK.NS,ICICIBANK,SCALP_PE,SCALP_PE,1350.0,1,700,1345.0,10.11,1365.17,1304.65,7.46,7077.0,20.0,52.8,2026-09-21T16:00:42.450612Z,10.5,time_stop,240.2,3.39
MIDCPNIFTY_SCALP_PE_20260922_084840,NIFTY_MID_SELECT.NS,MIDCPNIFTY,SCALP_PE,SCALP_PE,14550.0,2,100,14513.6,97.93,14731.3,14078.19,6.46,9793.0,20.0,54.66,2026-09-22T08:48:40.430320Z,88.36,sl_hit,-991.66,-10.13
MIDCPNIFTY_SCALP_CE_20260922_090654,NIFTY_MID_SELECT.NS,MIDCPNIFTY,SCALP_CE,SCALP_CE,14500.0,1,50,14533.35,116.62,14315.35,14969.35,7.65,5831.0,20.0,27.25,2026-09-22T09:06:54.430799Z,,,,
NIFTYNXT50_SCALP_PE_20260922_090654,^NSMIDCP,NIFTYNXT50,SCALP_PE,SCALP_PE,72100.0,1,10,71971.6,458.95,73051.17,69812.45,6.46,4589.5,20.0,26.47,2026-09-22T09:06:54.849416Z,,,,
ASIANPAINT_SCALP_PE_20260922_090704,ASIANPAINT.NS,ASIANPAINT,SCALP_PE,SCALP_PE,2475.0,1,200,2450.5,28.1,2487.26,2376.99,6.11,5620.0,20.0,27.12,2026-09-22T09:07:04.306936Z,,,,
TCS_CASH_BUY_20260921_160020,TCS.NS,TCS,EQUITY_CASH,EQUITY_CASH,0.0,1,41,2128.7,2128.7,2107.41,2160.63,7.1,87276.7,20.0,40.0,2026-09-21T16:00:20.473112Z,2105.0,sl_hit,-991.7,-1.14
BANKNIFTY_SCALP_PE_20260921_160039,^NSEBANK,BANKNIFTY,SCALP_PE,SCALP_PE,56600.0,5,75,56494.9,367.95,57342.32,54800.05,7.82,27596.25,20.0,92.55,2026-09-21T16:00:39.262643Z,521.54,target_hit,11446.7,41.48
INFY_SCALP_CE_20260922_084841,INFY.NS,INFY,SCALP_CE,SCALP_CE,1000.0,1,300,1029.2,30.59,1013.76,1060.08,10.0,9177.0,20.0,55.16,2026-09-22T08:48:41.287834Z,30.78,time_stop,21.84,0.24
HDFCBANK_SCALP_PE_20260922_084841,HDFCBANK.NS,HDFCBANK,SCALP_PE,SCALP_PE,760.0,1,550,743.55,15.97,754.7,721.24,8.11,8783.5,20.0,57.79,2026-09-22T08:48:41.486261Z,20.62,target_hit,2519.71,28.69
ICICIBANK_SCALP_CE_20260922_084841,ICICIBANK.NS,ICICIBANK,SCALP_CE,SCALP_CE,1330.0,1,700,1343.0,17.48,1322.86,1383.29,10.0,12236.0,20.0,56.68,2026-09-22T08:48:41.760888Z,14.93,sl_hit,-1821.68,-14.89
SBIN_SCALP_PE_20260922_084841,SBIN.NS,SBIN,SCALP_PE,SCALP_PE,1000.0,1,750,985.7,14.69,1000.49,956.13,7.36,11017.5,20.0,56.4,2026-09-22T08:48:41.965412Z,13.64,time_stop,-823.9,-7.48
RELIANCE_CASH_BUY_20260921_160020,RELIANCE.NS,RELIANCE,EQUITY_CASH,EQUITY_CASH,0.0,1,71,1247.4,1247.4,1234.93,1266.11,8.5,88565.4,20.0,40.0,2026-09-21T16:00:20.472265Z,1240.4,eod_squareoff,-517.0,-0.58
BHARTIARTL_CASH_SELL_20260921_160020,BHARTIARTL.NS,BHARTIARTL,EQUITY_CASH,EQUITY_CASH,0.0,1,48,1830.2,1830.2,1848.5,1802.75,1.5,87849.6,20.0,40.0,2026-09-21T16:00:20.473799Z,1817.2,eod_squareoff,604.0,0.69
LT_CASH_BUY_20260921_160020,LT.NS,LT,EQUITY_CASH,EQUITY_CASH,0.0,1,22,3904.8,3904.8,3865.75,3963.37,8.0,85905.6,20.0,40.0,2026-09-21T16:00:20.474513Z,3866.4,eod_squareoff,-864.8,-1.01
ICICIBANK_CASH_BUY_20260922_084828,ICICIBANK.NS,ICICIBANK,EQUITY_CASH,EQUITY_CASH,0.0,1,64,1343.0,1343.0,1329.57,1363.14,7.5,85952.0,20.0,40.0,2026-09-22T08:48:28.442731Z,1339.6,eod_squareoff,-237.6,-0.28
NIFTY_SCALP_PE_20260922_084839,^NSEI,NIFTY,SCALP_PE,SCALP_PE,23450.0,5,125,23383.5,162.02,23734.25,22681.99,6.88,20252.5,20.0,73.69,2026-09-22T08:48:39.090422Z,192.36,eod_squareoff,3738.81,18.46
FINNIFTY_SCALP_PE_20260922_084840,NIFTY_FIN_SERVICE.NS,FINNIFTY,SCALP_PE,SCALP_PE,25550.0,4,100,25481.4,174.47,25863.62,24716.96,6.46,17447.0,20.0,69.84,2026-09-22T08:48:40.232959Z,209.71,eod_squareoff,3474.16,19.91
NIFTYNXT50_SCALP_PE_20260922_084840,^NSMIDCP,NIFTYNXT50,SCALP_PE,SCALP_PE,72000.0,2,20,71917.2,434.78,72995.96,69759.68,6.46,8695.6,20.0,55.92,2026-09-22T08:48:40.615853Z,492.4,eod_squareoff,1116.48,12.84
KOTAKBANK_SCALP_PE_20260922_084842,KOTAKBANK.NS,KOTAKBANK,SCALP_PE,SCALP_PE,440.0,1,400,414.1,25.35,420.31,401.68,6.21,10140.0,20.0,57.02,2026-09-22T08:48:42.461062Z,26.8,eod_squareoff,542.98,5.35
MIDCPNIFTY_SCALP_CE_20260922_090654,NIFTY_MID_SELECT.NS,MIDCPNIFTY,SCALP_CE,SCALP_CE,14500.0,1,50,14533.35,116.62,14315.35,14969.35,7.65,5831.0,20.0,51.28,2026-09-22T09:06:54.429284Z,122.69,eod_squareoff,272.22,4.67
NIFTYNXT50_SCALP_PE_20260922_090654,^NSMIDCP,NIFTYNXT50,SCALP_PE,SCALP_PE,72100.0,1,10,71971.6,458.95,73051.17,69812.45,6.46,4589.5,20.0,50.46,2026-09-22T09:06:54.847699Z,548.41,eod_squareoff,864.14,18.83
ASIANPAINT_SCALP_PE_20260922_090704,ASIANPAINT.NS,ASIANPAINT,SCALP_PE,SCALP_PE,2475.0,1,200,2450.5,28.1,2487.26,2376.99,6.11,5620.0,20.0,50.97,2026-09-22T09:07:04.305306Z,29.46,eod_squareoff,241.03,4.29
HDFCBANK_CASH_SELL_20260922_122545,HDFCBANK.NS,HDFCBANK,CASH_SELL,EQUITY_CASH,0.0,1,121,738.6,738.6,745.99,727.52,2.0,89370.6,20.0,89390.6,2026-09-22T12:25:45.457962Z,,,,
INFY_CASH_BUY_20260922_122545,INFY.NS,INFY,CASH_BUY,EQUITY_CASH,0.0,1,87,1029.4,1029.4,1019.11,1044.84,8.5,89557.8,20.0,89577.8,2026-09-22T12:25:45.458726Z,,,,
RELIANCE_CASH_SELL_20260922_122546,RELIANCE.NS,RELIANCE,CASH_SELL,EQUITY_CASH,0.0,1,72,1240.4,1240.4,1252.8,1221.79,2.5,89308.8,20.0,89328.8,2026-09-22T12:25:46.995081Z,,,,
HDFCBANK_CASH_SELL_20260922_122546,HDFCBANK.NS,HDFCBANK,CASH_SELL,EQUITY_CASH,0.0,1,121,738.6,738.6,745.99,727.52,2.5,89370.6,20.0,89390.6,2026-09-22T12:25:46.995907Z,,,,
INFY_CASH_BUY_20260922_122546,INFY.NS,INFY,CASH_BUY,EQUITY_CASH,0.0,1,87,1029.4,1029.4,1019.11,1044.84,8.5,89557.8,20.0,89577.8,2026-09-22T12:25:46.996743Z,,,,
NIFTY_SCALP_PE_20260922_122601,^NSEI,NIFTY,SCALP_PE,SCALP_PE,23400.0,7,175,23329.0,163.52,23678.93,22629.13,6.46,28616.0,20.0,41.53,2026-09-22T12:26:01.692199Z,,,,
FINNIFTY_SCALP_PE_20260922_122602,NIFTY_FIN_SERVICE.NS,FINNIFTY,SCALP_PE,SCALP_PE,25450.0,6,150,25417.95,154.33,25799.22,24655.41,6.46,23149.5,20.0,38.1,2026-09-22T12:26:02.351316Z,,,,
MIDCPNIFTY_SCALP_CE_20260922_122602,NIFTY_MID_SELECT.NS,MIDCPNIFTY,SCALP_CE,SCALP_CE,14525.0,3,150,14544.3,108.05,14326.14,14980.63,7.65,16207.5,20.0,33.75,2026-09-22T12:26:02.718233Z,,,,
RELIANCE_SCALP_PE_20260922_122603,RELIANCE.NS,RELIANCE,SCALP_PE,SCALP_PE,1260.0,3,750,1240.4,19.77,1259.01,1203.19,8.72,14827.5,20.0,32.89,2026-09-22T12:26:03.457189Z,,,,
INFY_SCALP_CE_20260922_122604,INFY.NS,INFY,SCALP_CE,SCALP_CE,1000.0,1,300,1029.4,30.78,1013.96,1060.28,10.0,9234.0,20.0,29.38,2026-09-22T12:26:04.171350Z,,,,
HDFCBANK_SCALP_PE_20260922_122604,HDFCBANK.NS,HDFCBANK,SCALP_PE,SCALP_PE,760.0,1,550,738.6,20.62,749.68,716.44,9.24,11341.0,20.0,30.7,2026-09-22T12:26:04.591280Z,,,,
AXISBANK_SCALP_PE_20260922_122605,AXISBANK.NS,AXISBANK,SCALP_PE,SCALP_PE,1250.0,1,625,1242.7,10.77,1261.34,1205.42,8.3,6731.25,20.0,27.82,2026-09-22T12:26:05.997114Z,,,,
KOTAKBANK_SCALP_PE_20260922_122606,KOTAKBANK.NS,KOTAKBANK,SCALP_PE,SCALP_PE,440.0,1,400,412.65,26.8,418.84,400.27,6.93,10720.0,20.0,30.32,2026-09-22T12:26:06.328063Z,,,,
LT_SCALP_PE_20260922_122606,LT.NS,LT,SCALP_PE,SCALP_PE,3900.0,1,150,3866.4,40.65,3924.4,3750.41,7.36,6097.5,20.0,27.42,2026-09-22T12:26:06.663758Z,,,,
ITC_SCALP_PE_20260922_122606,ITC.NS,ITC,SCALP_PE,SCALP_PE,270.0,1,1600,265.8,4.24,269.79,257.83,6.93,6784.0,20.0,27.85,2026-09-22T12:26:06.953714Z,,,,
BHARTIARTL_SCALP_PE_20260922_122607,BHARTIARTL.NS,BHARTIARTL,SCALP_PE,SCALP_PE,1840.0,1,475,1817.2,24.23,1844.46,1762.68,8.82,11509.25,20.0,30.81,2026-09-22T12:26:07.679262Z,,,,
TATACHEM_SCALP_PE_20260922_122634,TATACHEM.NS,TATACHEM,SCALP_PE,SCALP_PE,680.0,1,550,674.0,7.18,684.11,653.78,7.58,3949.0,20.0,26.07,2026-09-22T12:26:34.227121Z,,,,
NIFTY_SCALP_PE_20260922_122601,^NSEI,NIFTY,SCALP_PE,SCALP_PE,23400.0,7,175,23329.0,163.52,23678.93,22629.13,6.46,28616.0,20.0,79.41,2026-09-22T12:26:01.691567Z,163.52,time_stop,-59.41,-0.21
FINNIFTY_SCALP_PE_20260922_122602,NIFTY_FIN_SERVICE.NS,FINNIFTY,SCALP_PE,SCALP_PE,25450.0,6,150,25417.95,154.33,25799.22,24655.41,6.46,23149.5,20.0,72.57,2026-09-22T12:26:02.350634Z,154.33,time_stop,-52.57,-0.23
MIDCPNIFTY_SCALP_CE_20260922_122602,NIFTY_MID_SELECT.NS,MIDCPNIFTY,SCALP_CE,SCALP_CE,14525.0,3,150,14544.3,108.05,14326.14,14980.63,7.65,16207.5,20.0,63.88,2026-09-22T12:26:02.717522Z,108.05,time_stop,-43.88,-0.27
RELIANCE_SCALP_PE_20260922_122603,RELIANCE.NS,RELIANCE,SCALP_PE,SCALP_PE,1260.0,3,750,1240.4,19.77,1259.01,1203.19,8.72,14827.5,20.0,62.16,2026-09-22T12:26:03.456349Z,19.77,time_stop,-42.16,-0.28
INFY_SCALP_CE_20260922_122604,INFY.NS,INFY,SCALP_CE,SCALP_CE,1000.0,1,300,1029.4,30.78,1013.96,1060.28,10.0,9234.0,20.0,55.16,2026-09-22T12:26:04.170372Z,30.78,time_stop,-35.16,-0.38
HDFCBANK_SCALP_PE_20260922_122604,HDFCBANK.NS,HDFCBANK,SCALP_PE,SCALP_PE,760.0,1,550,738.6,20.62,749.68,716.44,9.24,11341.0,20.0,57.79,2026-09-22T12:26:04.590391Z,20.62,time_stop,-37.79,-0.33
AXISBANK_SCALP_PE_20260922_122605,AXISBANK.NS,AXISBANK,SCALP_PE,SCALP_PE,1250.0,1,625,1242.7,10.77,1261.34,1205.42,8.3,6731.25,20.0,52.02,2026-09-22T12:26:05.996146Z,10.77,time_stop,-32.02,-0.48
KOTAKBANK_SCALP_PE_20260922_122606,KOTAKBANK.NS,KOTAKBANK,SCALP_PE,SCALP_PE,440.0,1,400,412.65,26.8,418.84,400.27,6.93,10720.0,20.0,57.02,2026-09-22T12:26:06.327007Z,26.8,time_stop,-37.02,-0.35
LT_SCALP_PE_20260922_122606,LT.NS,LT,SCALP_PE,SCALP_PE,3900.0,1,150,3866.4,40.65,3924.4,3750.41,7.36,6097.5,20.0,51.23,2026-09-22T12:26:06.662714Z,40.65,time_stop,-31.23,-0.51
ITC_SCALP_PE_20260922_122606,ITC.NS,ITC,SCALP_PE,SCALP_PE,270.0,1,1600,265.8,4.24,269.79,257.83,6.93,6784.0,20.0,52.09,2026-09-22T12:26:06.952633Z,4.24,time_stop,-32.09,-0.47
BHARTIARTL_SCALP_PE_20260922_122607,BHARTIARTL.NS,BHARTIARTL,SCALP_PE,SCALP_PE,1840.0,1,475,1817.2,24.23,1844.46,1762.68,8.82,11509.25,20.0,58.0,2026-09-22T12:26:07.678060Z,24.23,time_stop,-38.0,-0.33
TATACHEM_SCALP_PE_20260922_122634,TATACHEM.NS,TATACHEM,SCALP_PE,SCALP_PE,680.0,1,550,674.0,7.18,684.11,653.78,7.58,3949.0,20.0,48.54,2026-09-22T12:26:34.225886Z,7.18,time_stop,-28.54,-0.72
HDFCBANK_CASH_SELL_20260922_122545,HDFCBANK.NS,HDFCBANK,EQUITY_CASH,EQUITY_CASH,0.0,1,121,738.6,738.6,745.99,727.52,2.0,89370.6,20.0,40.0,2026-09-22T12:25:45.457346Z,738.6,eod_squareoff,-20.0,-0.02
INFY_CASH_BUY_20260922_122545,INFY.NS,INFY,EQUITY_CASH,EQUITY_CASH,0.0,1,87,1029.4,1029.4,1019.11,1044.84,8.5,89557.8,20.0,40.0,2026-09-22T12:25:45.458225Z,1029.4,eod_squareoff,-20.0,-0.02
RELIANCE_CASH_SELL_20260922_122546,RELIANCE.NS,RELIANCE,EQUITY_CASH,EQUITY_CASH,0.0,1,72,1240.4,1240.4,1252.8,1221.79,2.5,89308.8,20.0,40.0,2026-09-22T12:25:46.994397Z,1240.4,eod_squareoff,-20.0,-0.02
HDFCBANK_CASH_SELL_20260922_122546,HDFCBANK.NS,HDFCBANK,EQUITY_CASH,EQUITY_CASH,0.0,1,121,738.6,738.6,745.99,727.52,2.5,89370.6,20.0,40.0,2026-09-22T12:25:46.995339Z,738.6,eod_squareoff,-20.0,-0.02
INFY_CASH_BUY_20260922_122546,INFY.NS,INFY,EQUITY_CASH,EQUITY_CASH,0.0,1,87,1029.4,1029.4,1019.11,1044.84,8.5,89557.8,20.0,40.0,2026-09-22T12:25:46.996137Z,1029.4,eod_squareoff,-20.0,-0.02
HDFCBANK_CASH_SELL_20260922_141017,HDFCBANK.NS,HDFCBANK,CASH_SELL,EQUITY_CASH,0.0,1,121,738.6,738.6,745.99,727.52,2.0,89370.6,20.0,89390.6,2026-09-22T14:10:17.079028Z,,,,
INFY_CASH_BUY_20260922_141017,INFY.NS,INFY,CASH_BUY,EQUITY_CASH,0.0,1,86,1029.4,1029.4,1019.11,1044.84,8.5,88528.4,20.0,88548.4,2026-09-22T14:10:17.079786Z,,,,
RELIANCE_CASH_SELL_20260922_141019,RELIANCE.NS,RELIANCE,CASH_SELL,EQUITY_CASH,0.0,1,72,1240.4,1240.4,1252.8,1221.79,2.5,89308.8,20.0,89328.8,2026-09-22T14:10:19.195247Z,,,,
HDFCBANK_CASH_SELL_20260922_141019,HDFCBANK.NS,HDFCBANK,CASH_SELL,EQUITY_CASH,0.0,1,121,738.6,738.6,745.99,727.52,2.5,89370.6,20.0,89390.6,2026-09-22T14:10:19.196217Z,,,,
INFY_CASH_BUY_20260922_141019,INFY.NS,INFY,CASH_BUY,EQUITY_CASH,0.0,1,86,1029.4,1029.4,1019.11,1044.84,8.5,88528.4,20.0,88548.4,2026-09-22T14:10:19.197184Z,,,,
NIFTY_SCALP_PE_20260922_141036,^NSEI,NIFTY,SCALP_PE,SCALP_PE,23400.0,7,175,23329.0,163.52,23678.93,22629.13,6.46,28616.0,20.0,41.53,2026-09-22T14:10:36.183249Z,,,,
FINNIFTY_SCALP_PE_20260922_141037,NIFTY_FIN_SERVICE.NS,FINNIFTY,SCALP_PE,SCALP_PE,25450.0,6,150,25417.95,154.33,25799.22,24655.41,6.46,23149.5,20.0,38.1,2026-09-22T14:10:37.232539Z,,,,
MIDCPNIFTY_SCALP_CE_20260922_141037,NIFTY_MID_SELECT.NS,MIDCPNIFTY,SCALP_CE,SCALP_CE,14525.0,3,150,14544.3,108.05,14326.14,14980.63,7.65,16207.5,20.0,33.75,2026-09-22T14:10:37.601221Z,,,,
RELIANCE_SCALP_PE_20260922_141038,RELIANCE.NS,RELIANCE,SCALP_PE,SCALP_PE,1260.0,3,750,1240.4,19.77,1259.01,1203.19,8.72,14827.5,20.0,32.89,2026-09-22T14:10:38.683401Z,,,,
INFY_SCALP_CE_20260922_141039,INFY.NS,INFY,SCALP_CE,SCALP_CE,1000.0,1,300,1029.4,30.78,1013.96,1060.28,10.0,9234.0,20.0,29.38,2026-09-22T14:10:39.442021Z,,,,
HDFCBANK_SCALP_PE_20260922_141039,HDFCBANK.NS,HDFCBANK,SCALP_PE,SCALP_PE,760.0,1,550,738.6,20.62,749.68,716.44,9.24,11341.0,20.0,30.7,2026-09-22T14:10:39.883859Z,,,,
AXISBANK_SCALP_PE_20260922_141040,AXISBANK.NS,AXISBANK,SCALP_PE,SCALP_PE,1250.0,1,625,1242.7,10.77,1261.34,1205.42,8.3,6731.25,20.0,27.82,2026-09-22T14:10:40.896771Z,,,,
KOTAKBANK_SCALP_PE_20260922_141041,KOTAKBANK.NS,KOTAKBANK,SCALP_PE,SCALP_PE,440.0,1,400,412.65,26.8,418.84,400.27,6.93,10720.0,20.0,30.32,2026-09-22T14:10:41.234799Z,,,,
LT_SCALP_PE_20260922_141041,LT.NS,LT,SCALP_PE,SCALP_PE,3900.0,1,150,3866.4,40.65,3924.4,3750.41,7.36,6097.5,20.0,27.42,2026-09-22T14:10:41.635521Z,,,,
ITC_SCALP_PE_20260922_141042,ITC.NS,ITC,SCALP_PE,SCALP_PE,270.0,1,1600,265.8,4.24,269.79,257.83,6.93,6784.0,20.0,27.85,2026-09-22T14:10:42.406481Z,,,,
BHARTIARTL_SCALP_PE_20260922_141044,BHARTIARTL.NS,BHARTIARTL,SCALP_PE,SCALP_PE,1840.0,1,475,1817.2,24.23,1844.46,1762.68,8.82,11509.25,20.0,30.81,2026-09-22T14:10:44.202220Z,,,,
DRREDDY_SCALP_PE_20260922_141049,DRREDDY.NS,DRREDDY,SCALP_PE,SCALP_PE,1250.0,1,125,1211.0,37.6,1229.16,1174.67,7.77,4700.0,20.0,26.54,2026-09-22T14:10:49.029093Z,,,,
