run_id,ticker,symbol,verdict,contract_type,strike_price,lots,total_shares,spot_entry,option_premium,spot_sl,spot_target,waterfall_score,position_value_inr,brokerage_fee_inr,total_cost_inr,executed_at,exit_price,exit_reason,realized_pnl_inr,realized_pnl_pct
RELIANCE_SCALP_CE_20260808_061737,RELIANCE.NS,RELIANCE,SCALP_CE,SCALP_CE,2500.0,10,10,522.0,50.0,514.17,537.66,8.5,500.0,20.0,22.0,2026-08-08T06:17:37.345944Z,,,,
RELIANCE_SCALP_CE_20260808_061737,RELIANCE.NS,RELIANCE,SCALP_CE,SCALP_CE,2500.0,1,1,123.0,100.0,121.16,126.69,8.2,100.0,20.0,23.0,2026-08-08T06:17:37.363061Z,,,,
RELIANCE_SCALP_CE_20260808_061854,RELIANCE.NS,RELIANCE,SCALP_CE,SCALP_CE,2500.0,1,250,2500.0,40.0,2462.5,2575.0,8.5,10000.0,20.0,43.76,2026-08-08T06:18:54.230187Z,0.5,eod_squareoff,-9898.76,-98.99
NIFTY_OPTION_CE_20260808_061854,^NSEI,NIFTY,BUY_CE,OPTION_CE,24000.0,2,50,24000.0,150.0,23640.0,24720.0,9.0,7500.0,20.0,81.97,2026-08-08T06:18:54.230888Z,613.29,eod_squareoff,23102.53,308.03
RELIANCE_1,RELIANCE.NS,RELIANCE,SCALP_CE,SCALP_CE,2500.0,1,250,12500.0,50.0,12000.0,13000.0,8.0,12500.0,20.0,43.76,2026-08-08T06:18:58.766633Z,0.5,sl_hit,-12398.76,-99.19
RELIANCE_1,RELIANCE.NS,RELIANCE,SCALP_CE,SCALP_CE,2500.0,1,250,12500.0,50.0,12000.0,13000.0,8.0,12500.0,20.0,43.76,2026-08-08T06:18:59.518066Z,0.5,eod_squareoff,-12398.76,-99.19
RELIANCE_1,RELIANCE.NS,RELIANCE,SCALP_CE,SCALP_CE,2500.0,1,250,12500.0,50.0,12000.0,13000.0,8.0,12500.0,20.0,43.76,2026-08-08T06:19:00.310587Z,0.5,sl_hit,-12398.76,-99.19
RELIANCE_CASH_BUY_20260808_061938,RELIANCE.NS,RELIANCE,CASH_BUY,EQUITY_CASH,0.0,1,56,1334.8,1334.8,1321.45,1354.82,8.5,74748.8,20.0,74768.8,2026-08-08T06:19:38.532322Z,,,,
ICICIBANK_CASH_SELL_20260808_061938,ICICIBANK.NS,ICICIBANK,CASH_SELL,EQUITY_CASH,0.0,1,52,1421.0,1421.0,1435.21,1399.68,2.2,73892.0,20.0,73912.0,2026-08-08T06:19:38.544314Z,,,,
TCS_CASH_BUY_20260808_061938,TCS.NS,TCS,CASH_BUY,EQUITY_CASH,0.0,1,30,2452.7,2452.7,2428.17,2489.49,8.5,73581.0,20.0,73601.0,2026-08-08T06:19:38.560678Z,,,,
BHARTIARTL_CASH_BUY_20260808_061938,BHARTIARTL.NS,BHARTIARTL,CASH_BUY,EQUITY_CASH,0.0,1,38,1959.9,1959.9,1940.3,1989.3,8.5,74476.2,20.0,74496.2,2026-08-08T06:19:38.567674Z,,,,
MARUTI_CASH_BUY_20260808_061938,MARUTI.NS,MARUTI,CASH_BUY,EQUITY_CASH,0.0,1,5,14037.0,14037.0,13896.63,14247.56,8.0,70185.0,20.0,70205.0,2026-08-08T06:19:38.593549Z,,,,
RELIANCE_1,RELIANCE.NS,RELIANCE,SCALP_CE,SCALP_CE,2500.0,1,250,12500.0,50.0,12000.0,13000.0,8.0,12500.0,20.0,43.76,2026-08-08T06:19:42.184786Z,0.5,sl_hit,-12398.76,-99.19
RELIANCE_1,RELIANCE.NS,RELIANCE,SCALP_CE,SCALP_CE,2500.0,1,250,12500.0,50.0,12000.0,13000.0,8.0,12500.0,20.0,43.76,2026-08-08T06:19:44.217575Z,0.5,eod_squareoff,-12398.76,-99.19
RELIANCE_1,RELIANCE.NS,RELIANCE,SCALP_CE,SCALP_CE,2500.0,1,250,12500.0,50.0,12000.0,13000.0,8.0,12500.0,20.0,43.76,2026-08-08T06:19:45.152197Z,0.5,sl_hit,-12398.76,-99.19
RELIANCE_SCALP_CE_20260808_061957,RELIANCE.NS,RELIANCE,SCALP_CE,SCALP_CE,1320.0,5,1250,1334.8,19.43,1314.78,1374.84,10.0,24287.5,20.0,38.81,2026-08-08T06:19:57.243770Z,,,,
HDFCBANK_SCALP_PE_20260808_061957,HDFCBANK.NS,HDFCBANK,SCALP_PE,SCALP_PE,740.0,3,1650,731.0,9.99,741.96,709.07,9.0,16483.5,20.0,33.93,2026-08-08T06:19:57.692447Z,,,,
ICICIBANK_SCALP_PE_20260808_061958,ICICIBANK.NS,ICICIBANK,SCALP_PE,SCALP_PE,1430.0,1,700,1421.0,13.59,1442.31,1378.37,9.0,9513.0,20.0,29.56,2026-08-08T06:19:58.168386Z,,,,
INFY_SCALP_CE_20260808_061958,INFY.NS,INFY,SCALP_CE,SCALP_CE,1160.0,2,800,1175.1,18.73,1157.47,1210.35,7.84,14984.0,20.0,32.99,2026-08-08T06:19:58.658771Z,,,,
TCS_SCALP_CE_20260808_061959,TCS.NS,TCS,SCALP_CE,SCALP_CE,2400.0,1,175,2452.7,57.3,2415.91,2526.28,10.0,10027.5,20.0,29.88,2026-08-08T06:19:59.069850Z,,,,
BHARTIARTL_SCALP_CE_20260808_062000,BHARTIARTL.NS,BHARTIARTL,SCALP_CE,SCALP_CE,1940.0,1,475,1959.9,27.15,1930.5,2018.7,10.0,12896.25,20.0,31.68,2026-08-08T06:20:00.346439Z,,,,
HINDALCO_SCALP_CE_20260808_062002,HINDALCO.NS,HINDALCO,SCALP_CE,SCALP_CE,1050.0,1,1400,1059.6,13.82,1043.71,1091.39,7.48,19348.0,20.0,35.72,2026-08-08T06:20:02.568138Z,,,,
TATASTEEL_SCALP_PE_20260808_062003,TATASTEEL.NS,TATASTEEL,SCALP_PE,SCALP_PE,190.0,1,5500,187.55,2.67,190.36,181.92,8.1,14685.0,20.0,32.8,2026-08-08T06:20:03.230264Z,,,,
BANKNIFTY_SCALP_PE_20260808_062010,^NSEBANK,BANKNIFTY,SCALP_PE,SCALP_PE,57800.0,1,15,57746.45,378.08,58612.65,56014.06,9.2,5671.2,20.0,27.15,2026-08-08T06:20:10.660229Z,,,,
RELIANCE_SCALP_CE_20260808_062011,RELIANCE.NS,RELIANCE,SCALP_CE,SCALP_CE,1320.0,1,250,1334.8,19.43,1314.78,1374.84,10.0,4857.5,20.0,26.64,2026-08-08T06:20:11.252300Z,,,,
RELIANCE_1,RELIANCE.NS,RELIANCE,SCALP_CE,SCALP_CE,2500.0,1,250,12500.0,50.0,12000.0,13000.0,8.0,12500.0,20.0,43.76,2026-08-08T06:20:16.043647Z,0.5,sl_hit,-12398.76,-99.19
RELIANCE_1,RELIANCE.NS,RELIANCE,SCALP_CE,SCALP_CE,2500.0,1,250,12500.0,50.0,12000.0,13000.0,8.0,12500.0,20.0,43.76,2026-08-08T06:20:18.178688Z,0.5,eod_squareoff,-12398.76,-99.19
RELIANCE_1,RELIANCE.NS,RELIANCE,SCALP_CE,SCALP_CE,2500.0,1,250,12500.0,50.0,12000.0,13000.0,8.0,12500.0,20.0,43.76,2026-08-08T06:20:19.142704Z,0.5,sl_hit,-12398.76,-99.19
RELIANCE_1,RELIANCE.NS,RELIANCE,SCALP_CE,SCALP_CE,2500.0,1,250,12500.0,50.0,12000.0,13000.0,8.0,12500.0,20.0,43.76,2026-08-08T06:20:40.060578Z,0.5,sl_hit,-12398.76,-99.19
RELIANCE_1,RELIANCE.NS,RELIANCE,SCALP_CE,SCALP_CE,2500.0,1,250,12500.0,50.0,12000.0,13000.0,8.0,12500.0,20.0,43.76,2026-08-08T06:20:41.943410Z,0.5,eod_squareoff,-12398.76,-99.19
RELIANCE_1,RELIANCE.NS,RELIANCE,SCALP_CE,SCALP_CE,2500.0,1,250,12500.0,50.0,12000.0,13000.0,8.0,12500.0,20.0,43.76,2026-08-08T06:20:43.066036Z,0.5,sl_hit,-12398.76,-99.19
RELIANCE_1,RELIANCE.NS,RELIANCE,SCALP_CE,SCALP_CE,2500.0,1,250,10000.0,40.0,9800.0,10500.0,8.0,10000.0,20.0,43.76,2026-08-08T06:21:22.943406Z,0.5,eod_squareoff,-9898.76,-98.99
NIFTY_SCALP_CE_20260808_062124,NIFTY,NIFTY,SCALP_CE,SCALP_CE,1000.0,1,100,1000.0,50.0,985.0,1030.0,8.5,5000.0,20.0,44.52,2026-08-08T06:21:24.988395Z,7.34,eod_squareoff,-4290.52,-85.81
RELIANCE_SCALP_CE_20260808_062124,RELIANCE,RELIANCE,SCALP_CE,SCALP_CE,1000.0,1,100,1000.0,50.0,985.0,1030.0,8.5,5000.0,20.0,44.52,2026-08-08T06:21:24.991393Z,7.34,eod_squareoff,-4290.52,-85.81
HDFCBANK_SCALP_CE_20260808_062124,HDFCBANK,HDFCBANK,SCALP_CE,SCALP_CE,1000.0,1,100,1000.0,50.0,985.0,1030.0,8.5,5000.0,20.0,44.52,2026-08-08T06:21:24.994391Z,7.34,eod_squareoff,-4290.52,-85.81
RELIANCE_1,RELIANCE.NS,RELIANCE,SCALP_CE,SCALP_CE,2500.0,1,250,12500.0,50.0,12000.0,13000.0,8.0,12500.0,20.0,43.76,2026-08-08T06:21:34.315548Z,0.5,sl_hit,-12398.76,-99.19
RELIANCE_1,RELIANCE.NS,RELIANCE,SCALP_CE,SCALP_CE,2500.0,1,250,12500.0,50.0,12000.0,13000.0,8.0,12500.0,20.0,43.76,2026-08-08T06:21:35.181532Z,0.5,eod_squareoff,-12398.76,-99.19
RELIANCE_1,RELIANCE.NS,RELIANCE,SCALP_CE,SCALP_CE,2500.0,1,250,12500.0,50.0,12000.0,13000.0,8.0,12500.0,20.0,43.76,2026-08-08T06:21:36.251904Z,0.5,sl_hit,-12398.76,-99.19
RELIANCE_1,RELIANCE.NS,RELIANCE,SCALP_CE,SCALP_CE,2500.0,1,250,10000.0,40.0,9800.0,10500.0,8.0,10000.0,20.0,43.76,2026-08-08T06:21:41.931198Z,0.5,eod_squareoff,-9898.76,-98.99
NIFTY_SCALP_CE_20260808_062144,NIFTY,NIFTY,SCALP_CE,SCALP_CE,1000.0,1,100,1000.0,50.0,985.0,1030.0,8.5,5000.0,20.0,44.52,2026-08-08T06:21:44.161215Z,7.34,eod_squareoff,-4290.52,-85.81
RELIANCE_SCALP_CE_20260808_062144,RELIANCE,RELIANCE,SCALP_CE,SCALP_CE,1000.0,1,100,1000.0,50.0,985.0,1030.0,8.5,5000.0,20.0,44.52,2026-08-08T06:21:44.164213Z,7.34,eod_squareoff,-4290.52,-85.81
NIFTY_OPTION_CE_20260808_062153,^NSEI,NIFTY,BUY_CE,OPTION_CE,24200.0,2,50,24210.5,145.0,23847.34,24936.82,8.5,7250.0,20.0,24.5,2026-08-08T06:21:53.871026Z,,,,
HDFCBANK_SCALP_CE_20260808_062144,HDFCBANK,HDFCBANK,SCALP_CE,SCALP_CE,1000.0,1,100,1000.0,50.0,985.0,1030.0,8.5,5000.0,20.0,44.52,2026-08-08T06:21:44.171211Z,7.34,eod_squareoff,-4290.52,-85.81
NIFTY_OPTION_CE_20260808_062153,^NSEI,NIFTY,BUY_CE,OPTION_CE,24200.0,2,50,24210.5,145.0,23847.34,24936.82,8.5,7250.0,20.0,99.31,2026-08-08T06:21:53.867974Z,890.37,target_hit,37189.19,512.95
RELIANCE_1,RELIANCE.NS,RELIANCE,SCALP_CE,SCALP_CE,2500.0,1,250,12500.0,50.0,12000.0,13000.0,8.0,12500.0,20.0,43.76,2026-08-08T06:21:54.135836Z,0.5,sl_hit,-12398.76,-99.19
RELIANCE_1,RELIANCE.NS,RELIANCE,SCALP_CE,SCALP_CE,2500.0,1,250,12500.0,50.0,12000.0,13000.0,8.0,12500.0,20.0,43.76,2026-08-08T06:21:55.442761Z,0.5,eod_squareoff,-12398.76,-99.19
RELIANCE_1,RELIANCE.NS,RELIANCE,SCALP_CE,SCALP_CE,2500.0,1,250,12500.0,50.0,12000.0,13000.0,8.0,12500.0,20.0,43.76,2026-08-08T06:21:56.446947Z,0.5,sl_hit,-12398.76,-99.19
RELIANCE_1,RELIANCE.NS,RELIANCE,SCALP_CE,SCALP_CE,2500.0,1,250,10000.0,40.0,9800.0,10500.0,8.0,10000.0,20.0,43.76,2026-08-08T06:22:03.504695Z,0.5,eod_squareoff,-9898.76,-98.99
NIFTY_SCALP_CE_20260808_062205,NIFTY,NIFTY,SCALP_CE,SCALP_CE,1000.0,1,100,1000.0,50.0,985.0,1030.0,8.5,5000.0,20.0,44.52,2026-08-08T06:22:05.635179Z,7.34,eod_squareoff,-4290.52,-85.81
RELIANCE_SCALP_CE_20260808_062205,RELIANCE,RELIANCE,SCALP_CE,SCALP_CE,1000.0,1,100,1000.0,50.0,985.0,1030.0,8.5,5000.0,20.0,44.52,2026-08-08T06:22:05.637369Z,7.34,eod_squareoff,-4290.52,-85.81
HDFCBANK_SCALP_CE_20260808_062205,HDFCBANK,HDFCBANK,SCALP_CE,SCALP_CE,1000.0,1,100,1000.0,50.0,985.0,1030.0,8.5,5000.0,20.0,44.52,2026-08-08T06:22:05.639755Z,7.34,eod_squareoff,-4290.52,-85.81
RELIANCE_1,RELIANCE.NS,RELIANCE,SCALP_CE,SCALP_CE,2500.0,1,250,12500.0,50.0,12000.0,13000.0,8.0,12500.0,20.0,43.76,2026-08-08T06:22:14.929073Z,0.5,sl_hit,-12398.76,-99.19
RELIANCE_1,RELIANCE.NS,RELIANCE,SCALP_CE,SCALP_CE,2500.0,1,250,12500.0,50.0,12000.0,13000.0,8.0,12500.0,20.0,43.76,2026-08-08T06:22:15.891472Z,0.5,eod_squareoff,-12398.76,-99.19
RELIANCE_1,RELIANCE.NS,RELIANCE,SCALP_CE,SCALP_CE,2500.0,1,250,12500.0,50.0,12000.0,13000.0,8.0,12500.0,20.0,43.76,2026-08-08T06:22:16.796863Z,0.5,sl_hit,-12398.76,-99.19
RELIANCE_1,RELIANCE.NS,RELIANCE,SCALP_CE,SCALP_CE,2500.0,1,250,12500.0,50.0,12000.0,13000.0,8.0,12500.0,20.0,43.76,2026-08-08T06:22:25.924197Z,0.5,sl_hit,-12398.76,-99.19
RELIANCE_1,RELIANCE.NS,RELIANCE,SCALP_CE,SCALP_CE,2500.0,1,250,12500.0,50.0,12000.0,13000.0,8.0,12500.0,20.0,43.76,2026-08-08T06:22:27.418166Z,0.5,eod_squareoff,-12398.76,-99.19
RELIANCE_1,RELIANCE.NS,RELIANCE,SCALP_CE,SCALP_CE,2500.0,1,250,12500.0,50.0,12000.0,13000.0,8.0,12500.0,20.0,43.76,2026-08-08T06:22:28.166351Z,0.5,sl_hit,-12398.76,-99.19
RELIANCE_1,RELIANCE.NS,RELIANCE,SCALP_CE,SCALP_CE,2500.0,1,250,10000.0,40.0,9800.0,10500.0,8.0,10000.0,20.0,43.76,2026-08-08T06:23:27.206487Z,0.5,eod_squareoff,-9898.76,-98.99
NIFTY_SCALP_CE_20260808_062330,NIFTY,NIFTY,SCALP_CE,SCALP_CE,1000.0,1,100,1000.0,50.0,985.0,1030.0,8.5,5000.0,20.0,44.52,2026-08-08T06:23:30.986421Z,7.34,eod_squareoff,-4290.52,-85.81
RELIANCE_SCALP_CE_20260808_062330,RELIANCE,RELIANCE,SCALP_CE,SCALP_CE,1000.0,1,100,1000.0,50.0,985.0,1030.0,8.5,5000.0,20.0,44.52,2026-08-08T06:23:30.988419Z,7.34,eod_squareoff,-4290.52,-85.81
HDFCBANK_SCALP_CE_20260808_062330,HDFCBANK,HDFCBANK,SCALP_CE,SCALP_CE,1000.0,1,100,1000.0,50.0,985.0,1030.0,8.5,5000.0,20.0,44.52,2026-08-08T06:23:30.989418Z,7.34,eod_squareoff,-4290.52,-85.81
RELIANCE_1,RELIANCE.NS,RELIANCE,SCALP_CE,SCALP_CE,2500.0,1,250,12500.0,50.0,12000.0,13000.0,8.0,12500.0,20.0,43.76,2026-08-08T06:23:43.171071Z,0.5,sl_hit,-12398.76,-99.19
RELIANCE_1,RELIANCE.NS,RELIANCE,SCALP_CE,SCALP_CE,2500.0,1,250,12500.0,50.0,12000.0,13000.0,8.0,12500.0,20.0,43.76,2026-08-08T06:23:44.225779Z,0.5,eod_squareoff,-12398.76,-99.19
RELIANCE_1,RELIANCE.NS,RELIANCE,SCALP_CE,SCALP_CE,2500.0,1,250,10000.0,40.0,9800.0,10500.0,8.0,10000.0,20.0,43.76,2026-08-08T06:23:53.678639Z,0.5,eod_squareoff,-9898.76,-98.99
NIFTY_OPTION_CE_20260808_062356,^NSEI,NIFTY,BUY_CE,OPTION_CE,24200.0,2,50,24210.5,145.0,23847.34,24936.82,8.5,7250.0,20.0,24.5,2026-08-08T06:23:56.636671Z,,,,
NIFTY_OPTION_CE_20260808_062356,^NSEI,NIFTY,BUY_CE,OPTION_CE,24200.0,2,50,24210.5,145.0,23847.34,24936.82,8.5,7250.0,20.0,99.31,2026-08-08T06:23:56.633673Z,890.37,target_hit,37189.19,512.95
ORDER_0,POS_0.NS,POS_0,OPTION_CE,OPTION_CE,1000.0,1,50,1000.0,50.0,980.0,1050.0,8.0,2500.0,20.0,43.63,2026-08-08T06:23:59.305171Z,0.5,sl_hit,-2498.63,-99.95
ORDER_1,POS_1.NS,POS_1,OPTION_CE,OPTION_CE,1000.0,1,50,1000.0,50.0,980.0,1050.0,8.0,2500.0,20.0,43.63,2026-08-08T06:23:59.305171Z,0.5,sl_hit,-2498.63,-99.95
ORDER_2,POS_2.NS,POS_2,OPTION_CE,OPTION_CE,1000.0,1,50,1000.0,50.0,980.0,1050.0,8.0,2500.0,20.0,43.63,2026-08-08T06:23:59.305171Z,0.5,sl_hit,-2498.63,-99.95
ORDER_3,POS_3.NS,POS_3,OPTION_CE,OPTION_CE,1000.0,1,50,1000.0,50.0,980.0,1050.0,8.0,2500.0,20.0,43.63,2026-08-08T06:23:59.305171Z,0.5,sl_hit,-2498.63,-99.95
ORDER_4,POS_4.NS,POS_4,OPTION_CE,OPTION_CE,1000.0,1,50,1000.0,50.0,980.0,1050.0,8.0,2500.0,20.0,43.63,2026-08-08T06:23:59.305171Z,0.5,sl_hit,-2498.63,-99.95
ORDER_5,POS_5.NS,POS_5,OPTION_CE,OPTION_CE,1000.0,1,50,1000.0,50.0,980.0,1050.0,8.0,2500.0,20.0,43.63,2026-08-08T06:23:59.305171Z,0.5,sl_hit,-2498.63,-99.95
ORDER_6,POS_6.NS,POS_6,OPTION_CE,OPTION_CE,1000.0,1,50,1000.0,50.0,980.0,1050.0,8.0,2500.0,20.0,43.63,2026-08-08T06:23:59.305171Z,0.5,sl_hit,-2498.63,-99.95
ORDER_7,POS_7.NS,POS_7,OPTION_CE,OPTION_CE,1000.0,1,50,1000.0,50.0,980.0,1050.0,8.0,2500.0,20.0,43.63,2026-08-08T06:23:59.305171Z,0.5,sl_hit,-2498.63,-99.95
ORDER_8,POS_8.NS,POS_8,OPTION_CE,OPTION_CE,1000.0,1,50,1000.0,50.0,980.0,1050.0,8.0,2500.0,20.0,43.63,2026-08-08T06:23:59.305171Z,0.5,sl_hit,-2498.63,-99.95
ORDER_9,POS_9.NS,POS_9,OPTION_CE,OPTION_CE,1000.0,1,50,1000.0,50.0,980.0,1050.0,8.0,2500.0,20.0,43.63,2026-08-08T06:23:59.305171Z,0.5,sl_hit,-2498.63,-99.95
ORDER_10,POS_10.NS,POS_10,OPTION_CE,OPTION_CE,1000.0,1,50,1000.0,50.0,980.0,1050.0,8.0,2500.0,20.0,43.63,2026-08-08T06:23:59.305171Z,0.5,sl_hit,-2498.63,-99.95
ORDER_11,POS_11.NS,POS_11,OPTION_CE,OPTION_CE,1000.0,1,50,1000.0,50.0,980.0,1050.0,8.0,2500.0,20.0,43.63,2026-08-08T06:23:59.305171Z,0.5,sl_hit,-2498.63,-99.95
ORDER_12,POS_12.NS,POS_12,OPTION_CE,OPTION_CE,1000.0,1,50,1000.0,50.0,980.0,1050.0,8.0,2500.0,20.0,43.63,2026-08-08T06:23:59.305171Z,0.5,sl_hit,-2498.63,-99.95
RELIANCE_CASH_BUY_20260808_062404,RELIANCE.NS,RELIANCE,CASH_BUY,EQUITY_CASH,0.0,1,60,1334.8,1334.8,1321.45,1354.82,8.5,80088.0,20.0,80108.0,2026-08-08T06:24:04.450351Z,,,,
ICICIBANK_CASH_SELL_20260808_062404,ICICIBANK.NS,ICICIBANK,CASH_SELL,EQUITY_CASH,0.0,1,56,1421.0,1421.0,1435.21,1399.68,2.2,79576.0,20.0,79596.0,2026-08-08T06:24:04.455859Z,,,,
TCS_CASH_BUY_20260808_062404,TCS.NS,TCS,CASH_BUY,EQUITY_CASH,0.0,1,32,2452.7,2452.7,2428.17,2489.49,8.5,78486.4,20.0,78506.4,2026-08-08T06:24:04.468364Z,,,,
BHARTIARTL_CASH_BUY_20260808_062404,BHARTIARTL.NS,BHARTIARTL,CASH_BUY,EQUITY_CASH,0.0,1,41,1959.9,1959.9,1940.3,1989.3,8.5,80355.9,20.0,80375.9,2026-08-08T06:24:04.480357Z,,,,
MARUTI_CASH_BUY_20260808_062404,MARUTI.NS,MARUTI,CASH_BUY,EQUITY_CASH,0.0,1,5,14037.0,14037.0,13896.63,14247.56,8.0,70185.0,20.0,70205.0,2026-08-08T06:24:04.495861Z,,,,
ORDER_13,POS_13.NS,POS_13,OPTION_CE,OPTION_CE,1000.0,1,50,1000.0,50.0,980.0,1050.0,8.0,2500.0,20.0,43.63,2026-08-08T06:23:59.305171Z,0.5,sl_hit,-2498.63,-99.95
ORDER_14,POS_14.NS,POS_14,OPTION_CE,OPTION_CE,1000.0,1,50,1000.0,50.0,980.0,1050.0,8.0,2500.0,20.0,43.63,2026-08-08T06:23:59.305171Z,0.5,sl_hit,-2498.63,-99.95
ORDER_15,POS_15.NS,POS_15,OPTION_CE,OPTION_CE,1000.0,1,50,1000.0,50.0,980.0,1050.0,8.0,2500.0,20.0,43.63,2026-08-08T06:23:59.305171Z,0.5,sl_hit,-2498.63,-99.95
ORDER_16,POS_16.NS,POS_16,OPTION_CE,OPTION_CE,1000.0,1,50,1000.0,50.0,980.0,1050.0,8.0,2500.0,20.0,43.63,2026-08-08T06:23:59.305171Z,0.5,sl_hit,-2498.63,-99.95
ORDER_17,POS_17.NS,POS_17,OPTION_CE,OPTION_CE,1000.0,1,50,1000.0,50.0,980.0,1050.0,8.0,2500.0,20.0,43.63,2026-08-08T06:23:59.305171Z,0.5,sl_hit,-2498.63,-99.95
ORDER_18,POS_18.NS,POS_18,OPTION_CE,OPTION_CE,1000.0,1,50,1000.0,50.0,980.0,1050.0,8.0,2500.0,20.0,43.63,2026-08-08T06:23:59.305171Z,0.5,sl_hit,-2498.63,-99.95
ORDER_19,POS_19.NS,POS_19,OPTION_CE,OPTION_CE,1000.0,1,50,1000.0,50.0,980.0,1050.0,8.0,2500.0,20.0,43.63,2026-08-08T06:23:59.305171Z,0.5,sl_hit,-2498.63,-99.95
NIFTY_SCALP_CE_20260808_062403,NIFTY,NIFTY,SCALP_CE,SCALP_CE,1000.0,1,100,1000.0,50.0,985.0,1030.0,8.5,5000.0,20.0,44.52,2026-08-08T06:24:03.018739Z,7.34,eod_squareoff,-4290.52,-85.81
ORDER_20,POS_20.NS,POS_20,OPTION_CE,OPTION_CE,1000.0,1,50,1000.0,50.0,980.0,1050.0,8.0,2500.0,20.0,43.63,2026-08-08T06:23:59.305171Z,0.5,sl_hit,-2498.63,-99.95
ORDER_21,POS_21.NS,POS_21,OPTION_CE,OPTION_CE,1000.0,1,50,1000.0,50.0,980.0,1050.0,8.0,2500.0,20.0,43.63,2026-08-08T06:23:59.305171Z,0.5,sl_hit,-2498.63,-99.95
ORDER_22,POS_22.NS,POS_22,OPTION_CE,OPTION_CE,1000.0,1,50,1000.0,50.0,980.0,1050.0,8.0,2500.0,20.0,43.63,2026-08-08T06:23:59.305171Z,0.5,sl_hit,-2498.63,-99.95
ORDER_23,POS_23.NS,POS_23,OPTION_CE,OPTION_CE,1000.0,1,50,1000.0,50.0,980.0,1050.0,8.0,2500.0,20.0,43.63,2026-08-08T06:23:59.305171Z,0.5,sl_hit,-2498.63,-99.95
ORDER_24,POS_24.NS,POS_24,OPTION_CE,OPTION_CE,1000.0,1,50,1000.0,50.0,980.0,1050.0,8.0,2500.0,20.0,43.63,2026-08-08T06:23:59.305171Z,0.5,sl_hit,-2498.63,-99.95
ORDER_25,POS_25.NS,POS_25,OPTION_CE,OPTION_CE,1000.0,1,50,1000.0,50.0,980.0,1050.0,8.0,2500.0,20.0,43.63,2026-08-08T06:23:59.305171Z,0.5,sl_hit,-2498.63,-99.95
ORDER_26,POS_26.NS,POS_26,OPTION_CE,OPTION_CE,1000.0,1,50,1000.0,50.0,980.0,1050.0,8.0,2500.0,20.0,43.63,2026-08-08T06:23:59.305171Z,0.5,sl_hit,-2498.63,-99.95
RELIANCE_SCALP_CE_20260808_062403,RELIANCE,RELIANCE,SCALP_CE,SCALP_CE,1000.0,1,100,1000.0,50.0,985.0,1030.0,8.5,5000.0,20.0,44.52,2026-08-08T06:24:03.021294Z,7.34,eod_squareoff,-4290.52,-85.81
ORDER_27,POS_27.NS,POS_27,OPTION_CE,OPTION_CE,1000.0,1,50,1000.0,50.0,980.0,1050.0,8.0,2500.0,20.0,43.63,2026-08-08T06:23:59.305171Z,0.5,sl_hit,-2498.63,-99.95
ORDER_28,POS_28.NS,POS_28,OPTION_CE,OPTION_CE,1000.0,1,50,1000.0,50.0,980.0,1050.0,8.0,2500.0,20.0,43.63,2026-08-08T06:23:59.305171Z,0.5,sl_hit,-2498.63,-99.95
ORDER_29,POS_29.NS,POS_29,OPTION_CE,OPTION_CE,1000.0,1,50,1000.0,50.0,980.0,1050.0,8.0,2500.0,20.0,43.63,2026-08-08T06:23:59.305171Z,0.5,sl_hit,-2498.63,-99.95
ORDER_30,POS_30.NS,POS_30,OPTION_CE,OPTION_CE,1000.0,1,50,1000.0,50.0,980.0,1050.0,8.0,2500.0,20.0,43.63,2026-08-08T06:23:59.305171Z,0.5,sl_hit,-2498.63,-99.95
ORDER_31,POS_31.NS,POS_31,OPTION_CE,OPTION_CE,1000.0,1,50,1000.0,50.0,980.0,1050.0,8.0,2500.0,20.0,43.63,2026-08-08T06:23:59.305171Z,0.5,sl_hit,-2498.63,-99.95
ORDER_32,POS_32.NS,POS_32,OPTION_CE,OPTION_CE,1000.0,1,50,1000.0,50.0,980.0,1050.0,8.0,2500.0,20.0,43.63,2026-08-08T06:23:59.305171Z,0.5,sl_hit,-2498.63,-99.95
ORDER_33,POS_33.NS,POS_33,OPTION_CE,OPTION_CE,1000.0,1,50,1000.0,50.0,980.0,1050.0,8.0,2500.0,20.0,43.63,2026-08-08T06:23:59.305171Z,0.5,sl_hit,-2498.63,-99.95
ORDER_34,POS_34.NS,POS_34,OPTION_CE,OPTION_CE,1000.0,1,50,1000.0,50.0,980.0,1050.0,8.0,2500.0,20.0,43.63,2026-08-08T06:23:59.305171Z,0.5,sl_hit,-2498.63,-99.95
HDFCBANK_SCALP_CE_20260808_062403,HDFCBANK,HDFCBANK,SCALP_CE,SCALP_CE,1000.0,1,100,1000.0,50.0,985.0,1030.0,8.5,5000.0,20.0,44.52,2026-08-08T06:24:03.023446Z,7.34,eod_squareoff,-4290.52,-85.81
ORDER_35,POS_35.NS,POS_35,OPTION_CE,OPTION_CE,1000.0,1,50,1000.0,50.0,980.0,1050.0,8.0,2500.0,20.0,43.63,2026-08-08T06:23:59.305171Z,0.5,sl_hit,-2498.63,-99.95
RELIANCE_1,RELIANCE.NS,RELIANCE,SCALP_CE,SCALP_CE,2500.0,1,250,12500.0,50.0,12000.0,13000.0,8.0,12500.0,20.0,43.76,2026-08-08T06:24:13.717631Z,0.5,sl_hit,-12398.76,-99.19
ORDER_36,POS_36.NS,POS_36,OPTION_CE,OPTION_CE,1000.0,1,50,1000.0,50.0,980.0,1050.0,8.0,2500.0,20.0,43.63,2026-08-08T06:23:59.305171Z,0.5,sl_hit,-2498.63,-99.95
ORDER_37,POS_37.NS,POS_37,OPTION_CE,OPTION_CE,1000.0,1,50,1000.0,50.0,980.0,1050.0,8.0,2500.0,20.0,43.63,2026-08-08T06:23:59.305171Z,0.5,sl_hit,-2498.63,-99.95
RELIANCE_1,RELIANCE.NS,RELIANCE,SCALP_CE,SCALP_CE,2500.0,1,250,12500.0,50.0,12000.0,13000.0,8.0,12500.0,20.0,43.76,2026-08-08T06:24:14.894932Z,0.5,eod_squareoff,-12398.76,-99.19
ORDER_38,POS_38.NS,POS_38,OPTION_CE,OPTION_CE,1000.0,1,50,1000.0,50.0,980.0,1050.0,8.0,2500.0,20.0,43.63,2026-08-08T06:23:59.305171Z,0.5,sl_hit,-2498.63,-99.95
ORDER_39,POS_39.NS,POS_39,OPTION_CE,OPTION_CE,1000.0,1,50,1000.0,50.0,980.0,1050.0,8.0,2500.0,20.0,43.63,2026-08-08T06:23:59.305171Z,0.5,sl_hit,-2498.63,-99.95
ORDER_40,POS_40.NS,POS_40,OPTION_CE,OPTION_CE,1000.0,1,50,1000.0,50.0,980.0,1050.0,8.0,2500.0,20.0,43.63,2026-08-08T06:23:59.305171Z,0.5,sl_hit,-2498.63,-99.95
ORDER_41,POS_41.NS,POS_41,OPTION_CE,OPTION_CE,1000.0,1,50,1000.0,50.0,980.0,1050.0,8.0,2500.0,20.0,43.63,2026-08-08T06:23:59.305171Z,0.5,sl_hit,-2498.63,-99.95
ORDER_42,POS_42.NS,POS_42,OPTION_CE,OPTION_CE,1000.0,1,50,1000.0,50.0,980.0,1050.0,8.0,2500.0,20.0,43.63,2026-08-08T06:23:59.305171Z,0.5,sl_hit,-2498.63,-99.95
ORDER_43,POS_43.NS,POS_43,OPTION_CE,OPTION_CE,1000.0,1,50,1000.0,50.0,980.0,1050.0,8.0,2500.0,20.0,43.63,2026-08-08T06:23:59.305171Z,0.5,sl_hit,-2498.63,-99.95
ORDER_44,POS_44.NS,POS_44,OPTION_CE,OPTION_CE,1000.0,1,50,1000.0,50.0,980.0,1050.0,8.0,2500.0,20.0,43.63,2026-08-08T06:23:59.305171Z,0.5,sl_hit,-2498.63,-99.95
ORDER_45,POS_45.NS,POS_45,OPTION_CE,OPTION_CE,1000.0,1,50,1000.0,50.0,980.0,1050.0,8.0,2500.0,20.0,43.63,2026-08-08T06:23:59.305171Z,0.5,sl_hit,-2498.63,-99.95
NIFTY_OPTION_CE_20260808_062419,^NSEI,NIFTY,BUY_CE,OPTION_CE,24000.0,1,50,24000.0,200.0,23640.0,24720.0,8.5,10000.0,20.0,26.25,2026-08-08T06:24:19.067043Z,,,,
ORDER_46,POS_46.NS,POS_46,OPTION_CE,OPTION_CE,1000.0,1,50,1000.0,50.0,980.0,1050.0,8.0,2500.0,20.0,43.63,2026-08-08T06:23:59.305171Z,0.5,sl_hit,-2498.63,-99.95
ORDER_47,POS_47.NS,POS_47,OPTION_CE,OPTION_CE,1000.0,1,50,1000.0,50.0,980.0,1050.0,8.0,2500.0,20.0,43.63,2026-08-08T06:23:59.305171Z,0.5,sl_hit,-2498.63,-99.95
ORDER_48,POS_48.NS,POS_48,OPTION_CE,OPTION_CE,1000.0,1,50,1000.0,50.0,980.0,1050.0,8.0,2500.0,20.0,43.63,2026-08-08T06:23:59.305171Z,0.5,sl_hit,-2498.63,-99.95
ORDER_49,POS_49.NS,POS_49,OPTION_CE,OPTION_CE,1000.0,1,50,1000.0,50.0,980.0,1050.0,8.0,2500.0,20.0,43.63,2026-08-08T06:23:59.305171Z,0.5,sl_hit,-2498.63,-99.95
NIFTY_OPTION_CE_20260808_062419,^NSEI,NIFTY,BUY_CE,OPTION_CE,24000.0,1,50,24000.0,200.0,23640.0,24720.0,8.5,10000.0,20.0,92.68,2026-08-08T06:24:19.063047Z,784.37,target_hit,29145.82,291.46
NIFTY_OPTION_CE_20260808_062420,^NSEI,NIFTY,BUY_CE,OPTION_CE,24000.0,1,50,24000.0,200.0,23640.0,24720.0,8.5,10000.0,20.0,26.25,2026-08-08T06:24:20.694983Z,,,,
NIFTY_OPTION_CE_20260808_062420,^NSEI,NIFTY,BUY_CE,OPTION_CE,24000.0,1,50,24000.0,200.0,23640.0,24720.0,8.5,10000.0,20.0,45.06,2026-08-08T06:24:20.687987Z,23.41,sl_hit,-8854.56,-88.55
NIFTY_OPTION_PE_20260808_062421,^NSEI,NIFTY,BUY_PE,OPTION_PE,24000.0,1,50,24000.0,200.0,24360.0,23280.0,8.5,10000.0,20.0,26.25,2026-08-08T06:24:21.203808Z,,,,
NIFTY_OPTION_PE_20260808_062421,^NSEI,NIFTY,BUY_PE,OPTION_PE,24000.0,1,50,24000.0,200.0,24360.0,23280.0,8.5,10000.0,20.0,92.03,2026-08-08T06:24:21.194813Z,774.02,target_hit,28628.97,286.29
RELIANCE_SCALP_CE_20260808_062424,RELIANCE.NS,RELIANCE,SCALP_CE,SCALP_CE,1320.0,6,1500,1334.8,19.43,1314.78,1374.84,10.0,29145.0,20.0,41.86,2026-08-08T06:24:24.572731Z,,,,
HDFCBANK_SCALP_PE_20260808_062425,HDFCBANK.NS,HDFCBANK,SCALP_PE,SCALP_PE,740.0,4,2200,731.0,9.99,741.96,709.07,9.0,21978.0,20.0,37.37,2026-08-08T06:24:25.111844Z,,,,
ICICIBANK_SCALP_PE_20260808_062425,ICICIBANK.NS,ICICIBANK,SCALP_PE,SCALP_PE,1430.0,2,1400,1421.0,13.59,1442.31,1378.37,9.0,19026.0,20.0,35.52,2026-08-08T06:24:25.605990Z,,,,
INFY_SCALP_CE_20260808_062426,INFY.NS,INFY,SCALP_CE,SCALP_CE,1160.0,2,800,1175.1,18.73,1157.47,1210.35,7.84,14984.0,20.0,32.99,2026-08-08T06:24:26.103223Z,,,,
TCS_SCALP_CE_20260808_062426,TCS.NS,TCS,SCALP_CE,SCALP_CE,2400.0,1,175,2452.7,57.3,2415.91,2526.28,10.0,10027.5,20.0,29.88,2026-08-08T06:24:26.736918Z,,,,
BHARTIARTL_SCALP_CE_20260808_062427,BHARTIARTL.NS,BHARTIARTL,SCALP_CE,SCALP_CE,1940.0,1,475,1959.9,27.15,1930.5,2018.7,10.0,12896.25,20.0,31.68,2026-08-08T06:24:27.731141Z,,,,
HINDALCO_SCALP_CE_20260808_062429,HINDALCO.NS,HINDALCO,SCALP_CE,SCALP_CE,1050.0,1,1400,1059.6,13.82,1043.71,1091.39,7.48,19348.0,20.0,35.72,2026-08-08T06:24:29.223321Z,,,,
TATASTEEL_SCALP_PE_20260808_062429,TATASTEEL.NS,TATASTEEL,SCALP_PE,SCALP_PE,190.0,1,5500,187.55,2.67,190.36,181.92,8.1,14685.0,20.0,32.8,2026-08-08T06:24:29.783861Z,,,,
BANKNIFTY_SCALP_PE_20260808_062437,^NSEBANK,BANKNIFTY,SCALP_PE,SCALP_PE,57800.0,1,15,57746.45,378.08,58612.65,56014.06,9.2,5671.2,20.0,27.15,2026-08-08T06:24:37.145460Z,,,,
NIFTY_OPTION_CE_20260808_062444,^NSEI,NIFTY,BUY_CE,OPTION_CE,24200.0,2,50,24210.5,145.0,23847.34,24936.82,8.5,7250.0,20.0,24.5,2026-08-08T06:24:44.046454Z,,,,
NIFTY_OPTION_CE_20260808_062444,^NSEI,NIFTY,BUY_CE,OPTION_CE,24200.0,2,50,24210.5,145.0,23847.34,24936.82,8.5,7250.0,20.0,99.31,2026-08-08T06:24:44.034730Z,890.37,target_hit,37189.19,512.95
RELIANCE_SCALP_CE_20260808_062500,RELIANCE.NS,RELIANCE,SCALP_CE,SCALP_CE,1320.0,1,250,1334.8,19.43,1314.78,1374.84,10.0,4857.5,20.0,26.64,2026-08-08T06:25:00.170085Z,,,,
HDFCBANK_SCALP_PE_20260808_062500,HDFCBANK.NS,HDFCBANK,SCALP_PE,SCALP_PE,740.0,1,550,731.0,9.99,741.96,709.07,9.0,5494.5,20.0,27.04,2026-08-08T06:25:00.801214Z,,,,
ICICIBANK_SCALP_PE_20260808_062501,ICICIBANK.NS,ICICIBANK,SCALP_PE,SCALP_PE,1430.0,1,700,1421.0,13.59,1442.31,1378.37,9.0,9513.0,20.0,29.56,2026-08-08T06:25:01.612667Z,,,,
INFY_SCALP_CE_20260808_062502,INFY.NS,INFY,SCALP_CE,SCALP_CE,1160.0,1,400,1175.1,18.73,1157.47,1210.35,7.84,7492.0,20.0,28.29,2026-08-08T06:25:02.545117Z,,,,
TCS_SCALP_CE_20260808_062503,TCS.NS,TCS,SCALP_CE,SCALP_CE,2400.0,1,175,2452.7,57.3,2415.91,2526.28,10.0,10027.5,20.0,29.88,2026-08-08T06:25:03.205178Z,,,,
ORDER_0,POS_0.NS,POS_0,OPTION_CE,OPTION_CE,1000.0,1,50,1000.0,50.0,980.0,1050.0,8.0,2500.0,20.0,43.63,2026-08-08T06:25:08.771512Z,0.5,sl_hit,-2498.63,-99.95
ORDER_1,POS_1.NS,POS_1,OPTION_CE,OPTION_CE,1000.0,1,50,1000.0,50.0,980.0,1050.0,8.0,2500.0,20.0,43.63,2026-08-08T06:25:08.771512Z,0.5,sl_hit,-2498.63,-99.95
ORDER_2,POS_2.NS,POS_2,OPTION_CE,OPTION_CE,1000.0,1,50,1000.0,50.0,980.0,1050.0,8.0,2500.0,20.0,43.63,2026-08-08T06:25:08.771512Z,0.5,sl_hit,-2498.63,-99.95
ORDER_3,POS_3.NS,POS_3,OPTION_CE,OPTION_CE,1000.0,1,50,1000.0,50.0,980.0,1050.0,8.0,2500.0,20.0,43.63,2026-08-08T06:25:08.771512Z,0.5,sl_hit,-2498.63,-99.95
ORDER_4,POS_4.NS,POS_4,OPTION_CE,OPTION_CE,1000.0,1,50,1000.0,50.0,980.0,1050.0,8.0,2500.0,20.0,43.63,2026-08-08T06:25:08.771512Z,0.5,sl_hit,-2498.63,-99.95
ORDER_5,POS_5.NS,POS_5,OPTION_CE,OPTION_CE,1000.0,1,50,1000.0,50.0,980.0,1050.0,8.0,2500.0,20.0,43.63,2026-08-08T06:25:08.771512Z,0.5,sl_hit,-2498.63,-99.95
ORDER_6,POS_6.NS,POS_6,OPTION_CE,OPTION_CE,1000.0,1,50,1000.0,50.0,980.0,1050.0,8.0,2500.0,20.0,43.63,2026-08-08T06:25:08.771512Z,0.5,sl_hit,-2498.63,-99.95
ORDER_7,POS_7.NS,POS_7,OPTION_CE,OPTION_CE,1000.0,1,50,1000.0,50.0,980.0,1050.0,8.0,2500.0,20.0,43.63,2026-08-08T06:25:08.771512Z,0.5,sl_hit,-2498.63,-99.95
ORDER_8,POS_8.NS,POS_8,OPTION_CE,OPTION_CE,1000.0,1,50,1000.0,50.0,980.0,1050.0,8.0,2500.0,20.0,43.63,2026-08-08T06:25:08.771512Z,0.5,sl_hit,-2498.63,-99.95
ORDER_9,POS_9.NS,POS_9,OPTION_CE,OPTION_CE,1000.0,1,50,1000.0,50.0,980.0,1050.0,8.0,2500.0,20.0,43.63,2026-08-08T06:25:08.771512Z,0.5,sl_hit,-2498.63,-99.95
NIFTY_CRASH,NIFTY.NS,NIFTY,OPTION_CE,OPTION_CE,24000.0,2,50,24000.0,200.0,23640.0,24720.0,8.0,10000.0,20.0,43.63,2026-08-08T06:25:09.170957Z,0.5,sl_hit,-9998.63,-99.99
RELIANCE_GAP,RELIANCE.NS,RELIANCE,EQUITY_CASH,EQUITY_CASH,0.0,1,100,1500.0,1500.0,1470.0,1560.0,8.0,150000.0,20.0,40.0,2026-08-08T06:25:09.185457Z,3000.0,target_hit,149980.0,99.99
NIFTY_OPTION_CE_20260808_062511,^NSEI,NIFTY,BUY_CE,OPTION_CE,24000.0,1,50,24000.0,200.0,23640.0,24720.0,8.5,10000.0,20.0,26.25,2026-08-08T06:25:11.588384Z,,,,
NIFTY_OPTION_CE_20260808_062511,^NSEI,NIFTY,BUY_CE,OPTION_CE,24000.0,1,50,24000.0,200.0,23640.0,24720.0,8.5,10000.0,20.0,92.68,2026-08-08T06:25:11.586294Z,784.37,target_hit,29145.82,291.46
NIFTY_OPTION_CE_20260808_062513,^NSEI,NIFTY,BUY_CE,OPTION_CE,24000.0,1,50,24000.0,200.0,23640.0,24720.0,8.5,10000.0,20.0,26.25,2026-08-08T06:25:13.203632Z,,,,
NIFTY_OPTION_CE_20260808_062513,^NSEI,NIFTY,BUY_CE,OPTION_CE,24000.0,1,50,24000.0,200.0,23640.0,24720.0,8.5,10000.0,20.0,45.06,2026-08-08T06:25:13.200632Z,23.41,sl_hit,-8854.56,-88.55
NIFTY_OPTION_PE_20260808_062513,^NSEI,NIFTY,BUY_PE,OPTION_PE,24000.0,1,50,24000.0,200.0,24360.0,23280.0,8.5,10000.0,20.0,26.25,2026-08-08T06:25:13.711653Z,,,,
NIFTY_OPTION_PE_20260808_062513,^NSEI,NIFTY,BUY_PE,OPTION_PE,24000.0,1,50,24000.0,200.0,24360.0,23280.0,8.5,10000.0,20.0,92.03,2026-08-08T06:25:13.699659Z,774.02,target_hit,28628.97,286.29
NIFTY_OPTION_PE_20260808_062514,^NSEI,NIFTY,BUY_PE,OPTION_PE,24000.0,1,50,24000.0,200.0,24360.0,23280.0,8.5,10000.0,20.0,26.25,2026-08-08T06:25:14.166703Z,,,,
NIFTY_OPTION_PE_20260808_062514,^NSEI,NIFTY,BUY_PE,OPTION_PE,24000.0,1,50,24000.0,200.0,24360.0,23280.0,8.5,10000.0,20.0,45.5,2026-08-08T06:25:14.161708Z,30.33,sl_hit,-8509.0,-85.09
BANKNIFTY_FUTURES_LONG_20260808_062514,^NSEBANK,BANKNIFTY,BUY_FUTURES,FUTURES_LONG,51000.0,2,30,51000.0,51000.0,50235.0,52530.0,9.0,1530000.0,20.0,211.25,2026-08-08T06:25:14.669827Z,,,,
BANKNIFTY_FUTURES_LONG_20260808_062514,^NSEBANK,BANKNIFTY,BUY_FUTURES,FUTURES_LONG,51000.0,2,30,51000.0,51000.0,50235.0,52530.0,9.0,1530000.0,20.0,1229.31,2026-08-08T06:25:14.665372Z,52600.0,target_hit,46790.69,3.06
BANKNIFTY_FUTURES_SHORT_20260808_062514,^NSEBANK,BANKNIFTY,SELL_FUTURES,FUTURES_SHORT,51000.0,2,30,51000.0,51000.0,51765.0,49470.0,9.0,1530000.0,20.0,211.25,2026-08-08T06:25:14.737136Z,,,,
BANKNIFTY_FUTURES_SHORT_20260808_062514,^NSEBANK,BANKNIFTY,SELL_FUTURES,FUTURES_SHORT,51000.0,2,30,51000.0,51000.0,51765.0,49470.0,9.0,1530000.0,20.0,1157.17,2026-08-08T06:25:14.733275Z,49400.0,target_hit,46862.83,3.06
BANKNIFTY_FUTURES_SHORT_20260808_062514,^NSEBANK,BANKNIFTY,SELL_FUTURES,FUTURES_SHORT,51000.0,2,30,51000.0,51000.0,51765.0,49470.0,9.0,1530000.0,20.0,211.25,2026-08-08T06:25:14.749446Z,,,,
BANKNIFTY_FUTURES_SHORT_20260808_062514,^NSEBANK,BANKNIFTY,SELL_FUTURES,FUTURES_SHORT,51000.0,2,30,51000.0,51000.0,51765.0,49470.0,9.0,1530000.0,20.0,1211.28,2026-08-08T06:25:14.746448Z,51800.0,sl_hit,-25191.28,-1.65
RELIANCE_CASH_BUY_20260808_062514,RELIANCE.NS,RELIANCE,CASH_BUY,EQUITY_CASH,0.0,1,20,2500.0,2500.0,2462.5,2575.0,8.0,50000.0,20.0,50020.0,2026-08-08T06:25:14.814706Z,,,,
RELIANCE_CASH_BUY_20260808_062514,RELIANCE.NS,RELIANCE,EQUITY_CASH,EQUITY_CASH,0.0,1,20,2500.0,2500.0,2462.5,2575.0,8.0,50000.0,20.0,40.0,2026-08-08T06:25:14.810708Z,2580.0,target_hit,1580.0,3.16
RELIANCE_CASH_SELL_20260808_062514,RELIANCE.NS,RELIANCE,CASH_SELL,EQUITY_CASH,0.0,1,20,2500.0,2500.0,2537.5,2425.0,8.0,50000.0,20.0,50020.0,2026-08-08T06:25:14.827692Z,,,,
RELIANCE_CASH_SELL_20260808_062514,RELIANCE.NS,RELIANCE,EQUITY_CASH,EQUITY_CASH,0.0,1,20,2500.0,2500.0,2537.5,2425.0,8.0,50000.0,20.0,40.0,2026-08-08T06:25:14.820702Z,2420.0,target_hit,1580.0,3.16
RELIANCE_1,RELIANCE.NS,RELIANCE,SCALP_CE,SCALP_CE,2500.0,1,250,10000.0,40.0,9800.0,10500.0,8.0,10000.0,20.0,43.76,2026-08-08T06:25:22.936689Z,0.5,eod_squareoff,-9898.76,-98.99
NIFTY_SCALP_CE_20260808_062527,NIFTY,NIFTY,SCALP_CE,SCALP_CE,1000.0,1,100,1000.0,50.0,985.0,1030.0,8.5,5000.0,20.0,44.52,2026-08-08T06:25:27.476966Z,7.34,eod_squareoff,-4290.52,-85.81
RELIANCE_SCALP_CE_20260808_062527,RELIANCE,RELIANCE,SCALP_CE,SCALP_CE,1000.0,1,100,1000.0,50.0,985.0,1030.0,8.5,5000.0,20.0,44.52,2026-08-08T06:25:27.480430Z,7.34,eod_squareoff,-4290.52,-85.81
HDFCBANK_SCALP_CE_20260808_062527,HDFCBANK,HDFCBANK,SCALP_CE,SCALP_CE,1000.0,1,100,1000.0,50.0,985.0,1030.0,8.5,5000.0,20.0,44.52,2026-08-08T06:25:27.481962Z,7.34,eod_squareoff,-4290.52,-85.81
RELIANCE_1,RELIANCE.NS,RELIANCE,SCALP_CE,SCALP_CE,2500.0,1,250,12500.0,50.0,12000.0,13000.0,8.0,12500.0,20.0,43.76,2026-08-08T06:25:36.816204Z,0.5,sl_hit,-12398.76,-99.19
RELIANCE_1,RELIANCE.NS,RELIANCE,SCALP_CE,SCALP_CE,2500.0,1,250,12500.0,50.0,12000.0,13000.0,8.0,12500.0,20.0,43.76,2026-08-08T06:25:38.202157Z,0.5,eod_squareoff,-12398.76,-99.19
RELIANCE_1,RELIANCE.NS,RELIANCE,SCALP_CE,SCALP_CE,2500.0,1,250,10000.0,40.0,9800.0,10500.0,8.0,10000.0,20.0,43.76,2026-08-08T06:25:51.697948Z,0.5,eod_squareoff,-9898.76,-98.99
NIFTY_SCALP_CE_20260808_062553,NIFTY,NIFTY,SCALP_CE,SCALP_CE,1000.0,1,100,1000.0,50.0,985.0,1030.0,8.5,5000.0,20.0,44.52,2026-08-08T06:25:53.830365Z,7.34,eod_squareoff,-4290.52,-85.81
NIFTY_OPTION_CE_20260808_062559,^NSEI,NIFTY,BUY_CE,OPTION_CE,24200.0,2,50,24210.5,145.0,23847.34,24936.82,8.5,7250.0,20.0,24.5,2026-08-08T06:25:59.642845Z,,,,
NIFTY_OPTION_CE_20260808_062559,^NSEI,NIFTY,BUY_CE,OPTION_CE,24200.0,2,50,24210.5,145.0,23847.34,24936.82,8.5,7250.0,20.0,99.31,2026-08-08T06:25:59.635849Z,890.37,target_hit,37189.19,512.95
RELIANCE_SCALP_CE_20260808_062553,RELIANCE,RELIANCE,SCALP_CE,SCALP_CE,1000.0,1,100,1000.0,50.0,985.0,1030.0,8.5,5000.0,20.0,44.52,2026-08-08T06:25:53.831364Z,7.34,eod_squareoff,-4290.52,-85.81
NIFTY_OPTION_CE_20260808_062600,^NSEI,NIFTY,BUY_CE,OPTION_CE,24200.0,2,50,24210.5,145.0,23847.34,24936.82,8.5,7250.0,20.0,24.5,2026-08-08T06:26:00.625574Z,,,,
NIFTY_OPTION_CE_20260808_062600,^NSEI,NIFTY,BUY_CE,OPTION_CE,24200.0,2,50,24210.5,145.0,23847.34,24936.82,8.5,7250.0,20.0,24.5,2026-08-08T06:26:00.963586Z,,,,
NIFTY_OPTION_CE_20260808_062600,^NSEI,NIFTY,BUY_CE,OPTION_CE,24200.0,2,50,24210.5,145.0,23847.34,24936.82,8.5,7250.0,20.0,99.31,2026-08-08T06:26:00.616578Z,890.37,target_hit,37189.19,512.95
NIFTY_OPTION_CE_20260808_062600,^NSEI,NIFTY,BUY_CE,OPTION_CE,24200.0,2,50,24210.5,145.0,23847.34,24936.82,8.5,7250.0,20.0,99.31,2026-08-08T06:26:00.959790Z,890.37,target_hit,37189.19,512.95
HDFCBANK_SCALP_CE_20260808_062553,HDFCBANK,HDFCBANK,SCALP_CE,SCALP_CE,1000.0,1,100,1000.0,50.0,985.0,1030.0,8.5,5000.0,20.0,44.52,2026-08-08T06:25:53.833362Z,7.34,eod_squareoff,-4290.52,-85.81
RELIANCE_1,RELIANCE.NS,RELIANCE,SCALP_CE,SCALP_CE,2500.0,1,250,12500.0,50.0,12000.0,13000.0,8.0,12500.0,20.0,43.76,2026-08-08T06:26:03.195666Z,0.5,sl_hit,-12398.76,-99.19
RELIANCE_1,RELIANCE.NS,RELIANCE,SCALP_CE,SCALP_CE,2500.0,1,250,12500.0,50.0,12000.0,13000.0,8.0,12500.0,20.0,43.76,2026-08-08T06:26:04.058632Z,0.5,eod_squareoff,-12398.76,-99.19
RELIANCE_1,RELIANCE.NS,RELIANCE,SCALP_CE,SCALP_CE,2500.0,1,250,10000.0,40.0,9800.0,10500.0,8.0,10000.0,20.0,43.76,2026-08-08T06:27:38.538137Z,0.5,eod_squareoff,-9898.76,-98.99
NIFTY_SCALP_CE_20260808_062741,NIFTY,NIFTY,SCALP_CE,SCALP_CE,1000.0,1,100,1000.0,50.0,985.0,1030.0,8.5,5000.0,20.0,44.52,2026-08-08T06:27:41.852765Z,7.34,eod_squareoff,-4290.52,-85.81
RELIANCE_SCALP_CE_20260808_062741,RELIANCE,RELIANCE,SCALP_CE,SCALP_CE,1000.0,1,100,1000.0,50.0,985.0,1030.0,8.5,5000.0,20.0,44.52,2026-08-08T06:27:41.853764Z,7.34,eod_squareoff,-4290.52,-85.81
HDFCBANK_SCALP_CE_20260808_062741,HDFCBANK,HDFCBANK,SCALP_CE,SCALP_CE,1000.0,1,100,1000.0,50.0,985.0,1030.0,8.5,5000.0,20.0,44.52,2026-08-08T06:27:41.855762Z,7.34,eod_squareoff,-4290.52,-85.81
RELIANCE_1,RELIANCE.NS,RELIANCE,SCALP_CE,SCALP_CE,2500.0,1,250,12500.0,50.0,12000.0,13000.0,8.0,12500.0,20.0,43.76,2026-08-08T06:27:51.708507Z,0.5,sl_hit,-12398.76,-99.19
RELIANCE_1,RELIANCE.NS,RELIANCE,SCALP_CE,SCALP_CE,2500.0,1,250,12500.0,50.0,12000.0,13000.0,8.0,12500.0,20.0,43.76,2026-08-08T06:27:52.529933Z,0.5,eod_squareoff,-12398.76,-99.19
RELIANCE_1,RELIANCE.NS,RELIANCE,SCALP_CE,SCALP_CE,2500.0,1,250,10000.0,40.0,9800.0,10500.0,8.0,10000.0,20.0,43.76,2026-08-08T06:28:15.592383Z,0.5,eod_squareoff,-9898.76,-98.99
NIFTY_SCALP_CE_20260808_062818,NIFTY,NIFTY,SCALP_CE,SCALP_CE,1000.0,1,100,1000.0,50.0,985.0,1030.0,8.5,5000.0,20.0,44.52,2026-08-08T06:28:18.430189Z,7.34,eod_squareoff,-4290.52,-85.81
RELIANCE_SCALP_CE_20260808_062818,RELIANCE,RELIANCE,SCALP_CE,SCALP_CE,1000.0,1,100,1000.0,50.0,985.0,1030.0,8.5,5000.0,20.0,44.52,2026-08-08T06:28:18.435186Z,7.34,eod_squareoff,-4290.52,-85.81
HDFCBANK_SCALP_CE_20260808_062818,HDFCBANK,HDFCBANK,SCALP_CE,SCALP_CE,1000.0,1,100,1000.0,50.0,985.0,1030.0,8.5,5000.0,20.0,44.52,2026-08-08T06:28:18.437597Z,7.34,eod_squareoff,-4290.52,-85.81
RELIANCE_1,RELIANCE.NS,RELIANCE,SCALP_CE,SCALP_CE,2500.0,1,250,12500.0,50.0,12000.0,13000.0,8.0,12500.0,20.0,43.76,2026-08-08T06:28:28.055364Z,0.5,sl_hit,-12398.76,-99.19
RELIANCE_1,RELIANCE.NS,RELIANCE,SCALP_CE,SCALP_CE,2500.0,1,250,12500.0,50.0,12000.0,13000.0,8.0,12500.0,20.0,3204.36,2026-08-08T06:28:29.117299Z,10103.11,eod_squareoff,2510093.14,20080.75
RELIANCE_1,RELIANCE.NS,RELIANCE,SCALP_CE,SCALP_CE,2500.0,1,250,10000.0,40.0,9800.0,10500.0,8.0,10000.0,20.0,43.76,2026-08-08T06:29:00.576928Z,0.5,eod_squareoff,-9898.76,-98.99
NIFTY_SCALP_CE_20260808_062903,NIFTY,NIFTY,SCALP_CE,SCALP_CE,1000.0,1,100,1000.0,50.0,985.0,1030.0,8.5,5000.0,20.0,44.52,2026-08-08T06:29:03.418227Z,7.34,eod_squareoff,-4290.52,-85.81
RELIANCE_SCALP_CE_20260808_062903,RELIANCE,RELIANCE,SCALP_CE,SCALP_CE,1000.0,1,100,1000.0,50.0,985.0,1030.0,8.5,5000.0,20.0,44.52,2026-08-08T06:29:03.420225Z,7.34,eod_squareoff,-4290.52,-85.81
HDFCBANK_SCALP_CE_20260808_062903,HDFCBANK,HDFCBANK,SCALP_CE,SCALP_CE,1000.0,1,100,1000.0,50.0,985.0,1030.0,8.5,5000.0,20.0,44.52,2026-08-08T06:29:03.422224Z,7.34,eod_squareoff,-4290.52,-85.81
RELIANCE_1,RELIANCE.NS,RELIANCE,SCALP_CE,SCALP_CE,2500.0,1,250,12500.0,50.0,12000.0,13000.0,8.0,12500.0,20.0,43.76,2026-08-08T06:29:13.082611Z,0.5,sl_hit,-12398.76,-99.19
RELIANCE_1,RELIANCE.NS,RELIANCE,SCALP_CE,SCALP_CE,2500.0,1,250,12500.0,50.0,12000.0,13000.0,8.0,12500.0,20.0,43.76,2026-08-08T06:29:13.839210Z,10103.11,eod_squareoff,2513253.74,20106.03
NIFTY_OPTION_CE_20260808_063040,^NSEI,NIFTY,BUY_CE,OPTION_CE,24200.0,2,50,24210.5,145.0,23847.34,24936.82,8.5,7250.0,20.0,24.5,2026-08-08T06:30:40.827818Z,,,,
NIFTY_OPTION_CE_20260808_063040,^NSEI,NIFTY,BUY_CE,OPTION_CE,24200.0,2,50,24210.5,145.0,23847.34,24936.82,8.5,7250.0,20.0,99.31,2026-08-08T06:30:40.705721Z,890.37,target_hit,37189.19,512.95
RELIANCE_1,RELIANCE.NS,RELIANCE,SCALP_CE,SCALP_CE,2500.0,1,250,10000.0,40.0,9800.0,10500.0,8.0,10000.0,20.0,43.76,2026-08-08T06:37:59.308237Z,0.5,eod_squareoff,-9898.76,-98.99
NIFTY_SCALP_CE_20260808_063802,NIFTY,NIFTY,SCALP_CE,SCALP_CE,1000.0,1,100,1000.0,50.0,985.0,1030.0,8.5,5000.0,20.0,44.52,2026-08-08T06:38:02.904092Z,7.34,eod_squareoff,-4290.52,-85.81
RELIANCE_SCALP_CE_20260808_063802,RELIANCE,RELIANCE,SCALP_CE,SCALP_CE,1000.0,1,100,1000.0,50.0,985.0,1030.0,8.5,5000.0,20.0,44.52,2026-08-08T06:38:02.906600Z,7.34,eod_squareoff,-4290.52,-85.81
HDFCBANK_SCALP_CE_20260808_063802,HDFCBANK,HDFCBANK,SCALP_CE,SCALP_CE,1000.0,1,100,1000.0,50.0,985.0,1030.0,8.5,5000.0,20.0,44.52,2026-08-08T06:38:02.908599Z,7.34,eod_squareoff,-4290.52,-85.81
RELIANCE_1,RELIANCE.NS,RELIANCE,SCALP_CE,SCALP_CE,2500.0,1,250,12500.0,50.0,12000.0,13000.0,8.0,12500.0,20.0,43.76,2026-08-08T06:38:14.509805Z,0.5,sl_hit,-12398.76,-99.19
RELIANCE_1,RELIANCE.NS,RELIANCE,SCALP_CE,SCALP_CE,2500.0,1,250,12500.0,50.0,12000.0,13000.0,8.0,12500.0,20.0,43.76,2026-08-08T06:38:16.209720Z,10103.11,eod_squareoff,2513253.74,20106.03
RELIANCE_1,RELIANCE.NS,RELIANCE,SCALP_CE,SCALP_CE,2500.0,1,250,10000.0,40.0,9800.0,10500.0,8.0,10000.0,20.0,43.76,2026-08-08T10:52:53.400395Z,0.5,eod_squareoff,-9898.76,-98.99
NIFTY_SCALP_CE_20260808_105258,NIFTY,NIFTY,SCALP_CE,SCALP_CE,1000.0,1,100,1000.0,50.0,985.0,1030.0,8.5,5000.0,20.0,44.52,2026-08-08T10:52:58.184039Z,7.34,eod_squareoff,-4290.52,-85.81
RELIANCE_SCALP_CE_20260808_105258,RELIANCE,RELIANCE,SCALP_CE,SCALP_CE,1000.0,1,100,1000.0,50.0,985.0,1030.0,8.5,5000.0,20.0,44.52,2026-08-08T10:52:58.186037Z,7.34,eod_squareoff,-4290.52,-85.81
HDFCBANK_SCALP_CE_20260808_105258,HDFCBANK,HDFCBANK,SCALP_CE,SCALP_CE,1000.0,1,100,1000.0,50.0,985.0,1030.0,8.5,5000.0,20.0,44.52,2026-08-08T10:52:58.194034Z,7.34,eod_squareoff,-4290.52,-85.81
RELIANCE_1,RELIANCE.NS,RELIANCE,SCALP_CE,SCALP_CE,2500.0,1,250,12500.0,50.0,12000.0,13000.0,8.0,12500.0,20.0,43.76,2026-08-08T10:53:11.253884Z,0.5,sl_hit,-12398.76,-99.19
RELIANCE_1,RELIANCE.NS,RELIANCE,SCALP_CE,SCALP_CE,2500.0,1,250,12500.0,50.0,12000.0,13000.0,8.0,12500.0,20.0,43.76,2026-08-08T10:53:12.022632Z,10103.11,eod_squareoff,2513253.74,20106.03
RELIANCE_1,RELIANCE.NS,RELIANCE,SCALP_CE,SCALP_CE,2500.0,1,250,10000.0,40.0,9800.0,10500.0,8.0,10000.0,20.0,43.76,2026-08-08T10:55:38.313618Z,0.5,eod_squareoff,-9898.76,-98.99
NIFTY_SCALP_CE_20260808_105541,NIFTY,NIFTY,SCALP_CE,SCALP_CE,1000.0,1,100,1000.0,50.0,985.0,1030.0,8.5,5000.0,20.0,44.52,2026-08-08T10:55:41.209193Z,7.34,eod_squareoff,-4290.52,-85.81
RELIANCE_SCALP_CE_20260808_105541,RELIANCE,RELIANCE,SCALP_CE,SCALP_CE,1000.0,1,100,1000.0,50.0,985.0,1030.0,8.5,5000.0,20.0,44.52,2026-08-08T10:55:41.211191Z,7.34,eod_squareoff,-4290.52,-85.81
HDFCBANK_SCALP_CE_20260808_105541,HDFCBANK,HDFCBANK,SCALP_CE,SCALP_CE,1000.0,1,100,1000.0,50.0,985.0,1030.0,8.5,5000.0,20.0,44.52,2026-08-08T10:55:41.216189Z,7.34,eod_squareoff,-4290.52,-85.81
RELIANCE_1,RELIANCE.NS,RELIANCE,SCALP_CE,SCALP_CE,2500.0,1,250,12500.0,50.0,12000.0,13000.0,8.0,12500.0,20.0,43.76,2026-08-08T10:55:54.635152Z,0.5,sl_hit,-12398.76,-99.19
RELIANCE_1,RELIANCE.NS,RELIANCE,SCALP_CE,SCALP_CE,2500.0,1,250,12500.0,50.0,12000.0,13000.0,8.0,12500.0,20.0,43.76,2026-08-08T10:55:55.226394Z,10103.11,eod_squareoff,2513253.74,20106.03
RELIANCE_1,RELIANCE.NS,RELIANCE,SCALP_CE,SCALP_CE,2500.0,1,250,10000.0,40.0,9800.0,10500.0,8.0,10000.0,20.0,43.76,2026-08-08T10:56:34.188044Z,0.5,eod_squareoff,-9898.76,-98.99
NIFTY_SCALP_CE_20260808_105635,NIFTY,NIFTY,SCALP_CE,SCALP_CE,1000.0,1,100,1000.0,50.0,985.0,1030.0,8.5,5000.0,20.0,44.52,2026-08-08T10:56:35.906416Z,7.34,eod_squareoff,-4290.52,-85.81
RELIANCE_SCALP_CE_20260808_105635,RELIANCE,RELIANCE,SCALP_CE,SCALP_CE,1000.0,1,100,1000.0,50.0,985.0,1030.0,8.5,5000.0,20.0,44.52,2026-08-08T10:56:35.908414Z,7.34,eod_squareoff,-4290.52,-85.81
HDFCBANK_SCALP_CE_20260808_105635,HDFCBANK,HDFCBANK,SCALP_CE,SCALP_CE,1000.0,1,100,1000.0,50.0,985.0,1030.0,8.5,5000.0,20.0,44.52,2026-08-08T10:56:35.910415Z,7.34,eod_squareoff,-4290.52,-85.81
RELIANCE_1,RELIANCE.NS,RELIANCE,SCALP_CE,SCALP_CE,2500.0,1,250,12500.0,50.0,12000.0,13000.0,8.0,12500.0,20.0,43.76,2026-08-08T10:56:47.136465Z,0.5,sl_hit,-12398.76,-99.19
RELIANCE_1,RELIANCE.NS,RELIANCE,SCALP_CE,SCALP_CE,2500.0,1,250,12500.0,50.0,12000.0,13000.0,8.0,12500.0,20.0,43.76,2026-08-08T10:56:47.698763Z,10103.11,eod_squareoff,2513253.74,20106.03
INFY_CASH_SELL_20260811_100831,INFY.NS,INFY,CASH_SELL,EQUITY_CASH,0.0,1,63,1187.2,1187.2,1199.07,1169.39,1.5,74793.6,20.0,74813.6,2026-08-11T10:08:31.188115Z,,,,
TCS_CASH_SELL_20260811_100831,TCS.NS,TCS,CASH_SELL,EQUITY_CASH,0.0,1,30,2438.0,2438.0,2462.38,2401.43,1.5,73140.0,20.0,73160.0,2026-08-11T10:08:31.195009Z,,,,
MARUTI_CASH_SELL_20260811_100831,MARUTI.NS,MARUTI,CASH_SELL,EQUITY_CASH,0.0,1,5,14011.0,14011.0,14151.11,13800.83,2.5,70055.0,20.0,70075.0,2026-08-11T10:08:31.201349Z,,,,
RELIANCE_CASH_SELL_20260811_100837,RELIANCE.NS,RELIANCE,CASH_SELL,EQUITY_CASH,0.0,1,56,1320.6,1320.6,1333.81,1300.79,1.5,73953.6,20.0,73973.6,2026-08-11T10:08:37.157682Z,,,,
ICICIBANK_CASH_BUY_20260811_100837,ICICIBANK.NS,ICICIBANK,CASH_BUY,EQUITY_CASH,0.0,1,52,1426.0,1426.0,1411.74,1447.39,8.5,74152.0,20.0,74172.0,2026-08-11T10:08:37.169675Z,,,,
NIFTY_SCALP_PE_20260811_100845,^NSEI,NIFTY,SCALP_PE,SCALP_PE,24500.0,6,150,24471.7,159.06,24838.78,23737.55,7.29,23859.0,20.0,38.55,2026-08-11T10:08:45.905957Z,,,,
BANKNIFTY_SCALP_PE_20260811_100846,^NSEBANK,BANKNIFTY,SCALP_PE,SCALP_PE,57500.0,3,45,57446.25,367.07,58307.94,55722.86,6.77,16518.15,20.0,33.95,2026-08-11T10:08:46.650933Z,,,,
RELIANCE_SCALP_PE_20260811_100847,RELIANCE.NS,RELIANCE,SCALP_PE,SCALP_PE,1340.0,3,750,1320.6,20.29,1340.41,1280.98,6.93,15217.5,20.0,33.13,2026-08-11T10:08:47.476149Z,,,,
TCS_SCALP_PE_20260811_100850,TCS.NS,TCS,SCALP_PE,SCALP_PE,2500.0,1,175,2438.0,60.2,2474.57,2364.86,8.82,10535.0,20.0,30.2,2026-08-11T10:08:50.618959Z,,,,
BHARTIARTL_SCALP_PE_20260811_100852,BHARTIARTL.NS,BHARTIARTL,SCALP_PE,SCALP_PE,1940.0,1,475,1919.0,24.03,1947.78,1861.43,8.3,11414.25,20.0,30.75,2026-08-11T10:08:52.511348Z,,,,
HINDALCO_SCALP_PE_20260811_100853,HINDALCO.NS,HINDALCO,SCALP_PE,SCALP_PE,1060.0,1,1400,1052.0,10.75,1067.78,1020.44,7.36,15050.0,20.0,33.03,2026-08-11T10:08:53.477980Z,,,,
BANKNIFTY_SCALP_CE_20260811_100901,^NSEBANK,BANKNIFTY,SCALP_CE,SCALP_CE,57300.0,1,15,57446.25,494.11,56584.56,59169.64,7.65,7411.65,20.0,28.24,2026-08-11T10:09:01.496665Z,,,,
RELIANCE_SCALP_PE_20260811_100902,RELIANCE.NS,RELIANCE,SCALP_PE,SCALP_PE,1340.0,1,250,1320.6,20.29,1340.41,1280.98,8.82,5072.5,20.0,26.78,2026-08-11T10:09:02.544147Z,,,,
HDFCBANK_SCALP_PE_20260811_100903,HDFCBANK.NS,HDFCBANK,SCALP_PE,SCALP_PE,740.0,1,550,729.0,11.43,739.93,707.13,7.46,6286.5,20.0,27.54,2026-08-11T10:09:03.823597Z,,,,
ICICIBANK_SCALP_CE_20260811_100904,ICICIBANK.NS,ICICIBANK,SCALP_CE,SCALP_CE,1420.0,1,700,1426.0,13.7,1404.61,1468.78,10.0,9590.0,20.0,29.61,2026-08-11T10:09:04.785095Z,,,,
TCS_SCALP_PE_20260811_100906,TCS.NS,TCS,SCALP_PE,SCALP_PE,2500.0,1,175,2438.0,60.2,2474.57,2364.86,8.82,10535.0,20.0,30.2,2026-08-11T10:09:06.702633Z,,,,
RELIANCE_CASH_SELL_20260821_040308,RELIANCE.NS,RELIANCE,CASH_SELL,EQUITY_CASH,0.0,1,57,1309.5,1309.5,1322.6,1289.86,1.5,74641.5,20.0,74661.5,2026-08-21T04:03:08.589720Z,,,,
HDFCBANK_CASH_BUY_20260821_040308,HDFCBANK.NS,HDFCBANK,CASH_BUY,EQUITY_CASH,0.0,1,102,729.6,729.6,722.3,740.54,7.0,74419.2,20.0,74439.2,2026-08-21T04:03:08.597405Z,,,,
TCS_CASH_SELL_20260821_040308,TCS.NS,TCS,CASH_SELL,EQUITY_CASH,0.0,1,33,2266.0,2266.0,2288.66,2232.01,1.5,74778.0,20.0,74798.0,2026-08-21T04:03:08.601403Z,,,,
LT_CASH_BUY_20260821_040308,LT.NS,LT,CASH_BUY,EQUITY_CASH,0.0,1,18,4065.0,4065.0,4024.35,4125.98,7.1,73170.0,20.0,73190.0,2026-08-21T04:03:08.606402Z,,,,
AXISBANK_CASH_BUY_20260821_040308,AXISBANK.NS,AXISBANK,CASH_BUY,EQUITY_CASH,0.0,1,59,1250.3,1250.3,1237.8,1269.05,8.5,73767.7,20.0,73787.7,2026-08-21T04:03:08.613396Z,,,,
BANKNIFTY_SCALP_CE_20260821_040349,^NSEBANK,BANKNIFTY,SCALP_CE,SCALP_CE,57500.0,4,60,57551.7,420.79,56688.42,59278.25,8.85,25247.4,20.0,39.41,2026-08-21T04:03:49.669365Z,,,,
FINNIFTY_SCALP_CE_20260821_040350,NIFTY_FIN_SERVICE.NS,FINNIFTY,SCALP_CE,SCALP_CE,26200.0,4,100,26239.8,200.93,25846.2,27026.99,8.85,20093.0,20.0,36.19,2026-08-21T04:03:50.733222Z,,,,
INFY_SCALP_PE_20260821_040355,INFY.NS,INFY,SCALP_PE,SCALP_PE,1140.0,2,600,1120.0,19.88,1136.8,1086.4,6.74,11928.0,20.0,31.07,2026-08-21T04:03:55.522211Z,,,,
HDFCBANK_SCALP_CE_20260821_040356,HDFCBANK.NS,HDFCBANK,SCALP_CE,SCALP_CE,700.0,1,550,729.75,30.63,718.8,751.64,10.0,16846.5,20.0,34.15,2026-08-21T04:03:56.472747Z,,,,
AXISBANK_SCALP_CE_20260821_040359,AXISBANK.NS,AXISBANK,SCALP_CE,SCALP_CE,1240.0,1,625,1250.7,15.32,1231.94,1288.22,10.0,9575.0,20.0,29.6,2026-08-21T04:03:59.506217Z,,,,
KOTAKBANK_SCALP_CE_20260821_040400,KOTAKBANK.NS,KOTAKBANK,SCALP_CE,SCALP_CE,380.0,1,400,401.7,22.17,395.67,413.75,10.0,8868.0,20.0,29.15,2026-08-21T04:04:00.784085Z,,,,
LT_SCALP_CE_20260821_040401,LT.NS,LT,SCALP_CE,SCALP_CE,4000.0,1,150,4065.0,74.11,4004.03,4186.95,10.0,11116.5,20.0,30.56,2026-08-21T04:04:01.857068Z,,,,
ITC_SCALP_PE_20260821_040402,ITC.NS,ITC,SCALP_PE,SCALP_PE,275.0,1,1600,270.15,4.82,274.2,262.05,6.32,7712.0,20.0,28.43,2026-08-21T04:04:02.792193Z,,,,
HINDUNILVR_SCALP_PE_20260821_040403,HINDUNILVR.NS,HINDUNILVR,SCALP_PE,SCALP_PE,2050.0,1,300,2021.0,29.99,2051.31,1960.37,8.53,8997.0,20.0,29.24,2026-08-21T04:04:03.901849Z,,,,
MARUTI_SCALP_PE_20260821_040409,MARUTI.NS,MARUTI,SCALP_PE,SCALP_PE,13800.0,1,50,13748.0,103.71,13954.22,13335.56,6.0,5185.5,20.0,26.85,2026-08-21T04:04:09.122784Z,,,,
RELIANCE_CASH_SELL_20260905_084853,RELIANCE.NS,RELIANCE,CASH_SELL,EQUITY_CASH,0.0,1,56,1322.0,1322.0,1335.22,1302.17,1.5,74032.0,20.0,74052.0,2026-09-05T08:48:53.450196Z,,,,
HDFCBANK_CASH_SELL_20260905_084853,HDFCBANK.NS,HDFCBANK,CASH_SELL,EQUITY_CASH,0.0,1,105,712.1,712.1,719.22,701.42,3.0,74770.5,20.0,74790.5,2026-09-05T08:48:53.468136Z,,,,
INFY_CASH_SELL_20260905_084853,INFY.NS,INFY,CASH_SELL,EQUITY_CASH,0.0,1,66,1130.0,1130.0,1141.3,1113.05,2.9,74580.0,20.0,74600.0,2026-09-05T08:48:53.483127Z,,,,
TCS_CASH_SELL_20260905_084853,TCS.NS,TCS,CASH_SELL,EQUITY_CASH,0.0,1,32,2304.0,2304.0,2327.04,2269.44,1.5,73728.0,20.0,73748.0,2026-09-05T08:48:53.502115Z,,,,
BHARTIARTL_CASH_SELL_20260905_084853,BHARTIARTL.NS,BHARTIARTL,CASH_SELL,EQUITY_CASH,0.0,1,40,1840.0,1840.0,1858.4,1812.4,2.5,73600.0,20.0,73620.0,2026-09-05T08:48:53.532099Z,,,,
NIFTY_SCALP_PE_20260905_085026,^NSEI,NIFTY,SCALP_PE,SCALP_PE,23950.0,6,150,23897.7,151.76,24256.17,23180.77,8.34,22764.0,20.0,37.86,2026-09-05T08:50:26.838409Z,,,,
BANKNIFTY_SCALP_PE_20260905_085029,^NSEBANK,BANKNIFTY,SCALP_PE,SCALP_PE,57500.0,3,45,57369.65,366.87,58230.19,55648.56,7.82,16509.15,20.0,33.94,2026-09-05T08:50:29.398193Z,,,,
MIDCPNIFTY_SCALP_PE_20260905_085034,NIFTY_MID_SELECT.NS,MIDCPNIFTY,SCALP_PE,SCALP_PE,14750.0,3,150,14713.65,95.65,14934.35,14272.24,8.34,14347.5,20.0,32.59,2026-09-05T08:50:34.085418Z,,,,
RELIANCE_SCALP_PE_20260905_085038,RELIANCE.NS,RELIANCE,SCALP_PE,SCALP_PE,1340.0,3,750,1322.0,18.54,1341.83,1282.34,8.82,13905.0,20.0,32.31,2026-09-05T08:50:38.966970Z,,,,
INFY_SCALP_PE_20260905_085041,INFY.NS,INFY,SCALP_PE,SCALP_PE,1140.0,3,900,1130.0,11.8,1146.95,1096.1,8.82,10620.0,20.0,30.25,2026-09-05T08:50:41.336233Z,,,,
HDFCBANK_SCALP_PE_20260905_085043,HDFCBANK.NS,HDFCBANK,SCALP_PE,SCALP_PE,740.0,1,550,712.1,27.0,722.78,690.74,8.72,14850.0,20.0,32.9,2026-09-05T08:50:43.154885Z,,,,
ICICIBANK_SCALP_PE_20260905_085045,ICICIBANK.NS,ICICIBANK,SCALP_PE,SCALP_PE,1430.0,1,700,1423.2,11.11,1444.55,1380.5,7.46,7777.0,20.0,28.47,2026-09-05T08:50:45.054855Z,,,,
KOTAKBANK_SCALP_CE_20260905_085048,KOTAKBANK.NS,KOTAKBANK,SCALP_CE,SCALP_CE,400.0,1,400,424.5,25.0,418.13,437.24,10.0,10000.0,20.0,29.86,2026-09-05T08:50:48.876869Z,,,,
LT_SCALP_PE_20260905_085050,LT.NS,LT,SCALP_PE,SCALP_PE,4000.0,1,150,3964.1,41.99,4023.56,3845.18,7.46,6298.5,20.0,27.55,2026-09-05T08:50:50.285372Z,,,,
ITC_SCALP_CE_20260905_085051,ITC.NS,ITC,SCALP_CE,SCALP_CE,260.0,1,1600,264.1,4.66,260.14,272.02,8.37,7456.0,20.0,28.27,2026-09-05T08:50:51.407273Z,,,,
RELIANCE_CASH_SELL_20260905_084853,RELIANCE.NS,RELIANCE,EQUITY_CASH,EQUITY_CASH,0.0,1,56,1322.0,1322.0,1335.22,1302.17,1.5,74032.0,20.0,40.0,2026-09-05T08:48:53.445098Z,1309.5,eod_squareoff,680.0,0.92
HDFCBANK_CASH_SELL_20260905_084853,HDFCBANK.NS,HDFCBANK,EQUITY_CASH,EQUITY_CASH,0.0,1,105,712.1,712.1,719.22,701.42,3.0,74770.5,20.0,40.0,2026-09-05T08:48:53.464917Z,710.5,eod_squareoff,148.0,0.2
INFY_CASH_SELL_20260905_084853,INFY.NS,INFY,EQUITY_CASH,EQUITY_CASH,0.0,1,66,1130.0,1130.0,1141.3,1113.05,2.9,74580.0,20.0,40.0,2026-09-05T08:48:53.477133Z,1087.5,eod_squareoff,2785.0,3.73
TCS_CASH_SELL_20260905_084853,TCS.NS,TCS,EQUITY_CASH,EQUITY_CASH,0.0,1,32,2304.0,2304.0,2327.04,2269.44,1.5,73728.0,20.0,40.0,2026-09-05T08:48:53.485127Z,2270.0,eod_squareoff,1068.0,1.45
BHARTIARTL_CASH_SELL_20260905_084853,BHARTIARTL.NS,BHARTIARTL,EQUITY_CASH,EQUITY_CASH,0.0,1,40,1840.0,1840.0,1858.4,1812.4,2.5,73600.0,20.0,40.0,2026-09-05T08:48:53.516108Z,1854.0,eod_squareoff,-580.0,-0.79
NIFTY_SCALP_PE_20260905_085026,^NSEI,NIFTY,SCALP_PE,SCALP_PE,23950.0,6,150,23897.7,151.76,24256.17,23180.77,8.34,22764.0,20.0,86.37,2026-09-05T08:50:26.828406Z,227.85,eod_squareoff,11347.13,49.85
BANKNIFTY_SCALP_PE_20260905_085029,^NSEBANK,BANKNIFTY,SCALP_PE,SCALP_PE,57500.0,3,45,57369.65,366.87,58230.19,55648.56,7.82,16509.15,20.0,74.46,2026-09-05T08:50:29.271719Z,548.01,eod_squareoff,8096.84,49.04
MIDCPNIFTY_SCALP_PE_20260905_085034,NIFTY_MID_SELECT.NS,MIDCPNIFTY,SCALP_PE,SCALP_PE,14750.0,3,150,14713.65,95.65,14934.35,14272.24,8.34,14347.5,20.0,69.23,2026-09-05T08:50:34.057283Z,136.52,eod_squareoff,6081.27,42.39
RELIANCE_SCALP_PE_20260905_085038,RELIANCE.NS,RELIANCE,SCALP_PE,SCALP_PE,1340.0,3,750,1322.0,18.54,1341.83,1282.34,8.82,13905.0,20.0,71.34,2026-09-05T08:50:38.809054Z,29.56,eod_squareoff,8213.66,59.07
INFY_SCALP_PE_20260905_085041,INFY.NS,INFY,SCALP_PE,SCALP_PE,1140.0,3,900,1130.0,11.8,1146.95,1096.1,8.82,10620.0,20.0,101.14,2026-09-05T08:50:41.268181Z,51.09,eod_squareoff,35279.86,332.2
HDFCBANK_SCALP_PE_20260905_085043,HDFCBANK.NS,HDFCBANK,SCALP_PE,SCALP_PE,740.0,1,550,712.1,27.0,722.78,690.74,8.72,14850.0,20.0,63.28,2026-09-05T08:50:43.141892Z,28.6,eod_squareoff,836.72,5.63
ICICIBANK_SCALP_PE_20260905_085045,ICICIBANK.NS,ICICIBANK,SCALP_PE,SCALP_PE,1430.0,1,700,1423.2,11.11,1444.55,1380.5,7.46,7777.0,20.0,51.62,2026-09-05T08:50:45.043878Z,9.15,eod_squareoff,-1403.62,-18.05
KOTAKBANK_SCALP_CE_20260905_085048,KOTAKBANK.NS,KOTAKBANK,SCALP_CE,SCALP_CE,400.0,1,400,424.5,25.0,418.13,437.24,10.0,10000.0,20.0,54.91,2026-09-05T08:50:48.826906Z,22.6,eod_squareoff,-994.91,-9.95
LT_SCALP_PE_20260905_085050,LT.NS,LT,SCALP_PE,SCALP_PE,4000.0,1,150,3964.1,41.99,4023.56,3845.18,7.46,6298.5,20.0,49.24,2026-09-05T08:50:50.242213Z,30.07,eod_squareoff,-1817.24,-28.85
ITC_SCALP_CE_20260905_085051,ITC.NS,ITC,SCALP_CE,SCALP_CE,260.0,1,1600,264.1,4.66,260.14,272.02,8.37,7456.0,20.0,53.01,2026-09-05T08:50:51.402276Z,4.7,eod_squareoff,30.99,0.42
RELIANCE_1,RELIANCE.NS,RELIANCE,SCALP_CE,SCALP_CE,2500.0,1,250,10000.0,40.0,9800.0,10500.0,8.0,10000.0,20.0,43.76,2026-09-07T16:09:31.067786Z,0.5,eod_squareoff,-9898.76,-98.99
HDFCBANK_OPTION_CE_20260907_160937,HDFCBANK.NS,HDFCBANK,BUY_CE,OPTION_CE,1600.0,1,550,1600.0,30.0,1576.0,1648.0,8.5,16500.0,20.0,16525.0,2026-09-07T16:09:37.170473Z,,,,
NIFTY_SCALP_CE_20260907_160937,NIFTY,NIFTY,SCALP_CE,SCALP_CE,1000.0,1,100,1000.0,50.0,985.0,1030.0,8.5,5000.0,20.0,44.45,2026-09-07T16:09:37.331534Z,6.79,eod_squareoff,-4345.45,-86.91
RELIANCE_SCALP_CE_20260907_160937,RELIANCE,RELIANCE,SCALP_CE,SCALP_CE,1000.0,1,100,1000.0,50.0,985.0,1030.0,8.5,5000.0,20.0,44.45,2026-09-07T16:09:37.333377Z,6.79,eod_squareoff,-4345.45,-86.91
HDFCBANK_SCALP_CE_20260907_160937,HDFCBANK,HDFCBANK,SCALP_CE,SCALP_CE,1000.0,1,100,1000.0,50.0,985.0,1030.0,8.5,5000.0,20.0,44.45,2026-09-07T16:09:37.335393Z,6.79,eod_squareoff,-4345.45,-86.91
RELIANCE_1,RELIANCE.NS,RELIANCE,SCALP_CE,SCALP_CE,2500.0,1,250,12500.0,50.0,12000.0,13000.0,8.0,12500.0,20.0,43.76,2026-09-07T16:10:16.763913Z,0.5,sl_hit,-12398.76,-99.19
RELIANCE_1,RELIANCE.NS,RELIANCE,SCALP_CE,SCALP_CE,2500.0,1,250,12500.0,50.0,12000.0,13000.0,8.0,12500.0,20.0,43.76,2026-09-07T16:10:26.936843Z,10103.11,eod_squareoff,2513253.74,20106.03
,,NIFTY,BUY_CE,,,,,,,,,,,,,,,,,
ICICIBANK_CASH_SELL_20260908_082044,ICICIBANK.NS,ICICIBANK,CASH_SELL,EQUITY_CASH,0.0,1,60,1400.4,1400.4,1414.4,1379.39,2.9,84024.0,20.0,84044.0,2026-09-08T08:20:44.267282Z,,,,
TCS_CASH_BUY_20260908_082044,TCS.NS,TCS,CASH_BUY,EQUITY_CASH,0.0,1,37,2270.0,2270.0,2247.3,2304.05,8.5,83990.0,20.0,84010.0,2026-09-08T08:20:44.268304Z,,,,
BHARTIARTL_CASH_SELL_20260908_082044,BHARTIARTL.NS,BHARTIARTL,CASH_SELL,EQUITY_CASH,0.0,1,46,1835.2,1835.2,1853.55,1807.67,2.0,84419.2,20.0,84439.2,2026-09-08T08:20:44.269320Z,,,,
RELIANCE_CASH_SELL_20260908_082045,RELIANCE.NS,RELIANCE,CASH_SELL,EQUITY_CASH,0.0,1,66,1291.6,1291.6,1304.52,1272.23,1.5,85245.6,20.0,85265.6,2026-09-08T08:20:45.548788Z,,,,
HDFCBANK_CASH_SELL_20260908_082045,HDFCBANK.NS,HDFCBANK,CASH_SELL,EQUITY_CASH,0.0,1,121,704.2,704.2,711.24,693.64,1.5,85208.2,20.0,85228.2,2026-09-08T08:20:45.549946Z,,,,
NIFTY_SCALP_PE_20260908_082056,^NSEI,NIFTY,SCALP_PE,SCALP_PE,23700.0,7,175,23639.65,162.75,23994.24,22930.46,6.46,28481.25,20.0,41.44,2026-09-08T08:20:56.672367Z,,,,
BANKNIFTY_SCALP_PE_20260908_082056,^NSEBANK,BANKNIFTY,SCALP_PE,SCALP_PE,56900.0,4,60,56768.0,383.95,57619.52,55064.96,8.34,23037.0,20.0,38.03,2026-09-08T08:20:56.946794Z,,,,
FINNIFTY_SCALP_PE_20260908_082057,NIFTY_FIN_SERVICE.NS,FINNIFTY,SCALP_PE,SCALP_PE,25750.0,4,100,25707.95,164.63,26093.57,24936.71,8.34,16463.0,20.0,33.91,2026-09-08T08:20:57.111957Z,,,,
NIFTYNXT50_SCALP_CE_20260908_082057,^NSMIDCP,NIFTYNXT50,SCALP_CE,SCALP_CE,72700.0,2,20,72800.65,553.32,71708.64,74984.67,8.85,11066.4,20.0,30.53,2026-09-08T08:20:57.544453Z,,,,
RELIANCE_SCALP_PE_20260908_082057,RELIANCE.NS,RELIANCE,SCALP_PE,SCALP_PE,1320.0,1,250,1291.7,27.55,1311.08,1252.95,6.21,6887.5,20.0,27.91,2026-09-08T08:20:57.801820Z,,,,
TCS_SCALP_CE_20260908_082058,TCS.NS,TCS,SCALP_CE,SCALP_CE,2200.0,1,175,2269.5,72.48,2235.46,2337.59,10.0,12684.0,20.0,31.55,2026-09-08T08:20:58.062953Z,,,,
HDFCBANK_SCALP_PE_20260908_082058,HDFCBANK.NS,HDFCBANK,SCALP_PE,SCALP_PE,720.0,1,550,704.3,15.27,714.86,683.17,6.21,8398.5,20.0,28.86,2026-09-08T08:20:58.546583Z,,,,
ICICIBANK_SCALP_PE_20260908_082058,ICICIBANK.NS,ICICIBANK,SCALP_PE,SCALP_PE,1410.0,1,700,1400.2,13.32,1421.2,1358.19,8.11,9324.0,20.0,29.44,2026-09-08T08:20:58.830649Z,,,,
AXISBANK_SCALP_PE_20260908_082059,AXISBANK.NS,AXISBANK,SCALP_PE,SCALP_PE,1250.0,1,625,1242.4,11.12,1261.04,1205.13,6.21,6950.0,20.0,27.95,2026-09-08T08:20:59.274405Z,,,,
ITC_SCALP_CE_20260908_082059,ITC.NS,ITC,SCALP_CE,SCALP_CE,260.0,1,1600,265.0,5.51,261.02,272.95,10.0,8816.0,20.0,29.12,2026-09-08T08:20:59.927664Z,,,,
HINDUNILVR_SCALP_CE_20260908_082100,HINDUNILVR.NS,HINDUNILVR,SCALP_CE,SCALP_CE,1950.0,1,300,1982.4,36.77,1952.66,2041.87,10.0,11031.0,20.0,30.51,2026-09-08T08:21:00.109760Z,,,,
ICICIBANK_CASH_SELL_20260908_082044,ICICIBANK.NS,ICICIBANK,EQUITY_CASH,EQUITY_CASH,0.0,1,60,1400.4,1400.4,1414.4,1379.39,2.9,84024.0,20.0,40.0,2026-09-08T08:20:44.266620Z,1399.4,eod_squareoff,40.0,0.05
TCS_CASH_BUY_20260908_082044,TCS.NS,TCS,EQUITY_CASH,EQUITY_CASH,0.0,1,37,2270.0,2270.0,2247.3,2304.05,8.5,83990.0,20.0,40.0,2026-09-08T08:20:44.267670Z,2255.5,eod_squareoff,-556.5,-0.66
BHARTIARTL_CASH_SELL_20260908_082044,BHARTIARTL.NS,BHARTIARTL,EQUITY_CASH,EQUITY_CASH,0.0,1,46,1835.2,1835.2,1853.55,1807.67,2.0,84419.2,20.0,40.0,2026-09-08T08:20:44.268635Z,1844.0,eod_squareoff,-424.8,-0.5
RELIANCE_CASH_SELL_20260908_082045,RELIANCE.NS,RELIANCE,EQUITY_CASH,EQUITY_CASH,0.0,1,66,1291.6,1291.6,1304.52,1272.23,1.5,85245.6,20.0,40.0,2026-09-08T08:20:45.547902Z,1294.9,eod_squareoff,-237.8,-0.28
HDFCBANK_CASH_SELL_20260908_082045,HDFCBANK.NS,HDFCBANK,EQUITY_CASH,EQUITY_CASH,0.0,1,121,704.2,704.2,711.24,693.64,1.5,85208.2,20.0,40.0,2026-09-08T08:20:45.549148Z,703.0,eod_squareoff,125.2,0.15
NIFTY_SCALP_PE_20260908_082056,^NSEI,NIFTY,SCALP_PE,SCALP_PE,23700.0,7,175,23639.65,162.75,23994.24,22930.46,6.46,28481.25,20.0,79.52,2026-09-08T08:20:56.671478Z,164.04,eod_squareoff,166.23,0.58
BANKNIFTY_SCALP_PE_20260908_082056,^NSEBANK,BANKNIFTY,SCALP_PE,SCALP_PE,56900.0,4,60,56768.0,383.95,57619.52,55064.96,8.34,23037.0,20.0,71.85,2026-09-08T08:20:56.945653Z,376.22,eod_squareoff,-515.65,-2.24
FINNIFTY_SCALP_PE_20260908_082057,NIFTY_FIN_SERVICE.NS,FINNIFTY,SCALP_PE,SCALP_PE,25750.0,4,100,25707.95,164.63,26093.57,24936.71,8.34,16463.0,20.0,64.84,2026-09-08T08:20:57.111071Z,169.76,eod_squareoff,468.16,2.84
NIFTYNXT50_SCALP_CE_20260908_082057,^NSMIDCP,NIFTYNXT50,SCALP_CE,SCALP_CE,72700.0,2,20,72800.65,553.32,71708.64,74984.67,8.85,11066.4,20.0,59.68,2026-09-08T08:20:57.543343Z,642.43,eod_squareoff,1742.52,15.75
RELIANCE_SCALP_PE_20260908_082057,RELIANCE.NS,RELIANCE,SCALP_PE,SCALP_PE,1320.0,1,250,1291.7,27.55,1311.08,1252.95,6.21,6887.5,20.0,51.32,2026-09-08T08:20:57.800653Z,24.68,eod_squareoff,-748.82,-10.87
TCS_SCALP_CE_20260908_082058,TCS.NS,TCS,SCALP_CE,SCALP_CE,2200.0,1,175,2269.5,72.48,2235.46,2337.59,10.0,12684.0,20.0,56.49,2026-09-08T08:20:58.061887Z,58.88,eod_squareoff,-2416.49,-19.05
HDFCBANK_SCALP_PE_20260908_082058,HDFCBANK.NS,HDFCBANK,SCALP_PE,SCALP_PE,720.0,1,550,704.3,15.27,714.86,683.17,6.21,8398.5,20.0,54.92,2026-09-08T08:20:58.545278Z,16.45,eod_squareoff,614.08,7.31
ICICIBANK_SCALP_PE_20260908_082058,ICICIBANK.NS,ICICIBANK,SCALP_PE,SCALP_PE,1410.0,1,700,1400.2,13.32,1421.2,1358.19,8.11,9324.0,20.0,55.67,2026-09-08T08:20:58.829093Z,13.78,eod_squareoff,286.33,3.07
AXISBANK_SCALP_PE_20260908_082059,AXISBANK.NS,AXISBANK,SCALP_PE,SCALP_PE,1250.0,1,625,1242.4,11.12,1261.04,1205.13,6.21,6950.0,20.0,51.09,2026-09-08T08:20:59.273204Z,9.58,eod_squareoff,-993.59,-14.3
ITC_SCALP_CE_20260908_082059,ITC.NS,ITC,SCALP_CE,SCALP_CE,260.0,1,1600,265.0,5.51,261.02,272.95,10.0,8816.0,20.0,52.01,2026-09-08T08:20:59.926349Z,4.2,eod_squareoff,-2128.01,-24.14
HINDUNILVR_SCALP_CE_20260908_082100,HINDUNILVR.NS,HINDUNILVR,SCALP_CE,SCALP_CE,1950.0,1,300,1982.4,36.77,1952.66,2041.87,10.0,11031.0,20.0,56.6,2026-09-08T08:21:00.108366Z,34.64,eod_squareoff,-675.6,-6.12
RELIANCE_CASH_BUY_20260908_120042,RELIANCE.NS,RELIANCE,CASH_BUY,EQUITY_CASH,0.0,1,65,1294.9,1294.9,1281.95,1314.32,8.0,84168.5,20.0,84188.5,2026-09-08T12:00:42.740695Z,,,,
ICICIBANK_CASH_SELL_20260908_120042,ICICIBANK.NS,ICICIBANK,CASH_SELL,EQUITY_CASH,0.0,1,60,1399.4,1399.4,1413.39,1378.41,1.5,83964.0,20.0,83984.0,2026-09-08T12:00:42.741582Z,,,,
TCS_CASH_SELL_20260908_120042,TCS.NS,TCS,CASH_SELL,EQUITY_CASH,0.0,1,37,2255.5,2255.5,2278.05,2221.67,2.5,83453.5,20.0,83473.5,2026-09-08T12:00:42.742506Z,,,,
MARUTI_CASH_SELL_20260908_120042,MARUTI.NS,MARUTI,CASH_SELL,EQUITY_CASH,0.0,1,6,12641.0,12641.0,12767.41,12451.39,1.5,75846.0,20.0,75866.0,2026-09-08T12:00:42.743455Z,,,,
LT_CASH_SELL_20260908_120042,LT.NS,LT,CASH_SELL,EQUITY_CASH,0.0,1,21,3946.1,3946.1,3985.56,3886.91,2.5,82868.1,20.0,82888.1,2026-09-08T12:00:42.744464Z,,,,
NIFTY_SCALP_PE_20260908_120059,^NSEI,NIFTY,SCALP_PE,SCALP_PE,23700.0,7,175,23635.1,164.04,23989.63,22926.05,6.46,28707.0,20.0,41.58,2026-09-08T12:00:59.609990Z,,,,
BANKNIFTY_SCALP_PE_20260908_120059,^NSEBANK,BANKNIFTY,SCALP_PE,SCALP_PE,56900.0,4,60,56777.55,376.22,57629.21,55074.22,8.34,22573.2,20.0,37.74,2026-09-08T12:00:59.851113Z,,,,
FINNIFTY_SCALP_PE_20260908_120100,NIFTY_FIN_SERVICE.NS,FINNIFTY,SCALP_PE,SCALP_PE,25750.0,4,100,25695.55,169.76,26080.98,24924.68,8.34,16976.0,20.0,34.23,2026-09-08T12:01:00.070037Z,,,,
NIFTYNXT50_SCALP_CE_20260908_120100,^NSMIDCP,NIFTYNXT50,SCALP_CE,SCALP_CE,72900.0,3,30,72955.6,525.86,71861.27,75144.27,10.0,15775.8,20.0,33.48,2026-09-08T12:01:00.522463Z,,,,
RELIANCE_SCALP_CE_20260908_120100,RELIANCE.NS,RELIANCE,SCALP_CE,SCALP_CE,1280.0,2,500,1294.9,18.76,1275.48,1333.75,10.0,9380.0,20.0,29.48,2026-09-08T12:01:00.754901Z,,,,
HDFCBANK_SCALP_PE_20260908_120101,HDFCBANK.NS,HDFCBANK,SCALP_PE,SCALP_PE,720.0,1,550,703.0,16.45,713.54,681.91,7.46,9047.5,20.0,29.27,2026-09-08T12:01:01.603176Z,,,,
SBIN_SCALP_CE_20260908_120102,SBIN.NS,SBIN,SCALP_CE,SCALP_CE,1000.0,1,750,1008.0,11.87,992.88,1038.24,10.0,8902.5,20.0,29.18,2026-09-08T12:01:02.500507Z,,,,
KOTAKBANK_SCALP_PE_20260908_120103,KOTAKBANK.NS,KOTAKBANK,SCALP_PE,SCALP_PE,440.0,1,400,419.25,20.2,425.54,406.67,8.82,8080.0,20.0,28.66,2026-09-08T12:01:03.484908Z,,,,
ITC_SCALP_PE_20260908_120103,ITC.NS,ITC,SCALP_PE,SCALP_PE,270.0,1,1600,263.5,6.28,267.45,255.59,6.93,10048.0,20.0,29.89,2026-09-08T12:01:03.935249Z,,,,
BAJFINANCE_SCALP_PE_20260908_120105,BAJFINANCE.NS,BAJFINANCE,SCALP_PE,SCALP_PE,1200.0,1,125,1054.1,144.41,1069.91,1022.48,6.93,18051.25,20.0,34.91,2026-09-08T12:01:05.044953Z,,,,
MRF_SCALP_PE_20260908_120125,MRF.NS,MRF,SCALP_PE,SCALP_PE,128500.0,1,5,128245.0,838.47,130168.67,124397.65,9.24,4192.35,20.0,26.23,2026-09-08T12:01:25.510801Z,,,,
RELIANCE_CASH_BUY_20260908_120042,RELIANCE.NS,RELIANCE,EQUITY_CASH,EQUITY_CASH,0.0,1,65,1294.9,1294.9,1281.95,1314.32,8.0,84168.5,20.0,40.0,2026-09-08T12:00:42.739937Z,1294.9,eod_squareoff,-20.0,-0.02
ICICIBANK_CASH_SELL_20260908_120042,ICICIBANK.NS,ICICIBANK,EQUITY_CASH,EQUITY_CASH,0.0,1,60,1399.4,1399.4,1413.39,1378.41,1.5,83964.0,20.0,40.0,2026-09-08T12:00:42.741029Z,1399.4,eod_squareoff,-20.0,-0.02
TCS_CASH_SELL_20260908_120042,TCS.NS,TCS,EQUITY_CASH,EQUITY_CASH,0.0,1,37,2255.5,2255.5,2278.05,2221.67,2.5,83453.5,20.0,40.0,2026-09-08T12:00:42.741899Z,2255.5,eod_squareoff,-20.0,-0.02
MARUTI_CASH_SELL_20260908_120042,MARUTI.NS,MARUTI,EQUITY_CASH,EQUITY_CASH,0.0,1,6,12641.0,12641.0,12767.41,12451.39,1.5,75846.0,20.0,40.0,2026-09-08T12:00:42.742802Z,12641.0,eod_squareoff,-20.0,-0.03
LT_CASH_SELL_20260908_120042,LT.NS,LT,EQUITY_CASH,EQUITY_CASH,0.0,1,21,3946.1,3946.1,3985.56,3886.91,2.5,82868.1,20.0,40.0,2026-09-08T12:00:42.743754Z,3946.1,eod_squareoff,-20.0,-0.02
NIFTY_SCALP_PE_20260908_120059,^NSEI,NIFTY,SCALP_PE,SCALP_PE,23700.0,7,175,23635.1,164.04,23989.63,22926.05,6.46,28707.0,20.0,79.52,2026-09-08T12:00:59.609140Z,164.04,eod_squareoff,-59.52,-0.21
BANKNIFTY_SCALP_PE_20260908_120059,^NSEBANK,BANKNIFTY,SCALP_PE,SCALP_PE,56900.0,4,60,56777.55,376.22,57629.21,55074.22,8.34,22573.2,20.0,71.85,2026-09-08T12:00:59.850254Z,376.22,eod_squareoff,-51.85,-0.23
FINNIFTY_SCALP_PE_20260908_120100,NIFTY_FIN_SERVICE.NS,FINNIFTY,SCALP_PE,SCALP_PE,25750.0,4,100,25695.55,169.76,26080.98,24924.68,8.34,16976.0,20.0,64.84,2026-09-08T12:01:00.069154Z,169.76,eod_squareoff,-44.84,-0.26
NIFTYNXT50_SCALP_CE_20260908_120100,^NSMIDCP,NIFTYNXT50,SCALP_CE,SCALP_CE,72900.0,3,30,72955.6,525.86,71861.27,75144.27,10.0,15775.8,20.0,63.34,2026-09-08T12:01:00.521466Z,525.86,eod_squareoff,-43.34,-0.27
RELIANCE_SCALP_CE_20260908_120100,RELIANCE.NS,RELIANCE,SCALP_CE,SCALP_CE,1280.0,2,500,1294.9,18.76,1275.48,1333.75,10.0,9380.0,20.0,55.34,2026-09-08T12:01:00.753791Z,18.76,eod_squareoff,-35.34,-0.38
HDFCBANK_SCALP_PE_20260908_120101,HDFCBANK.NS,HDFCBANK,SCALP_PE,SCALP_PE,720.0,1,550,703.0,16.45,713.54,681.91,7.46,9047.5,20.0,54.92,2026-09-08T12:01:01.601973Z,16.45,eod_squareoff,-34.92,-0.39
SBIN_SCALP_CE_20260908_120102,SBIN.NS,SBIN,SCALP_CE,SCALP_CE,1000.0,1,750,1008.0,11.87,992.88,1038.24,10.0,8902.5,20.0,54.74,2026-09-08T12:01:02.499375Z,11.87,eod_squareoff,-34.74,-0.39
KOTAKBANK_SCALP_PE_20260908_120103,KOTAKBANK.NS,KOTAKBANK,SCALP_PE,SCALP_PE,440.0,1,400,419.25,20.2,425.54,406.67,8.82,8080.0,20.0,53.71,2026-09-08T12:01:03.483689Z,20.2,eod_squareoff,-33.71,-0.42
ITC_SCALP_PE_20260908_120103,ITC.NS,ITC,SCALP_PE,SCALP_PE,270.0,1,1600,263.5,6.28,267.45,255.59,6.93,10048.0,20.0,56.17,2026-09-08T12:01:03.933707Z,6.28,eod_squareoff,-36.17,-0.36
BAJFINANCE_SCALP_PE_20260908_120105,BAJFINANCE.NS,BAJFINANCE,SCALP_PE,SCALP_PE,1200.0,1,125,1054.1,144.41,1069.91,1022.48,6.93,18051.25,20.0,66.19,2026-09-08T12:01:05.043619Z,144.41,eod_squareoff,-46.19,-0.26
MRF_SCALP_PE_20260908_120125,MRF.NS,MRF,SCALP_PE,SCALP_PE,128500.0,1,5,128245.0,838.47,130168.67,124397.65,9.24,4192.35,20.0,48.85,2026-09-08T12:01:25.509434Z,838.47,eod_squareoff,-28.85,-0.69
RELIANCE_CASH_BUY_20260908_135030,RELIANCE.NS,RELIANCE,CASH_BUY,EQUITY_CASH,0.0,1,65,1294.9,1294.9,1281.95,1314.32,8.0,84168.5,20.0,84188.5,2026-09-08T13:50:30.929043Z,,,,
ICICIBANK_CASH_SELL_20260908_135030,ICICIBANK.NS,ICICIBANK,CASH_SELL,EQUITY_CASH,0.0,1,60,1399.4,1399.4,1413.39,1378.41,1.5,83964.0,20.0,83984.0,2026-09-08T13:50:30.929807Z,,,,
TCS_CASH_SELL_20260908_135030,TCS.NS,TCS,CASH_SELL,EQUITY_CASH,0.0,1,37,2255.5,2255.5,2278.05,2221.67,2.5,83453.5,20.0,83473.5,2026-09-08T13:50:30.930523Z,,,,
MARUTI_CASH_SELL_20260908_135030,MARUTI.NS,MARUTI,CASH_SELL,EQUITY_CASH,0.0,1,6,12641.0,12641.0,12767.41,12451.39,1.5,75846.0,20.0,75866.0,2026-09-08T13:50:30.931295Z,,,,
LT_CASH_SELL_20260908_135030,LT.NS,LT,CASH_SELL,EQUITY_CASH,0.0,1,21,3946.1,3946.1,3985.56,3886.91,2.5,82868.1,20.0,82888.1,2026-09-08T13:50:30.932110Z,,,,
NIFTY_SCALP_PE_20260908_135051,^NSEI,NIFTY,SCALP_PE,SCALP_PE,23700.0,7,175,23635.1,164.04,23989.63,22926.05,6.46,28707.0,20.0,41.58,2026-09-08T13:50:51.841134Z,,,,
BANKNIFTY_SCALP_PE_20260908_135052,^NSEBANK,BANKNIFTY,SCALP_PE,SCALP_PE,56900.0,4,60,56777.55,376.22,57629.21,55074.22,8.34,22573.2,20.0,37.74,2026-09-08T13:50:52.161596Z,,,,
FINNIFTY_SCALP_PE_20260908_135052,NIFTY_FIN_SERVICE.NS,FINNIFTY,SCALP_PE,SCALP_PE,25750.0,4,100,25695.55,169.76,26080.98,24924.68,8.34,16976.0,20.0,34.23,2026-09-08T13:50:52.893985Z,,,,
NIFTYNXT50_SCALP_CE_20260908_135053,^NSMIDCP,NIFTYNXT50,SCALP_CE,SCALP_CE,72900.0,3,30,72955.6,525.86,71861.27,75144.27,10.0,15775.8,20.0,33.48,2026-09-08T13:50:53.877069Z,,,,
RELIANCE_SCALP_CE_20260908_135054,RELIANCE.NS,RELIANCE,SCALP_CE,SCALP_CE,1280.0,2,500,1294.9,18.76,1275.48,1333.75,10.0,9380.0,20.0,29.48,2026-09-08T13:50:54.253599Z,,,,
HDFCBANK_SCALP_PE_20260908_135055,HDFCBANK.NS,HDFCBANK,SCALP_PE,SCALP_PE,720.0,1,550,703.0,16.45,713.54,681.91,7.46,9047.5,20.0,29.27,2026-09-08T13:50:55.376694Z,,,,
SBIN_SCALP_CE_20260908_135056,SBIN.NS,SBIN,SCALP_CE,SCALP_CE,1000.0,1,750,1008.0,11.87,992.88,1038.24,10.0,8902.5,20.0,29.18,2026-09-08T13:50:56.141376Z,,,,
KOTAKBANK_SCALP_PE_20260908_135056,KOTAKBANK.NS,KOTAKBANK,SCALP_PE,SCALP_PE,440.0,1,400,419.25,20.2,425.54,406.67,8.82,8080.0,20.0,28.66,2026-09-08T13:50:56.844327Z,,,,
ITC_SCALP_PE_20260908_135057,ITC.NS,ITC,SCALP_PE,SCALP_PE,270.0,1,1600,263.5,6.28,267.45,255.59,6.93,10048.0,20.0,29.89,2026-09-08T13:50:57.513862Z,,,,
BAJFINANCE_SCALP_PE_20260908_135058,BAJFINANCE.NS,BAJFINANCE,SCALP_PE,SCALP_PE,1200.0,1,125,1054.1,144.41,1069.91,1022.48,6.93,18051.25,20.0,34.91,2026-09-08T13:50:58.960888Z,,,,
MRF_SCALP_PE_20260908_135120,MRF.NS,MRF,SCALP_PE,SCALP_PE,128500.0,1,5,128245.0,838.47,130168.67,124397.65,9.24,4192.35,20.0,26.23,2026-09-08T13:51:20.124469Z,,,,
TCS_CASH_SELL_20260908_135030,TCS.NS,TCS,EQUITY_CASH,EQUITY_CASH,0.0,1,37,2255.5,2255.5,2278.05,2221.67,2.5,83453.5,20.0,40.0,2026-09-08T13:50:30.930029Z,2211.1,target_hit,1622.8,1.94
RELIANCE_CASH_BUY_20260909_082254,RELIANCE.NS,RELIANCE,CASH_BUY,EQUITY_CASH,0.0,1,65,1289.1,1289.1,1276.21,1308.44,8.0,83791.5,20.0,83811.5,2026-09-09T08:22:54.869162Z,,,,
RELIANCE_CASH_BUY_20260908_135030,RELIANCE.NS,RELIANCE,EQUITY_CASH,EQUITY_CASH,0.0,1,65,1294.9,1294.9,1281.95,1314.32,8.0,84168.5,20.0,40.0,2026-09-08T13:50:30.928390Z,1279.0,sl_hit,-1053.5,-1.25
ICICIBANK_CASH_SELL_20260908_135030,ICICIBANK.NS,ICICIBANK,EQUITY_CASH,EQUITY_CASH,0.0,1,60,1399.4,1399.4,1413.39,1378.41,1.5,83964.0,20.0,40.0,2026-09-08T13:50:30.929317Z,1389.1,eod_squareoff,598.0,0.71
MARUTI_CASH_SELL_20260908_135030,MARUTI.NS,MARUTI,EQUITY_CASH,EQUITY_CASH,0.0,1,6,12641.0,12641.0,12767.41,12451.39,1.5,75846.0,20.0,40.0,2026-09-08T13:50:30.930759Z,12618.0,eod_squareoff,118.0,0.16
LT_CASH_SELL_20260908_135030,LT.NS,LT,EQUITY_CASH,EQUITY_CASH,0.0,1,21,3946.1,3946.1,3985.56,3886.91,2.5,82868.1,20.0,40.0,2026-09-08T13:50:30.931526Z,3922.6,eod_squareoff,473.5,0.57
NIFTY_SCALP_PE_20260908_135051,^NSEI,NIFTY,SCALP_PE,SCALP_PE,23700.0,7,175,23635.1,164.04,23989.63,22926.05,6.46,28707.0,20.0,110.08,2026-09-08T13:50:51.840318Z,303.59,eod_squareoff,24331.17,84.76
BANKNIFTY_SCALP_PE_20260908_135052,^NSEBANK,BANKNIFTY,SCALP_PE,SCALP_PE,56900.0,4,60,56777.55,376.22,57629.21,55074.22,8.34,22573.2,20.0,96.16,2026-09-08T13:50:52.160905Z,699.95,eod_squareoff,19347.64,85.71
FINNIFTY_SCALP_PE_20260908_135052,NIFTY_FIN_SERVICE.NS,FINNIFTY,SCALP_PE,SCALP_PE,25750.0,4,100,25695.55,169.76,26080.98,24924.68,8.34,16976.0,20.0,92.6,2026-09-08T13:50:52.893249Z,391.58,eod_squareoff,22109.4,130.24
NIFTYNXT50_SCALP_CE_20260908_135053,^NSMIDCP,NIFTYNXT50,SCALP_CE,SCALP_CE,72900.0,3,30,72955.6,525.86,71861.27,75144.27,10.0,15775.8,20.0,62.47,2026-09-08T13:50:53.876096Z,502.62,eod_squareoff,-739.67,-4.69
RELIANCE_SCALP_CE_20260908_135054,RELIANCE.NS,RELIANCE,SCALP_CE,SCALP_CE,1280.0,2,500,1294.9,18.76,1275.48,1333.75,10.0,9380.0,20.0,49.08,2026-09-08T13:50:54.252753Z,8.76,eod_squareoff,-5029.08,-53.61
HDFCBANK_SCALP_PE_20260908_135055,HDFCBANK.NS,HDFCBANK,SCALP_PE,SCALP_PE,720.0,1,550,703.0,16.45,713.54,681.91,7.46,9047.5,20.0,65.63,2026-09-08T13:50:55.375829Z,32.01,eod_squareoff,8512.37,94.09
SBIN_SCALP_CE_20260908_135056,SBIN.NS,SBIN,SCALP_CE,SCALP_CE,1000.0,1,750,1008.0,11.87,992.88,1038.24,10.0,8902.5,20.0,50.66,2026-09-08T13:50:56.140243Z,7.52,eod_squareoff,-3293.16,-36.99
KOTAKBANK_SCALP_PE_20260908_135056,KOTAKBANK.NS,KOTAKBANK,SCALP_PE,SCALP_PE,440.0,1,400,419.25,20.2,425.54,406.67,8.82,8080.0,20.0,56.34,2026-09-08T13:50:56.843174Z,25.45,eod_squareoff,2063.66,25.54
ITC_SCALP_PE_20260908_135057,ITC.NS,ITC,SCALP_PE,SCALP_PE,270.0,1,1600,263.5,6.28,267.45,255.59,6.93,10048.0,20.0,61.42,2026-09-08T13:50:57.512786Z,8.9,eod_squareoff,4150.58,41.31
BAJFINANCE_SCALP_PE_20260908_135058,BAJFINANCE.NS,BAJFINANCE,SCALP_PE,SCALP_PE,1200.0,1,125,1054.1,144.41,1069.91,1022.48,6.93,18051.25,20.0,68.5,2026-09-08T13:50:58.959706Z,159.2,eod_squareoff,1800.25,9.97
MRF_SCALP_PE_20260908_135120,MRF.NS,MRF,SCALP_PE,SCALP_PE,128500.0,1,5,128245.0,838.47,130168.67,124397.65,9.24,4192.35,20.0,48.99,2026-09-08T13:51:20.123258Z,861.51,eod_squareoff,86.21,2.06
RELIANCE_CASH_BUY_20260909_082254,RELIANCE.NS,RELIANCE,EQUITY_CASH,EQUITY_CASH,0.0,1,65,1289.1,1289.1,1276.21,1308.44,8.0,83791.5,20.0,40.0,2026-09-09T08:22:54.867608Z,1279.0,eod_squareoff,-676.5,-0.81
RELIANCE_CASH_SELL_20260909_121214,RELIANCE.NS,RELIANCE,CASH_SELL,EQUITY_CASH,0.0,1,74,1279.0,1279.0,1291.79,1259.82,2.5,94646.0,20.0,94666.0,2026-09-09T12:12:14.448144Z,,,,
HDFCBANK_CASH_SELL_20260909_121214,HDFCBANK.NS,HDFCBANK,CASH_SELL,EQUITY_CASH,0.0,1,138,687.1,687.1,693.97,676.79,2.5,94819.8,20.0,94839.8,2026-09-09T12:12:14.448872Z,,,,
INFY_CASH_SELL_20260909_121214,INFY.NS,INFY,CASH_SELL,EQUITY_CASH,0.0,1,92,1035.0,1035.0,1045.35,1019.48,2.9,95220.0,20.0,95240.0,2026-09-09T12:12:14.449582Z,,,,
BHARTIARTL_CASH_SELL_20260909_121214,BHARTIARTL.NS,BHARTIARTL,CASH_SELL,EQUITY_CASH,0.0,1,52,1814.7,1814.7,1832.85,1787.48,2.5,94364.4,20.0,94384.4,2026-09-09T12:12:14.457929Z,,,,
LT_CASH_SELL_20260909_121214,LT.NS,LT,CASH_SELL,EQUITY_CASH,0.0,1,24,3922.6,3922.6,3961.83,3863.76,2.5,94142.4,20.0,94162.4,2026-09-09T12:12:14.458728Z,,,,
NIFTY_SCALP_PE_20260909_121229,^NSEI,NIFTY,SCALP_PE,SCALP_PE,23500.0,7,175,23431.5,175.55,23782.97,22728.56,6.98,30721.25,20.0,42.84,2026-09-09T12:12:29.474531Z,,,,
BANKNIFTY_SCALP_PE_20260909_121230,^NSEBANK,BANKNIFTY,SCALP_PE,SCALP_PE,56400.0,4,60,56295.55,389.9,57139.98,54606.68,6.46,23394.0,20.0,38.25,2026-09-09T12:12:30.564117Z,,,,
FINNIFTY_SCALP_PE_20260909_121230,NIFTY_FIN_SERVICE.NS,FINNIFTY,SCALP_PE,SCALP_PE,25450.0,4,100,25376.8,189.59,25757.45,24615.5,6.46,18959.0,20.0,35.48,2026-09-09T12:12:30.865371Z,,,,
NIFTYNXT50_SCALP_PE_20260909_121231,^NSMIDCP,NIFTYNXT50,SCALP_PE,SCALP_PE,73000.0,3,30,72850.2,512.16,73942.95,70664.69,7.29,15364.8,20.0,33.22,2026-09-09T12:12:31.438676Z,,,,
RELIANCE_SCALP_PE_20260909_121231,RELIANCE.NS,RELIANCE,SCALP_PE,SCALP_PE,1300.0,2,500,1279.0,21.5,1298.18,1240.63,9.24,10750.0,20.0,30.33,2026-09-09T12:12:31.759373Z,,,,
TCS_SCALP_PE_20260909_121232,TCS.NS,TCS,SCALP_PE,SCALP_PE,2250.0,1,175,2208.0,41.93,2241.12,2141.76,7.46,7337.75,20.0,28.2,2026-09-09T12:12:32.230106Z,,,,
INFY_SCALP_PE_20260909_121232,INFY.NS,INFY,SCALP_PE,SCALP_PE,1060.0,1,300,1035.0,24.37,1050.52,1003.95,8.93,7311.0,20.0,28.18,2026-09-09T12:12:32.583685Z,,,,
HDFCBANK_SCALP_PE_20260909_121232,HDFCBANK.NS,HDFCBANK,SCALP_PE,SCALP_PE,700.0,1,550,687.1,12.9,697.41,666.49,8.82,7095.0,20.0,28.04,2026-09-09T12:12:33.000901Z,,,,
ICICIBANK_SCALP_PE_20260909_121233,ICICIBANK.NS,ICICIBANK,SCALP_PE,SCALP_PE,1400.0,1,700,1389.1,14.51,1409.94,1347.43,6.93,10157.0,20.0,29.96,2026-09-09T12:12:33.397886Z,,,,
SBIN_SCALP_PE_20260909_121233,SBIN.NS,SBIN,SCALP_PE,SCALP_PE,1010.0,1,750,1000.5,11.56,1015.51,970.49,6.93,8670.0,20.0,29.03,2026-09-09T12:12:33.733552Z,,,,
AXISBANK_SCALP_PE_20260909_121234,AXISBANK.NS,AXISBANK,SCALP_PE,SCALP_PE,1250.0,1,625,1238.5,14.14,1257.08,1201.35,6.93,8837.5,20.0,29.14,2026-09-09T12:12:34.047966Z,,,,
LT_SCALP_PE_20260909_121234,LT.NS,LT,SCALP_PE,SCALP_PE,3950.0,1,150,3922.6,38.79,3981.44,3804.92,8.82,5818.5,20.0,27.24,2026-09-09T12:12:34.740507Z,,,,
MARUTI_SCALP_CE_20260909_121236,MARUTI.NS,MARUTI,SCALP_CE,SCALP_CE,12500.0,1,50,12618.0,166.36,12428.73,12996.54,8.61,8318.0,20.0,28.81,2026-09-09T12:12:36.748094Z,,,,
RELIANCE_CASH_SELL_20260909_121214,RELIANCE.NS,RELIANCE,EQUITY_CASH,EQUITY_CASH,0.0,1,74,1279.0,1279.0,1291.79,1259.82,2.5,94646.0,20.0,40.0,2026-09-09T12:12:14.447570Z,1279.0,eod_squareoff,-20.0,-0.02
HDFCBANK_CASH_SELL_20260909_121214,HDFCBANK.NS,HDFCBANK,EQUITY_CASH,EQUITY_CASH,0.0,1,138,687.1,687.1,693.97,676.79,2.5,94819.8,20.0,40.0,2026-09-09T12:12:14.448426Z,687.1,eod_squareoff,-20.0,-0.02
INFY_CASH_SELL_20260909_121214,INFY.NS,INFY,EQUITY_CASH,EQUITY_CASH,0.0,1,92,1035.0,1035.0,1045.35,1019.48,2.9,95220.0,20.0,40.0,2026-09-09T12:12:14.449109Z,1035.0,eod_squareoff,-20.0,-0.02
BHARTIARTL_CASH_SELL_20260909_121214,BHARTIARTL.NS,BHARTIARTL,EQUITY_CASH,EQUITY_CASH,0.0,1,52,1814.7,1814.7,1832.85,1787.48,2.5,94364.4,20.0,40.0,2026-09-09T12:12:14.449820Z,1814.7,eod_squareoff,-20.0,-0.02
LT_CASH_SELL_20260909_121214,LT.NS,LT,EQUITY_CASH,EQUITY_CASH,0.0,1,24,3922.6,3922.6,3961.83,3863.76,2.5,94142.4,20.0,40.0,2026-09-09T12:12:14.458172Z,3922.6,eod_squareoff,-20.0,-0.02
NIFTY_SCALP_PE_20260909_121229,^NSEI,NIFTY,SCALP_PE,SCALP_PE,23500.0,7,175,23431.5,175.55,23782.97,22728.56,6.98,30721.25,20.0,82.04,2026-09-09T12:12:29.473790Z,175.55,eod_squareoff,-62.04,-0.2
BANKNIFTY_SCALP_PE_20260909_121230,^NSEBANK,BANKNIFTY,SCALP_PE,SCALP_PE,56400.0,4,60,56295.55,389.9,57139.98,54606.68,6.46,23394.0,20.0,72.88,2026-09-09T12:12:30.563397Z,389.9,eod_squareoff,-52.88,-0.23
FINNIFTY_SCALP_PE_20260909_121230,NIFTY_FIN_SERVICE.NS,FINNIFTY,SCALP_PE,SCALP_PE,25450.0,4,100,25376.8,189.59,25757.45,24615.5,6.46,18959.0,20.0,67.33,2026-09-09T12:12:30.864675Z,189.59,eod_squareoff,-47.33,-0.25
NIFTYNXT50_SCALP_PE_20260909_121231,^NSMIDCP,NIFTYNXT50,SCALP_PE,SCALP_PE,73000.0,3,30,72850.2,512.16,73942.95,70664.69,7.29,15364.8,20.0,62.83,2026-09-09T12:12:31.437903Z,512.16,eod_squareoff,-42.83,-0.28
RELIANCE_SCALP_PE_20260909_121231,RELIANCE.NS,RELIANCE,SCALP_PE,SCALP_PE,1300.0,2,500,1279.0,21.5,1298.18,1240.63,9.24,10750.0,20.0,57.05,2026-09-09T12:12:31.758541Z,21.5,eod_squareoff,-37.05,-0.34
TCS_SCALP_PE_20260909_121232,TCS.NS,TCS,SCALP_PE,SCALP_PE,2250.0,1,175,2208.0,41.93,2241.12,2141.76,7.46,7337.75,20.0,52.78,2026-09-09T12:12:32.229316Z,41.93,eod_squareoff,-32.78,-0.45
INFY_SCALP_PE_20260909_121232,INFY.NS,INFY,SCALP_PE,SCALP_PE,1060.0,1,300,1035.0,24.37,1050.52,1003.95,8.93,7311.0,20.0,52.75,2026-09-09T12:12:32.582771Z,24.37,eod_squareoff,-32.75,-0.45
HDFCBANK_SCALP_PE_20260909_121232,HDFCBANK.NS,HDFCBANK,SCALP_PE,SCALP_PE,700.0,1,550,687.1,12.9,697.41,666.49,8.82,7095.0,20.0,52.48,2026-09-09T12:12:32.999968Z,12.9,eod_squareoff,-32.48,-0.46
ICICIBANK_SCALP_PE_20260909_121233,ICICIBANK.NS,ICICIBANK,SCALP_PE,SCALP_PE,1400.0,1,700,1389.1,14.51,1409.94,1347.43,6.93,10157.0,20.0,56.31,2026-09-09T12:12:33.396917Z,14.51,eod_squareoff,-36.31,-0.36
SBIN_SCALP_PE_20260909_121233,SBIN.NS,SBIN,SCALP_PE,SCALP_PE,1010.0,1,750,1000.5,11.56,1015.51,970.49,6.93,8670.0,20.0,54.45,2026-09-09T12:12:33.732527Z,11.56,eod_squareoff,-34.45,-0.4
AXISBANK_SCALP_PE_20260909_121234,AXISBANK.NS,AXISBANK,SCALP_PE,SCALP_PE,1250.0,1,625,1238.5,14.14,1257.08,1201.35,6.93,8837.5,20.0,54.66,2026-09-09T12:12:34.046955Z,14.14,eod_squareoff,-34.66,-0.39
LT_SCALP_PE_20260909_121234,LT.NS,LT,SCALP_PE,SCALP_PE,3950.0,1,150,3922.6,38.79,3981.44,3804.92,8.82,5818.5,20.0,50.88,2026-09-09T12:12:34.739399Z,38.79,eod_squareoff,-30.88,-0.53
MARUTI_SCALP_CE_20260909_121236,MARUTI.NS,MARUTI,SCALP_CE,SCALP_CE,12500.0,1,50,12618.0,166.36,12428.73,12996.54,8.61,8318.0,20.0,54.01,2026-09-09T12:12:36.746930Z,166.36,eod_squareoff,-34.01,-0.41
RELIANCE_CASH_SELL_20260909_135314,RELIANCE.NS,RELIANCE,CASH_SELL,EQUITY_CASH,0.0,1,74,1279.0,1279.0,1291.79,1259.82,2.5,94646.0,20.0,94666.0,2026-09-09T13:53:14.966683Z,,,,
HDFCBANK_CASH_SELL_20260909_135314,HDFCBANK.NS,HDFCBANK,CASH_SELL,EQUITY_CASH,0.0,1,138,687.1,687.1,693.97,676.79,2.5,94819.8,20.0,94839.8,2026-09-09T13:53:14.967329Z,,,,
INFY_CASH_SELL_20260909_135314,INFY.NS,INFY,CASH_SELL,EQUITY_CASH,0.0,1,92,1035.0,1035.0,1045.35,1019.48,2.9,95220.0,20.0,95240.0,2026-09-09T13:53:14.967997Z,,,,
BHARTIARTL_CASH_SELL_20260909_135314,BHARTIARTL.NS,BHARTIARTL,CASH_SELL,EQUITY_CASH,0.0,1,52,1814.7,1814.7,1832.85,1787.48,2.5,94364.4,20.0,94384.4,2026-09-09T13:53:14.968732Z,,,,
LT_CASH_SELL_20260909_135314,LT.NS,LT,CASH_SELL,EQUITY_CASH,0.0,1,24,3922.6,3922.6,3961.83,3863.76,2.5,94142.4,20.0,94162.4,2026-09-09T13:53:14.969542Z,,,,
NIFTY_SCALP_PE_20260909_135334,^NSEI,NIFTY,SCALP_PE,SCALP_PE,23500.0,7,175,23431.5,175.55,23782.97,22728.56,6.98,30721.25,20.0,42.84,2026-09-09T13:53:34.527766Z,,,,
BANKNIFTY_SCALP_PE_20260909_135334,^NSEBANK,BANKNIFTY,SCALP_PE,SCALP_PE,56400.0,4,60,56295.55,389.9,57139.98,54606.68,6.46,23394.0,20.0,38.25,2026-09-09T13:53:34.842514Z,,,,
FINNIFTY_SCALP_PE_20260909_135335,NIFTY_FIN_SERVICE.NS,FINNIFTY,SCALP_PE,SCALP_PE,25450.0,4,100,25376.8,189.59,25757.45,24615.5,6.46,18959.0,20.0,35.48,2026-09-09T13:53:35.022915Z,,,,
NIFTYNXT50_SCALP_PE_20260909_135335,^NSMIDCP,NIFTYNXT50,SCALP_PE,SCALP_PE,73000.0,3,30,72850.2,512.16,73942.95,70664.69,7.29,15364.8,20.0,33.22,2026-09-09T13:53:35.494721Z,,,,
RELIANCE_SCALP_PE_20260909_135336,RELIANCE.NS,RELIANCE,SCALP_PE,SCALP_PE,1300.0,2,500,1279.0,21.5,1298.18,1240.63,9.24,10750.0,20.0,30.33,2026-09-09T13:53:36.153352Z,,,,
TCS_SCALP_PE_20260909_135336,TCS.NS,TCS,SCALP_PE,SCALP_PE,2250.0,1,175,2208.0,41.93,2241.12,2141.76,7.46,7337.75,20.0,28.2,2026-09-09T13:53:36.837624Z,,,,
INFY_SCALP_PE_20260909_135337,INFY.NS,INFY,SCALP_PE,SCALP_PE,1060.0,1,300,1035.0,24.37,1050.52,1003.95,8.93,7311.0,20.0,28.18,2026-09-09T13:53:37.069890Z,,,,
HDFCBANK_SCALP_PE_20260909_135337,HDFCBANK.NS,HDFCBANK,SCALP_PE,SCALP_PE,700.0,1,550,687.1,12.9,697.41,666.49,8.82,7095.0,20.0,28.04,2026-09-09T13:53:37.461425Z,,,,
ICICIBANK_SCALP_PE_20260909_135337,ICICIBANK.NS,ICICIBANK,SCALP_PE,SCALP_PE,1400.0,1,700,1389.1,14.51,1409.94,1347.43,6.93,10157.0,20.0,29.96,2026-09-09T13:53:37.718801Z,,,,
SBIN_SCALP_PE_20260909_135338,SBIN.NS,SBIN,SCALP_PE,SCALP_PE,1010.0,1,750,1000.5,11.56,1015.51,970.49,6.93,8670.0,20.0,29.03,2026-09-09T13:53:38.182823Z,,,,
AXISBANK_SCALP_PE_20260909_135338,AXISBANK.NS,AXISBANK,SCALP_PE,SCALP_PE,1250.0,1,625,1238.5,14.14,1257.08,1201.35,6.93,8837.5,20.0,29.14,2026-09-09T13:53:38.553736Z,,,,
LT_SCALP_PE_20260909_135339,LT.NS,LT,SCALP_PE,SCALP_PE,3950.0,1,150,3922.6,38.79,3981.44,3804.92,8.82,5818.5,20.0,27.24,2026-09-09T13:53:39.857807Z,,,,
SUNPHARMA_SCALP_PE_20260909_135345,SUNPHARMA.NS,SUNPHARMA,SCALP_PE,SCALP_PE,1880.0,1,350,1864.9,19.79,1892.87,1808.95,9.24,6926.5,20.0,27.94,2026-09-09T13:53:45.791591Z,,,,
BHARTIARTL_CASH_SELL_20260909_135314,BHARTIARTL.NS,BHARTIARTL,EQUITY_CASH,EQUITY_CASH,0.0,1,52,1814.7,1814.7,1832.85,1787.48,2.5,94364.4,20.0,40.0,2026-09-09T13:53:14.968215Z,1843.5,sl_hit,-1517.6,-1.61
HDFCBANK_CASH_BUY_20260910_082349,HDFCBANK.NS,HDFCBANK,CASH_BUY,EQUITY_CASH,0.0,1,134,693.3,693.3,686.37,703.7,8.5,92902.2,20.0,92922.2,2026-09-10T08:23:49.128711Z,,,,
RELIANCE_CASH_SELL_20260909_135314,RELIANCE.NS,RELIANCE,EQUITY_CASH,EQUITY_CASH,0.0,1,74,1279.0,1279.0,1291.79,1259.82,2.5,94646.0,20.0,40.0,2026-09-09T13:53:14.966183Z,1274.0,eod_squareoff,350.0,0.37
HDFCBANK_CASH_SELL_20260909_135314,HDFCBANK.NS,HDFCBANK,EQUITY_CASH,EQUITY_CASH,0.0,1,138,687.1,687.1,693.97,676.79,2.5,94819.8,20.0,40.0,2026-09-09T13:53:14.966932Z,693.8,eod_squareoff,-944.6,-1.0
INFY_CASH_SELL_20260909_135314,INFY.NS,INFY,EQUITY_CASH,EQUITY_CASH,0.0,1,92,1035.0,1035.0,1045.35,1019.48,2.9,95220.0,20.0,40.0,2026-09-09T13:53:14.967547Z,1036.5,eod_squareoff,-158.0,-0.17
LT_CASH_SELL_20260909_135314,LT.NS,LT,EQUITY_CASH,EQUITY_CASH,0.0,1,24,3922.6,3922.6,3961.83,3863.76,2.5,94142.4,20.0,40.0,2026-09-09T13:53:14.969009Z,3955.0,eod_squareoff,-797.6,-0.85
NIFTY_SCALP_PE_20260909_135334,^NSEI,NIFTY,SCALP_PE,SCALP_PE,23500.0,7,175,23431.5,175.55,23782.97,22728.56,6.98,30721.25,20.0,76.17,2026-09-09T13:53:34.527154Z,148.71,eod_squareoff,-4753.17,-15.47
BANKNIFTY_SCALP_PE_20260909_135334,^NSEBANK,BANKNIFTY,SCALP_PE,SCALP_PE,56400.0,4,60,56295.55,389.9,57139.98,54606.68,6.46,23394.0,20.0,66.05,2026-09-09T13:53:34.841879Z,299.02,eod_squareoff,-5498.85,-23.51
FINNIFTY_SCALP_PE_20260909_135335,NIFTY_FIN_SERVICE.NS,FINNIFTY,SCALP_PE,SCALP_PE,25450.0,4,100,25376.8,189.59,25757.45,24615.5,6.46,18959.0,20.0,58.51,2026-09-09T13:53:35.022181Z,119.14,eod_squareoff,-7083.51,-37.36
NIFTYNXT50_SCALP_PE_20260909_135335,^NSMIDCP,NIFTYNXT50,SCALP_PE,SCALP_PE,73000.0,3,30,72850.2,512.16,73942.95,70664.69,7.29,15364.8,20.0,69.22,2026-09-09T13:53:35.493921Z,682.33,eod_squareoff,5055.88,32.91
RELIANCE_SCALP_PE_20260909_135336,RELIANCE.NS,RELIANCE,SCALP_PE,SCALP_PE,1300.0,2,500,1279.0,21.5,1298.18,1240.63,9.24,10750.0,20.0,59.64,2026-09-09T13:53:36.152414Z,25.64,eod_squareoff,2030.36,18.89
TCS_SCALP_PE_20260909_135336,TCS.NS,TCS,SCALP_PE,SCALP_PE,2250.0,1,175,2208.0,41.93,2241.12,2141.76,7.46,7337.75,20.0,53.49,2026-09-09T13:53:36.823517Z,45.16,eod_squareoff,531.76,7.25
INFY_SCALP_PE_20260909_135337,INFY.NS,INFY,SCALP_PE,SCALP_PE,1060.0,1,300,1035.0,24.37,1050.52,1003.95,8.93,7311.0,20.0,52.22,2026-09-09T13:53:37.067396Z,22.95,eod_squareoff,-458.22,-6.27
HDFCBANK_SCALP_PE_20260909_135337,HDFCBANK.NS,HDFCBANK,SCALP_PE,SCALP_PE,700.0,1,550,687.1,12.9,697.41,666.49,8.82,7095.0,20.0,48.88,2026-09-09T13:53:37.353808Z,7.67,eod_squareoff,-2905.38,-40.95
ICICIBANK_SCALP_PE_20260909_135337,ICICIBANK.NS,ICICIBANK,SCALP_PE,SCALP_PE,1400.0,1,700,1389.1,14.51,1409.94,1347.43,6.93,10157.0,20.0,58.95,2026-09-09T13:53:37.717464Z,17.52,eod_squareoff,2068.05,20.36
SBIN_SCALP_PE_20260909_135338,SBIN.NS,SBIN,SCALP_PE,SCALP_PE,1010.0,1,750,1000.5,11.56,1015.51,970.49,6.93,8670.0,20.0,49.31,2026-09-09T13:53:38.181684Z,6.08,eod_squareoff,-4139.31,-47.74
AXISBANK_SCALP_PE_20260909_135338,AXISBANK.NS,AXISBANK,SCALP_PE,SCALP_PE,1250.0,1,625,1238.5,14.14,1257.08,1201.35,6.93,8837.5,20.0,50.93,2026-09-09T13:53:38.552614Z,9.37,eod_squareoff,-3012.18,-34.08
LT_SCALP_PE_20260909_135339,LT.NS,LT,SCALP_PE,SCALP_PE,3950.0,1,150,3922.6,38.79,3981.44,3804.92,8.82,5818.5,20.0,47.53,2026-09-09T13:53:39.856493Z,20.96,eod_squareoff,-2702.03,-46.44
SUNPHARMA_SCALP_PE_20260909_135345,SUNPHARMA.NS,SUNPHARMA,SCALP_PE,SCALP_PE,1880.0,1,350,1864.9,19.79,1892.87,1808.95,9.24,6926.5,20.0,53.34,2026-09-09T13:53:45.790239Z,22.23,eod_squareoff,820.66,11.85
HDFCBANK_CASH_BUY_20260910_082349,HDFCBANK.NS,HDFCBANK,EQUITY_CASH,EQUITY_CASH,0.0,1,134,693.3,693.3,686.37,703.7,8.5,92902.2,20.0,40.0,2026-09-10T08:23:49.127677Z,693.8,eod_squareoff,47.0,0.05
RELIANCE_CASH_BUY_20260910_120558,RELIANCE.NS,RELIANCE,CASH_BUY,EQUITY_CASH,0.0,1,72,1274.0,1274.0,1261.26,1293.11,7.5,91728.0,20.0,91748.0,2026-09-10T12:05:58.664058Z,,,,
HDFCBANK_CASH_BUY_20260910_120558,HDFCBANK.NS,HDFCBANK,CASH_BUY,EQUITY_CASH,0.0,1,132,693.8,693.8,686.86,704.21,7.5,91581.6,20.0,91601.6,2026-09-10T12:05:58.665138Z,,,,
ICICIBANK_CASH_BUY_20260910_120558,ICICIBANK.NS,ICICIBANK,CASH_BUY,EQUITY_CASH,0.0,1,66,1384.5,1384.5,1370.65,1405.27,7.5,91377.0,20.0,91397.0,2026-09-10T12:05:58.666160Z,,,,
INFY_CASH_BUY_20260910_120558,INFY.NS,INFY,CASH_BUY,EQUITY_CASH,0.0,1,88,1036.5,1036.5,1026.13,1052.05,7.5,91212.0,20.0,91232.0,2026-09-10T12:05:58.667197Z,,,,
BHARTIARTL_CASH_BUY_20260910_120558,BHARTIARTL.NS,BHARTIARTL,CASH_BUY,EQUITY_CASH,0.0,1,49,1839.0,1839.0,1820.61,1866.59,8.5,90111.0,20.0,90131.0,2026-09-10T12:05:58.668277Z,,,,
FINNIFTY_SCALP_CE_20260910_120613,NIFTY_FIN_SERVICE.NS,FINNIFTY,SCALP_CE,SCALP_CE,25450.0,5,125,25520.3,221.15,25137.5,26285.91,7.16,27643.75,20.0,40.92,2026-09-10T12:06:13.148032Z,,,,
MIDCPNIFTY_SCALP_PE_20260910_120613,NIFTY_MID_SELECT.NS,MIDCPNIFTY,SCALP_PE,SCALP_PE,14550.0,5,250,14528.3,96.02,14746.22,14092.45,6.46,24005.0,20.0,38.64,2026-09-10T12:06:13.853914Z,,,,
RELIANCE_SCALP_CE_20260910_120614,RELIANCE.NS,RELIANCE,SCALP_CE,SCALP_CE,1260.0,4,1000,1274.0,18.24,1254.89,1312.22,8.61,18240.0,20.0,35.03,2026-09-10T12:06:14.769986Z,,,,
TCS_SCALP_PE_20260910_120615,TCS.NS,TCS,SCALP_PE,SCALP_PE,2250.0,2,350,2204.1,45.16,2237.16,2137.98,7.25,15806.0,20.0,33.5,2026-09-10T12:06:15.038986Z,,,,
INFY_SCALP_CE_20260910_120615,INFY.NS,INFY,SCALP_CE,SCALP_CE,1020.0,2,600,1036.5,19.0,1020.95,1067.6,10.0,11400.0,20.0,30.74,2026-09-10T12:06:15.271527Z,,,,
HDFCBANK_SCALP_CE_20260910_120615,HDFCBANK.NS,HDFCBANK,SCALP_CE,SCALP_CE,680.0,1,550,693.8,15.14,683.39,714.61,10.0,8327.0,20.0,28.82,2026-09-10T12:06:15.534077Z,,,,
ICICIBANK_SCALP_CE_20260910_120615,ICICIBANK.NS,ICICIBANK,SCALP_CE,SCALP_CE,1370.0,1,700,1384.5,19.27,1363.73,1426.04,8.61,13489.0,20.0,32.05,2026-09-10T12:06:15.785032Z,,,,
SBIN_SCALP_CE_20260910_120616,SBIN.NS,SBIN,SCALP_CE,SCALP_CE,1000.0,1,750,1009.7,13.4,994.55,1039.99,10.0,10050.0,20.0,29.9,2026-09-10T12:06:16.034081Z,,,,
KOTAKBANK_SCALP_CE_20260910_120616,KOTAKBANK.NS,KOTAKBANK,SCALP_CE,SCALP_CE,400.0,1,400,416.55,17.06,410.3,429.05,10.0,6824.0,20.0,27.87,2026-09-10T12:06:16.511678Z,,,,
LT_SCALP_CE_20260910_120616,LT.NS,LT,SCALP_CE,SCALP_CE,3900.0,1,150,3955.0,65.83,3895.67,4073.65,10.0,9874.5,20.0,29.79,2026-09-10T12:06:16.758169Z,,,,
ITC_SCALP_PE_20260910_120617,ITC.NS,ITC,SCALP_PE,SCALP_PE,265.0,1,1600,259.3,5.58,263.19,251.52,8.82,8928.0,20.0,29.19,2026-09-10T12:06:17.018727Z,,,,
RELIANCE_CASH_BUY_20260910_120558,RELIANCE.NS,RELIANCE,EQUITY_CASH,EQUITY_CASH,0.0,1,72,1274.0,1274.0,1261.26,1293.11,7.5,91728.0,20.0,40.0,2026-09-10T12:05:58.663121Z,1274.0,eod_squareoff,-20.0,-0.02
HDFCBANK_CASH_BUY_20260910_120558,HDFCBANK.NS,HDFCBANK,EQUITY_CASH,EQUITY_CASH,0.0,1,132,693.8,693.8,686.86,704.21,7.5,91581.6,20.0,40.0,2026-09-10T12:05:58.664388Z,693.8,eod_squareoff,-20.0,-0.02
ICICIBANK_CASH_BUY_20260910_120558,ICICIBANK.NS,ICICIBANK,EQUITY_CASH,EQUITY_CASH,0.0,1,66,1384.5,1384.5,1370.65,1405.27,7.5,91377.0,20.0,40.0,2026-09-10T12:05:58.665450Z,1384.5,eod_squareoff,-20.0,-0.02
INFY_CASH_BUY_20260910_120558,INFY.NS,INFY,EQUITY_CASH,EQUITY_CASH,0.0,1,88,1036.5,1036.5,1026.13,1052.05,7.5,91212.0,20.0,40.0,2026-09-10T12:05:58.666456Z,1036.5,eod_squareoff,-20.0,-0.02
BHARTIARTL_CASH_BUY_20260910_120558,BHARTIARTL.NS,BHARTIARTL,EQUITY_CASH,EQUITY_CASH,0.0,1,49,1839.0,1839.0,1820.61,1866.59,8.5,90111.0,20.0,40.0,2026-09-10T12:05:58.667493Z,1839.0,eod_squareoff,-20.0,-0.02
FINNIFTY_SCALP_CE_20260910_120613,NIFTY_FIN_SERVICE.NS,FINNIFTY,SCALP_CE,SCALP_CE,25450.0,5,125,25520.3,221.15,25137.5,26285.91,7.16,27643.75,20.0,78.19,2026-09-10T12:06:13.147208Z,221.15,eod_squareoff,-58.19,-0.21
MIDCPNIFTY_SCALP_PE_20260910_120613,NIFTY_MID_SELECT.NS,MIDCPNIFTY,SCALP_PE,SCALP_PE,14550.0,5,250,14528.3,96.02,14746.22,14092.45,6.46,24005.0,20.0,73.64,2026-09-10T12:06:13.852848Z,96.02,eod_squareoff,-53.64,-0.22
RELIANCE_SCALP_CE_20260910_120614,RELIANCE.NS,RELIANCE,SCALP_CE,SCALP_CE,1260.0,4,1000,1274.0,18.24,1254.89,1312.22,8.61,18240.0,20.0,66.43,2026-09-10T12:06:14.769056Z,18.24,eod_squareoff,-46.43,-0.25
TCS_SCALP_PE_20260910_120615,TCS.NS,TCS,SCALP_PE,SCALP_PE,2250.0,2,350,2204.1,45.16,2237.16,2137.98,7.25,15806.0,20.0,63.38,2026-09-10T12:06:15.037802Z,45.16,eod_squareoff,-43.38,-0.27
INFY_SCALP_CE_20260910_120615,INFY.NS,INFY,SCALP_CE,SCALP_CE,1020.0,2,600,1036.5,19.0,1020.95,1067.6,10.0,11400.0,20.0,57.87,2026-09-10T12:06:15.270422Z,19.0,eod_squareoff,-37.87,-0.33
HDFCBANK_SCALP_CE_20260910_120615,HDFCBANK.NS,HDFCBANK,SCALP_CE,SCALP_CE,680.0,1,550,693.8,15.14,683.39,714.61,10.0,8327.0,20.0,54.02,2026-09-10T12:06:15.532937Z,15.14,eod_squareoff,-34.02,-0.41
ICICIBANK_SCALP_CE_20260910_120615,ICICIBANK.NS,ICICIBANK,SCALP_CE,SCALP_CE,1370.0,1,700,1384.5,19.27,1363.73,1426.04,8.61,13489.0,20.0,60.48,2026-09-10T12:06:15.783765Z,19.27,eod_squareoff,-40.48,-0.3
SBIN_SCALP_CE_20260910_120616,SBIN.NS,SBIN,SCALP_CE,SCALP_CE,1000.0,1,750,1009.7,13.4,994.55,1039.99,10.0,10050.0,20.0,56.18,2026-09-10T12:06:16.032616Z,13.4,eod_squareoff,-36.18,-0.36
KOTAKBANK_SCALP_CE_20260910_120616,KOTAKBANK.NS,KOTAKBANK,SCALP_CE,SCALP_CE,400.0,1,400,416.55,17.06,410.3,429.05,10.0,6824.0,20.0,52.14,2026-09-10T12:06:16.510259Z,17.06,eod_squareoff,-32.14,-0.47
LT_SCALP_CE_20260910_120616,LT.NS,LT,SCALP_CE,SCALP_CE,3900.0,1,150,3955.0,65.83,3895.67,4073.65,10.0,9874.5,20.0,55.96,2026-09-10T12:06:16.756689Z,65.83,eod_squareoff,-35.96,-0.36
ITC_SCALP_PE_20260910_120617,ITC.NS,ITC,SCALP_PE,SCALP_PE,265.0,1,1600,259.3,5.58,263.19,251.52,8.82,8928.0,20.0,54.77,2026-09-10T12:06:17.017310Z,5.58,eod_squareoff,-34.77,-0.39
RELIANCE_CASH_BUY_20260910_134738,RELIANCE.NS,RELIANCE,CASH_BUY,EQUITY_CASH,0.0,1,71,1274.0,1274.0,1261.26,1293.11,7.5,90454.0,20.0,90474.0,2026-09-10T13:47:38.677779Z,,,,
HDFCBANK_CASH_BUY_20260910_134738,HDFCBANK.NS,HDFCBANK,CASH_BUY,EQUITY_CASH,0.0,1,132,693.8,693.8,686.86,704.21,7.5,91581.6,20.0,91601.6,2026-09-10T13:47:38.763356Z,,,,
ICICIBANK_CASH_BUY_20260910_134738,ICICIBANK.NS,ICICIBANK,CASH_BUY,EQUITY_CASH,0.0,1,66,1384.5,1384.5,1370.65,1405.27,7.5,91377.0,20.0,91397.0,2026-09-10T13:47:38.763963Z,,,,
INFY_CASH_BUY_20260910_134738,INFY.NS,INFY,CASH_BUY,EQUITY_CASH,0.0,1,88,1036.5,1036.5,1026.13,1052.05,7.5,91212.0,20.0,91232.0,2026-09-10T13:47:38.764454Z,,,,
BHARTIARTL_CASH_BUY_20260910_134738,BHARTIARTL.NS,BHARTIARTL,CASH_BUY,EQUITY_CASH,0.0,1,49,1839.0,1839.0,1820.61,1866.59,8.5,90111.0,20.0,90131.0,2026-09-10T13:47:38.764975Z,,,,
FINNIFTY_SCALP_CE_20260910_134758,NIFTY_FIN_SERVICE.NS,FINNIFTY,SCALP_CE,SCALP_CE,25450.0,5,125,25520.3,221.15,25137.5,26285.91,7.16,27643.75,20.0,40.92,2026-09-10T13:47:58.454797Z,,,,
MIDCPNIFTY_SCALP_PE_20260910_134758,NIFTY_MID_SELECT.NS,MIDCPNIFTY,SCALP_PE,SCALP_PE,14550.0,5,250,14528.3,96.02,14746.22,14092.45,6.46,24005.0,20.0,38.64,2026-09-10T13:47:58.834897Z,,,,
RELIANCE_SCALP_CE_20260910_134759,RELIANCE.NS,RELIANCE,SCALP_CE,SCALP_CE,1260.0,4,1000,1274.0,18.24,1254.89,1312.22,8.61,18240.0,20.0,35.03,2026-09-10T13:47:59.439500Z,,,,
TCS_SCALP_PE_20260910_134759,TCS.NS,TCS,SCALP_PE,SCALP_PE,2250.0,2,350,2204.1,45.16,2237.16,2137.98,7.25,15806.0,20.0,33.5,2026-09-10T13:47:59.782354Z,,,,
INFY_SCALP_CE_20260910_134800,INFY.NS,INFY,SCALP_CE,SCALP_CE,1020.0,2,600,1036.5,19.0,1020.95,1067.6,10.0,11400.0,20.0,30.74,2026-09-10T13:48:00.177234Z,,,,
HDFCBANK_SCALP_CE_20260910_134800,HDFCBANK.NS,HDFCBANK,SCALP_CE,SCALP_CE,680.0,1,550,693.8,15.14,683.39,714.61,10.0,8327.0,20.0,28.82,2026-09-10T13:48:00.531775Z,,,,
ICICIBANK_SCALP_CE_20260910_134800,ICICIBANK.NS,ICICIBANK,SCALP_CE,SCALP_CE,1370.0,1,700,1384.5,19.27,1363.73,1426.04,8.61,13489.0,20.0,32.05,2026-09-10T13:48:00.924879Z,,,,
SBIN_SCALP_CE_20260910_134801,SBIN.NS,SBIN,SCALP_CE,SCALP_CE,1000.0,1,750,1009.7,13.4,994.55,1039.99,10.0,10050.0,20.0,29.9,2026-09-10T13:48:01.283551Z,,,,
KOTAKBANK_SCALP_CE_20260910_134801,KOTAKBANK.NS,KOTAKBANK,SCALP_CE,SCALP_CE,400.0,1,400,414.25,14.78,408.04,426.68,10.0,5912.0,20.0,27.3,2026-09-10T13:48:01.938959Z,,,,
LT_SCALP_CE_20260910_134802,LT.NS,LT,SCALP_CE,SCALP_CE,3900.0,1,150,3955.0,65.83,3895.67,4073.65,10.0,9874.5,20.0,29.79,2026-09-10T13:48:02.255142Z,,,,
ITC_SCALP_PE_20260910_134802,ITC.NS,ITC,SCALP_PE,SCALP_PE,265.0,1,1600,259.3,5.58,263.19,251.52,8.82,8928.0,20.0,29.19,2026-09-10T13:48:02.558910Z,,,,
RELIANCE_CASH_BUY_20260910_134738,RELIANCE.NS,RELIANCE,EQUITY_CASH,EQUITY_CASH,0.0,1,71,1274.0,1274.0,1261.26,1293.11,7.5,90454.0,20.0,40.0,2026-09-10T13:47:38.677308Z,1255.7,sl_hit,-1319.3,-1.46
HDFCBANK_CASH_BUY_20260911_081824,HDFCBANK.NS,HDFCBANK,CASH_BUY,EQUITY_CASH,0.0,1,131,693.6,693.6,686.66,704.0,7.5,90861.6,20.0,90881.6,2026-09-11T08:18:24.333892Z,,,,
HDFCBANK_CASH_BUY_20260910_134738,HDFCBANK.NS,HDFCBANK,EQUITY_CASH,EQUITY_CASH,0.0,1,132,693.8,693.8,686.86,704.21,7.5,91581.6,20.0,40.0,2026-09-10T13:47:38.677963Z,708.25,target_hit,1887.4,2.06
HDFCBANK_CASH_BUY_20260911_081824,HDFCBANK.NS,HDFCBANK,EQUITY_CASH,EQUITY_CASH,0.0,1,131,693.6,693.6,686.66,704.0,7.5,90861.6,20.0,40.0,2026-09-11T08:18:24.332384Z,708.25,target_hit,1899.15,2.09
ICICIBANK_CASH_BUY_20260910_134738,ICICIBANK.NS,ICICIBANK,EQUITY_CASH,EQUITY_CASH,0.0,1,66,1384.5,1384.5,1370.65,1405.27,7.5,91377.0,20.0,40.0,2026-09-10T13:47:38.763614Z,1379.3,eod_squareoff,-363.2,-0.4
INFY_CASH_BUY_20260910_134738,INFY.NS,INFY,EQUITY_CASH,EQUITY_CASH,0.0,1,88,1036.5,1036.5,1026.13,1052.05,7.5,91212.0,20.0,40.0,2026-09-10T13:47:38.764124Z,1037.7,eod_squareoff,85.6,0.09
BHARTIARTL_CASH_BUY_20260910_134738,BHARTIARTL.NS,BHARTIARTL,EQUITY_CASH,EQUITY_CASH,0.0,1,49,1839.0,1839.0,1820.61,1866.59,8.5,90111.0,20.0,40.0,2026-09-10T13:47:38.764605Z,1831.1,eod_squareoff,-407.1,-0.45
FINNIFTY_SCALP_CE_20260910_134758,NIFTY_FIN_SERVICE.NS,FINNIFTY,SCALP_CE,SCALP_CE,25450.0,5,125,25520.3,221.15,25137.5,26285.91,7.16,27643.75,20.0,81.66,2026-09-10T13:47:58.454220Z,243.31,eod_squareoff,2708.34,9.8
MIDCPNIFTY_SCALP_PE_20260910_134758,NIFTY_MID_SELECT.NS,MIDCPNIFTY,SCALP_PE,SCALP_PE,14550.0,5,250,14528.3,96.02,14746.22,14092.45,6.46,24005.0,20.0,66.84,2026-09-10T13:47:58.834184Z,74.3,eod_squareoff,-5476.84,-22.82
RELIANCE_SCALP_CE_20260910_134759,RELIANCE.NS,RELIANCE,SCALP_CE,SCALP_CE,1260.0,4,1000,1274.0,18.24,1254.89,1312.22,8.61,18240.0,20.0,53.67,2026-09-10T13:47:59.438901Z,8.05,eod_squareoff,-10223.67,-56.05
TCS_SCALP_PE_20260910_134759,TCS.NS,TCS,SCALP_PE,SCALP_PE,2250.0,2,350,2204.1,45.16,2237.16,2137.98,7.25,15806.0,20.0,64.79,2026-09-10T13:47:59.781539Z,48.38,eod_squareoff,1082.21,6.85
INFY_SCALP_CE_20260910_134800,INFY.NS,INFY,SCALP_CE,SCALP_CE,1020.0,2,600,1036.5,19.0,1020.95,1067.6,10.0,11400.0,20.0,58.76,2026-09-10T13:48:00.176660Z,20.19,eod_squareoff,675.24,5.92
HDFCBANK_SCALP_CE_20260910_134800,HDFCBANK.NS,HDFCBANK,SCALP_CE,SCALP_CE,680.0,1,550,693.8,15.14,683.39,714.61,10.0,8327.0,20.0,63.64,2026-09-10T13:48:00.531033Z,29.12,eod_squareoff,7645.36,91.81
ICICIBANK_SCALP_CE_20260910_134800,ICICIBANK.NS,ICICIBANK,SCALP_CE,SCALP_CE,1370.0,1,700,1384.5,19.27,1363.73,1426.04,8.61,13489.0,20.0,57.45,2026-09-10T13:48:00.924210Z,15.81,eod_squareoff,-2459.45,-18.23
SBIN_SCALP_CE_20260910_134801,SBIN.NS,SBIN,SCALP_CE,SCALP_CE,1000.0,1,750,1009.7,13.4,994.55,1039.99,10.0,10050.0,20.0,48.6,2026-09-10T13:48:01.282851Z,5.33,eod_squareoff,-6081.1,-60.51
KOTAKBANK_SCALP_CE_20260910_134801,KOTAKBANK.NS,KOTAKBANK,SCALP_CE,SCALP_CE,400.0,1,400,414.25,14.78,408.04,426.68,10.0,5912.0,20.0,53.36,2026-09-10T13:48:01.938227Z,19.5,eod_squareoff,1854.64,31.37
LT_SCALP_CE_20260910_134802,LT.NS,LT,SCALP_CE,SCALP_CE,3900.0,1,150,3955.0,65.83,3895.67,4073.65,10.0,9874.5,20.0,52.6,2026-09-10T13:48:02.254285Z,47.96,eod_squareoff,-2713.1,-27.48
ITC_SCALP_PE_20260910_134802,ITC.NS,ITC,SCALP_PE,SCALP_PE,265.0,1,1600,259.3,5.58,263.19,251.52,8.82,8928.0,20.0,53.87,2026-09-10T13:48:02.558137Z,5.13,eod_squareoff,-753.87,-8.44
RELIANCE_CASH_SELL_20260911_120410,RELIANCE.NS,RELIANCE,CASH_SELL,EQUITY_CASH,0.0,1,71,1257.5,1257.5,1270.08,1238.64,2.5,89282.5,20.0,89302.5,2026-09-11T12:04:10.569036Z,,,,
HDFCBANK_CASH_BUY_20260911_120410,HDFCBANK.NS,HDFCBANK,CASH_BUY,EQUITY_CASH,0.0,1,126,708.25,708.25,701.17,718.87,8.5,89239.5,20.0,89259.5,2026-09-11T12:04:10.570015Z,,,,
INFY_CASH_SELL_20260911_120410,INFY.NS,INFY,CASH_SELL,EQUITY_CASH,0.0,1,86,1037.7,1037.7,1048.08,1022.13,1.5,89242.2,20.0,89262.2,2026-09-11T12:04:10.571022Z,,,,
TCS_CASH_SELL_20260911_120410,TCS.NS,TCS,CASH_SELL,EQUITY_CASH,0.0,1,40,2200.8,2200.8,2222.81,2167.79,3.0,88032.0,20.0,88052.0,2026-09-11T12:04:10.572070Z,,,,
RELIANCE_CASH_SELL_20260911_120411,RELIANCE.NS,RELIANCE,CASH_SELL,EQUITY_CASH,0.0,1,71,1257.5,1257.5,1270.08,1238.64,3.0,89282.5,20.0,89302.5,2026-09-11T12:04:11.680566Z,,,,
NIFTY_SCALP_CE_20260911_120426,^NSEI,NIFTY,SCALP_CE,SCALP_CE,23350.0,6,150,23398.1,199.58,23047.13,24100.04,8.85,29937.0,20.0,42.35,2026-09-11T12:04:26.395144Z,,,,
BANKNIFTY_SCALP_CE_20260911_120426,^NSEBANK,BANKNIFTY,SCALP_CE,SCALP_CE,56500.0,3,45,56606.55,477.23,55757.45,58304.75,8.85,21475.35,20.0,37.05,2026-09-11T12:04:26.689340Z,,,,
FINNIFTY_SCALP_CE_20260911_120426,NIFTY_FIN_SERVICE.NS,FINNIFTY,SCALP_CE,SCALP_CE,25500.0,3,75,25545.4,213.84,25162.22,26311.76,8.85,16038.0,20.0,33.65,2026-09-11T12:04:26.927032Z,,,,
MIDCPNIFTY_SCALP_CE_20260911_120427,NIFTY_MID_SELECT.NS,MIDCPNIFTY,SCALP_CE,SCALP_CE,14550.0,2,100,14584.7,127.13,14365.93,15022.24,8.85,12713.0,20.0,31.56,2026-09-11T12:04:27.170229Z,,,,
NIFTYNXT50_SCALP_CE_20260911_120427,^NSMIDCP,NIFTYNXT50,SCALP_CE,SCALP_CE,72000.0,2,20,72079.5,576.21,70998.31,74241.88,8.85,11524.2,20.0,30.82,2026-09-11T12:04:27.892048Z,,,,
RELIANCE_SCALP_PE_20260911_120428,RELIANCE.NS,RELIANCE,SCALP_PE,SCALP_PE,1280.0,2,500,1257.5,22.79,1276.36,1219.77,8.82,11395.0,20.0,30.74,2026-09-11T12:04:28.117074Z,,,,
INFY_SCALP_PE_20260911_120428,INFY.NS,INFY,SCALP_PE,SCALP_PE,1060.0,1,300,1037.7,22.02,1053.27,1006.57,8.82,6606.0,20.0,27.74,2026-09-11T12:04:28.661279Z,,,,
HDFCBANK_SCALP_CE_20260911_120428,HDFCBANK.NS,HDFCBANK,SCALP_CE,SCALP_CE,680.0,1,550,708.25,29.12,697.63,729.5,10.0,16016.0,20.0,33.63,2026-09-11T12:04:28.926525Z,,,,
KOTAKBANK_SCALP_CE_20260911_120430,KOTAKBANK.NS,KOTAKBANK,SCALP_CE,SCALP_CE,400.0,1,400,419.0,19.5,412.71,431.57,10.0,7800.0,20.0,28.49,2026-09-11T12:04:30.979708Z,,,,
ITC_SCALP_PE_20260911_120431,ITC.NS,ITC,SCALP_PE,SCALP_PE,265.0,1,1600,259.85,5.13,263.75,252.05,8.3,8208.0,20.0,28.74,2026-09-11T12:04:31.550005Z,,,,
BAJAJFINSV_SCALP_CE_20260911_120432,BAJAJFINSV.NS,BAJAJFINSV,SCALP_CE,SCALP_CE,1900.0,1,500,1913.5,22.35,1884.8,1970.9,10.0,11175.0,20.0,30.6,2026-09-11T12:04:32.791036Z,,,,
